Item name,Variations,Option set 1,Option 1,Option set 2,Option 2,Option set 3,Option 3,Option set 4,Option 4,Is variation visible? (Yes/No),Price,Cost price,Variable price? (Yes/No),Tax rate (%),On sale in Online Store?,Regular price (before sale),Set up different prices and VAT for takeaway,Takeaway price,Takeaway tax rate,Unit,Track inventory? (Yes/No),Quantity,Low stock threshold,SKU,Barcode,Modifiers,Description (Online Store and Invoices only),Category,Display item at Checkout? (Yes/No),Display colour in POS checkout,Image 1,Image 2,Image 3,Image 4,Image 5,Image 6,Image 7,Display item in Online Store? (Yes/No),SEO title (Online Store only),SEO description (Online Store only),Shipping weight [kg] (Online Store only),Display service in Bookings? (Yes/No),Duration [minutes] (Bookings only),Location [business/customer] (Bookings only),Item id (Do not change),Variant id (Do not change)
Enduit monocouche blanc PRB 25 kg – Réf. 68185516,,,,,,,,,,Yes,0.00,,No,,No,,,,,,No,,,LM-68185516,,,À fournir par le client - Leroy Merlin - Réf. 68185516,Fournitures client - Peinture / Enduit,Yes,,https://media.adeo.com/media/880526/media.jpg?auto=webp&fit=bounds&format=jpg&optimize=high&quality=100&width=4000,,,,,,,No,,,,No,,,,
Primaire d'accrochage intérieur/extérieur AXTON 4 L – Réf. 88296306,,,,,,,,,,Yes,0.00,,No,,No,,,,,,No,,,LM-88296306,,,À fournir par le client - Leroy Merlin - Réf. 88296306,Fournitures client - Autres,Yes,,https://media.adeo.com/media/1664922/media.png?fit=bounds&format=jpg&height=1000&quality=80&width=1000,,,,,,,No,,,,No,,,,
Primaire d'accrochage AXTON 4 L 30 m² – Réf. 80129158,,,,,,,,,,Yes,0.00,,No,,No,,,,,,No,,,LM-80129158,,,À fournir par le client - Leroy Merlin - Réf. 80129158,Fournitures client - Autres,Yes,,https://media.adeo.com/marketplace/LMFR/80129158/00000000000080129158_01c_FR_CF.avif,,,,,,,No,,,,No,,,,
Ragréage fibré intérieur/extérieur AXTON 25 kg – Réf. 91988857,,,,,,,,,,Yes,0.00,,No,,No,,,,,,No,,,LM-91988857,,,À fournir par le client - Leroy Merlin - Réf. 91988857,Fournitures client - Maçonnerie,Yes,,https://media.adeo.com/marketplace/LMFR/91988857/00000000000091988857_01c_FR_CF.avif,,,,,,,No,,,,No,,,,
Ragréage sol autolissant fibré AXTON 25 kg – Réf. 82620216,,,,,,,,,,Yes,0.00,,No,,No,,,,,,No,,,LM-82620216,,,À fournir par le client - Leroy Merlin - Réf. 82620216,Fournitures client - Maçonnerie,Yes,,https://media.adeo.com/marketplace/LMFR/82620216/00000000000082620216_01c_FR_CF.avif,,,,,,,No,,,,No,,,,
Ragréage sol autolissant AXTON 25 kg – Réf. 82620217,,,,,,,,,,Yes,0.00,,No,,No,,,,,,No,,,LM-82620217,,,À fournir par le client - Leroy Merlin - Réf. 82620217,Fournitures client - Maçonnerie,Yes,,https://media.adeo.com/marketplace/LMFR/82620217/00000000000082620217_01c_FR_CF.avif,,,,,,,No,,,,No,,,,
Colle carrelage FLEX tous formats AXTON blanche 25 kg – Réf. 91988855,,,,,,,,,,Yes,0.00,,No,,No,,,,,,No,,,LM-91988855,,,À fournir par le client - Leroy Merlin - Réf. 91988855,Fournitures client - Carrelage,Yes,,https://media.adeo.com/media/3373194/media.png?width=640,,,,,,,No,,,,No,,,,
Mortier colle flexible AXTON gris 25 kg – Réf. 67440800,,,,,,,,,,Yes,0.00,,No,,No,,,,,,No,,,LM-67440800,,,À fournir par le client - Leroy Merlin - Réf. 67440800,Fournitures client - Maçonnerie,Yes,,https://media.adeo.com/media/914774/media.jpg,,,,,,,No,,,,No,,,,
Mortier colle AXTON Flex blanc 25 kg - rendement 5 m² – Réf. 80129018,,,,,,,,,,Yes,0.00,,No,,No,,,,,,No,,,LM-80129018,,,À fournir par le client - Leroy Merlin - Réf. 80129018,Fournitures client - Maçonnerie,Yes,,https://media.adeo.com/marketplace/LMFR/80129018/00000000000080129018_01c_FR_CF.avif,,,,,,,No,,,,No,,,,
Joint carrelage/mosaïque AXTON gris 5 kg – Réf. 80129330,,,,,,,,,,Yes,0.00,,No,,No,,,,,,No,,,LM-80129330,,,À fournir par le client - Leroy Merlin - Réf. 80129330,Fournitures client - Carrelage,Yes,,https://media.adeo.com/marketplace/LMFR/80129330/00000000000080129330_01c_FR_CF.avif,,,,,,,No,,,,No,,,,
Joint tous types carrelage/mosaïque AXTON blanc 5 kg – Réf. 91952412,,,,,,,,,,Yes,0.00,,No,,No,,,,,,No,,,LM-91952412,,,À fournir par le client - Leroy Merlin - Réf. 91952412,Fournitures client - Carrelage,Yes,,https://media.adeo.com/marketplace/LMFR/91952412/00000000000091952412_01c_FR_CF.avif,,,,,,,No,,,,No,,,,
Joint tous types carrelage/mosaïque AXTON beige 5 kg – Réf. 91952413,,,,,,,,,,Yes,0.00,,No,,No,,,,,,No,,,LM-91952413,,,À fournir par le client - Leroy Merlin - Réf. 91952413,Fournitures client - Carrelage,Yes,,https://media.adeo.com/marketplace/LMFR/91952413/00000000000091952413_01c_FR_CF.avif,,,,,,,No,,,,No,,,,
Joint tous types carrelage/mosaïque AXTON noir 5 kg – Réf. 91952437,,,,,,,,,,Yes,0.00,,No,,No,,,,,,No,,,LM-91952437,,,À fournir par le client - Leroy Merlin - Réf. 91952437,Fournitures client - Carrelage,Yes,,https://media.adeo.com/marketplace/LMFR/91952437/00000000000091952437_01c_FR_CF.avif,,,,,,,No,,,,No,,,,
Joint carrelage poudre AXTON gris clair 5 kg – Réf. 88319690,,,,,,,,,,Yes,0.00,,No,,No,,,,,,No,,,LM-88319690,,,À fournir par le client - Leroy Merlin - Réf. 88319690,Fournitures client - Carrelage,Yes,,https://media.adeo.com/marketplace/LMFR/88319690/00000000000088319690_01c_FR_CF.avif,,,,,,,No,,,,No,,,,
Silicone cuisine et bain AXTON transparent 280 ml – Réf. 82371622,,,,,,,,,,Yes,0.00,,No,,No,,,,,,No,,,LM-82371622,,,À fournir par le client - Leroy Merlin - Réf. 82371622,Fournitures client - Autres,Yes,,https://media.adeo.com/marketplace/LMFR/82371622/00000000000082371622_01c_FR_CF.avif,,,,,,,No,,,,No,,,,
Silicone cuisine et bain AXTON blanc 310 ml – Réf. 69999020,,,,,,,,,,Yes,0.00,,No,,No,,,,,,No,,,LM-69999020,,,À fournir par le client - Leroy Merlin - Réf. 69999020,Fournitures client - Autres,Yes,,https://media.adeo.com/marketplace/LMFR/69999020/00000000000069999020_01c_FR_CF.avif,,,,,,,No,,,,No,,,,
Ciment gris CE 35 kg – Réf. 75598306,,,,,,,,,,Yes,0.00,,No,,No,,,,,,No,,,LM-75598306,,,À fournir par le client - Leroy Merlin - Réf. 75598306,Fournitures client - Maçonnerie,Yes,,https://media.adeo.com/marketplace/LMFR/75598306/00000000000075598306_01c_FR_CF.avif,,,,,,,No,,,,No,,,,
Ciment gris professionnel NF CEM II 42.5 CCB 35 kg – Réf. 88802142,,,,,,,,,,Yes,0.00,,No,,No,,,,,,No,,,LM-88802142,,,À fournir par le client - Leroy Merlin - Réf. 88802142,Fournitures client - Maçonnerie,Yes,,https://media.adeo.com/marketplace/LMFR/88802142/00000000000088802142_01c_FR_CF.avif,,,,,,,No,,,,No,,,,
Ciment gris PRO NF CEM II 32.5 35 kg – Réf. 80136218,,,,,,,,,,Yes,0.00,,No,,No,,,,,,No,,,LM-80136218,,,À fournir par le client - Leroy Merlin - Réf. 80136218,Fournitures client - Maçonnerie,Yes,,https://media.adeo.com/marketplace/LMFR/80136218/00000000000080136218_01c_FR_CF.avif,,,,,,,No,,,,No,,,,
Ciment gris à maçonner CE 35 kg – Réf. 75498150,,,,,,,,,,Yes,0.00,,No,,No,,,,,,No,,,LM-75498150,,,À fournir par le client - Leroy Merlin - Réf. 75498150,Fournitures client - Maçonnerie,Yes,,https://media.adeo.com/marketplace/LMFR/75498150/00000000000075498150_01c_FR_CF.avif,,,,,,,No,,,,No,,,,
Ciment gris Solucem CIMALIT NF CEM II 32.5 35 kg – Réf. 80152849,,,,,,,,,,Yes,0.00,,No,,No,,,,,,No,,,LM-80152849,,,À fournir par le client - Leroy Merlin - Réf. 80152849,Fournitures client - Maçonnerie,Yes,,https://media.adeo.com/marketplace/LMFR/80152849/00000000000080152849_01c_FR_CF.avif,,,,,,,No,,,,No,,,,
Ciment CIMALIT Portland composite 32.5 35 kg – Réf. 80152841,,,,,,,,,,Yes,0.00,,No,,No,,,,,,No,,,LM-80152841,,,À fournir par le client - Leroy Merlin - Réf. 80152841,Fournitures client - Maçonnerie,Yes,,https://media.adeo.com/marketplace/LMFR/80152841/00000000000080152841_01c_FR_CF.avif,,,,,,,No,,,,No,,,,
Ciment gris CALCIA CEM II 32.5 NF 35 kg – Réf. 88596328,,,,,,,,,,Yes,0.00,,No,,No,,,,,,No,,,LM-88596328,,,À fournir par le client - Leroy Merlin - Réf. 88596328,Fournitures client - Maçonnerie,Yes,,https://media.adeo.com/marketplace/LMFR/88596328/00000000000088596328_01c_FR_CF.avif,,,,,,,No,,,,No,,,,
Ciment CIMALIT CEM II 32.5 35 kg – Réf. 80136219,,,,,,,,,,Yes,0.00,,No,,No,,,,,,No,,,LM-80136219,,,À fournir par le client - Leroy Merlin - Réf. 80136219,Fournitures client - Maçonnerie,Yes,,https://media.adeo.com/marketplace/LMFR/80136219/00000000000080136219_01c_FR_CF.avif,,,,,,,No,,,,No,,,,
Ciment gris CIMALIT CE 32.5 35 kg – Réf. 80126306,,,,,,,,,,Yes,0.00,,No,,No,,,,,,No,,,LM-80126306,,,À fournir par le client - Leroy Merlin - Réf. 80126306,Fournitures client - Maçonnerie,Yes,,https://media.adeo.com/marketplace/LMFR/80126306/00000000000080126306_01c_FR_CF.avif,,,,,,,No,,,,No,,,,
Chaux blanche CE NHL 3.5 35 kg – Réf. 80139321,,,,,,,,,,Yes,0.00,,No,,No,,,,,,No,,,LM-80139321,,,À fournir par le client - Leroy Merlin - Réf. 80139321,Fournitures client - Autres,Yes,,https://media.adeo.com/marketplace/LMFR/80139321/00000000000080139321_01c_FR_CF.avif,,,,,,,No,,,,No,,,,
Ciment gris multi-usages pro EQIOM NF 32.5 35 kg – Réf. 88127360,,,,,,,,,,Yes,0.00,,No,,No,,,,,,No,,,LM-88127360,,,À fournir par le client - Leroy Merlin - Réf. 88127360,Fournitures client - Maçonnerie,Yes,,https://media.adeo.com/marketplace/LMFR/88127360/00000000000088127360_01c_FR_CF.avif,,,,,,,No,,,,No,,,,
Mélange béton recyclat NF 35 kg – Réf. 88596577,,,,,,,,,,Yes,0.00,,No,,No,,,,,,No,,,LM-88596577,,,À fournir par le client - Leroy Merlin - Réf. 88596577,Fournitures client - Maçonnerie,Yes,,https://media.adeo.com/marketplace/LMFR/88596577/00000000000088596577_01c_FR_CF.avif,,,,,,,No,,,,No,,,,
Béton prêt à l'emploi LE BETON FRANÇAIS 25 kg – Réf. 82671824,,,,,,,,,,Yes,0.00,,No,,No,,,,,,No,,,LM-82671824,,,À fournir par le client - Leroy Merlin - Réf. 82671824,Fournitures client - Maçonnerie,Yes,,https://media.adeo.com/media/1020213/media.png?fit=bounds&format=jpg&height=3000&quality=80&width=3000,,,,,,,No,,,,No,,,,
Mortier prêt à l'emploi AXTON 10 kg – Réf. 66762724,,,,,,,,,,Yes,0.00,,No,,No,,,,,,No,,,LM-66762724,,,À fournir par le client - Leroy Merlin - Réf. 66762724,Fournitures client - Maçonnerie,Yes,,https://media.adeo.com/marketplace/LMFR/66762724/00000000000066762724_01c_FR_CF.avif,,,,,,,No,,,,No,,,,
Mortier prêt à l'emploi AXTON 5 kg – Réf. 67002054,,,,,,,,,,Yes,0.00,,No,,No,,,,,,No,,,LM-67002054,,,À fournir par le client - Leroy Merlin - Réf. 67002054,Fournitures client - Maçonnerie,Yes,,https://media.adeo.com/marketplace/LMFR/67002054/00000000000067002054_01c_FR_CF.avif,,,,,,,No,,,,No,,,,
Panneau treillis soudé 2.4 x 1.2 m – Réf. 60655231,,,,,,,,,,Yes,0.00,,No,,No,,,,,,No,,,LM-60655231,,,À fournir par le client - Leroy Merlin - Réf. 60655231,Fournitures client - Maçonnerie,Yes,,https://media.adeo.com/marketplace/LMFR/60655231/00000000000060655231_01c_FR_CF.avif,,,,,,,No,,,,No,,,,
Treillis soudé 2.33 x 1.19 m diam.3 mm – Réf. 61367971,,,,,,,,,,Yes,0.00,,No,,No,,,,,,No,,,LM-61367971,,,À fournir par le client - Leroy Merlin - Réf. 61367971,Fournitures client - Maçonnerie,Yes,,https://media.adeo.com/marketplace/LMFR/61367971/00000000000061367971_01c_FR_CF.avif,,,,,,,No,,,,No,,,,
Treillis soudé carré 1.19 x 2.33 m diam.5 mm – Réf. 73205006,,,,,,,,,,Yes,0.00,,No,,No,,,,,,No,,,LM-73205006,,,À fournir par le client - Leroy Merlin - Réf. 73205006,Fournitures client - Maçonnerie,Yes,,https://media.adeo.com/marketplace/LMFR/73205006/00000000000073205006_01c_FR_CF.avif,,,,,,,No,,,,No,,,,
Treillis soudé rouleau 25 x 1.19 m diam.3 mm – Réf. 61368006,,,,,,,,,,Yes,0.00,,No,,No,,,,,,No,,,LM-61368006,,,À fournir par le client - Leroy Merlin - Réf. 61368006,Fournitures client - Maçonnerie,Yes,,https://media.adeo.com/marketplace/LMFR/61368006/00000000000061368006_01c_FR_CF.avif,,,,,,,No,,,,No,,,,
Distancier pour armatures 50 mm L.2 m – Réf. 87657925,,,,,,,,,,Yes,0.00,,No,,No,,,,,,No,,,LM-87657925,,,À fournir par le client - Leroy Merlin - Réf. 87657925,Fournitures client - Autres,Yes,,https://media.adeo.com/marketplace/LMFR/87657925/00000000000087657925_01c_FR_CF.avif,,,,,,,No,,,,No,,,,
Panneau treillis 2.4 x 4.2 m diam.5.5 mm – Réf. 67610144,,,,,,,,,,Yes,0.00,,No,,No,,,,,,No,,,LM-67610144,,,À fournir par le client - Leroy Merlin - Réf. 67610144,Fournitures client - Maçonnerie,Yes,,https://media.adeo.com/marketplace/LMFR/67610144/00000000000067610144_01c_FR_CF.avif,,,,,,,No,,,,No,,,,
Plaque de plâtre BA13 KNAUF 280 x 120 cm NF – Réf. 66639664,,,,,,,,,,Yes,0.00,,No,,No,,,,,,No,,,LM-66639664,,,À fournir par le client - Leroy Merlin - Réf. 66639664,Fournitures client - Autres,Yes,,https://media.adeo.com/marketplace/LMFR/66639664/00000000000066639664_01c_FR_CF.avif,,,,,,,No,,,,No,,,,
Plaque de plâtre BA13 KNAUF 260 x 120 cm NF – Réf. 65331560,,,,,,,,,,Yes,0.00,,No,,No,,,,,,No,,,LM-65331560,,,À fournir par le client - Leroy Merlin - Réf. 65331560,Fournitures client - Autres,Yes,,https://media.adeo.com/marketplace/LMFR/65331560/00000000000065331560_01c_FR_CF.avif,,,,,,,No,,,,No,,,,
Plaque de plâtre BA13 standard CE 250 x 120 cm – Réf. 69051871,,,,,,,,,,Yes,0.00,,No,,No,,,,,,No,,,LM-69051871,,,À fournir par le client - Leroy Merlin - Réf. 69051871,Fournitures client - Autres,Yes,,https://media.adeo.com/marketplace/LMFR/69051871/00000000000069051871_01c_FR_CF.avif,,,,,,,No,,,,No,,,,
Plaque de plâtre BA13 DRYPLAC NF 250 x 120 cm – Réf. 84862907,,,,,,,,,,Yes,0.00,,No,,No,,,,,,No,,,LM-84862907,,,À fournir par le client - Leroy Merlin - Réf. 84862907,Fournitures client - Autres,Yes,,https://media.adeo.com/marketplace/LMFR/84862907/00000000000084862907_01c_FR_CF.avif,,,,,,,No,,,,No,,,,
Plaque BA13 hydrofuge HOME PRATIK 250 x 120 cm – Réf. 68060006,,,,,,,,,,Yes,0.00,,No,,No,,,,,,No,,,LM-68060006,,,À fournir par le client - Leroy Merlin - Réf. 68060006,Fournitures client - Autres,Yes,,https://media.adeo.com/marketplace/LMFR/68060006/00000000000068060006_01c_FR_CF.avif,,,,,,,No,,,,No,,,,
Plaque BA13 hydrofuge FASSA BORTOLO 250 x 120 cm – Réf. 68618025,,,,,,,,,,Yes,0.00,,No,,No,,,,,,No,,,LM-68618025,,,À fournir par le client - Leroy Merlin - Réf. 68618025,Fournitures client - Autres,Yes,,https://media.adeo.com/marketplace/LMFR/68618025/00000000000068618025_01c_FR_CF.avif,,,,,,,No,,,,No,,,,
Plaque BA13 hydrofuge RESI 250 x 120 cm – Réf. 82278583,,,,,,,,,,Yes,0.00,,No,,No,,,,,,No,,,LM-82278583,,,À fournir par le client - Leroy Merlin - Réf. 82278583,Fournitures client - Autres,Yes,,https://media.adeo.com/marketplace/LMFR/82278583/00000000000082278583_01c_FR_CF.avif,,,,,,,No,,,,No,,,,
Plaque BA13 standard RESI 250 x 120 cm – Réf. 77260190,,,,,,,,,,Yes,0.00,,No,,No,,,,,,No,,,LM-77260190,,,À fournir par le client - Leroy Merlin - Réf. 77260190,Fournitures client - Autres,Yes,,https://media.adeo.com/marketplace/LMFR/77260190/00000000000077260190_01c_FR_CF.avif,,,,,,,No,,,,No,,,,
Rail R48/30 NF 3 m – Réf. 80134514,,,,,,,,,,Yes,0.00,,No,,No,,,,,,No,,,LM-80134514,,,À fournir par le client - Leroy Merlin - Réf. 80134514,Fournitures client - Autres,Yes,,https://media.adeo.com/marketplace/LMFR/80134514/00000000000080134514_01c_FR_CF.avif,,,,,,,No,,,,No,,,,
Rail R48 3 m ISOLPRO – Réf. 82709661,,,,,,,,,,Yes,0.00,,No,,No,,,,,,No,,,LM-82709661,,,À fournir par le client - Leroy Merlin - Réf. 82709661,Fournitures client - Autres,Yes,,https://media.adeo.com/marketplace/LMFR/82709661/00000000000082709661_01c_FR_CF.avif,,,,,,,No,,,,No,,,,
Montant M48/35 NF 2.59 m – Réf. 80134518,,,,,,,,,,Yes,0.00,,No,,No,,,,,,No,,,LM-80134518,,,À fournir par le client - Leroy Merlin - Réf. 80134518,Fournitures client - Autres,Yes,,https://media.adeo.com/marketplace/LMFR/80134518/00000000000080134518_01c_FR_CF.avif,,,,,,,No,,,,No,,,,
Gaine ICTA diam.20 mm L.100 m – Réf. 82279843,,,,,,,,,,Yes,0.00,,No,,No,,,,,,No,,,LM-82279843,,,À fournir par le client - Leroy Merlin - Réf. 82279843,Fournitures client - Électricité,Yes,,https://media.adeo.com/marketplace/LMFR/82279843/00000000000082279843_01c_FR_CF.avif,,,,,,,No,,,,No,,,,
Gaine ICTA diam.20 mm L.100 m avec tire-fil – Réf. 70350343,,,,,,,,,,Yes,0.00,,No,,No,,,,,,No,,,LM-70350343,,,À fournir par le client - Leroy Merlin - Réf. 70350343,Fournitures client - Électricité,Yes,,https://media.adeo.com/marketplace/LMFR/70350343/00000000000070350343_01c_FR_CF.avif,,,,,,,No,,,,No,,,,
Gaine ICTA TURBOGLISS LEGRAND diam.20 mm L.100 m – Réf. 91223228,,,,,,,,,,Yes,0.00,,No,,No,,,,,,No,,,LM-91223228,,,À fournir par le client - Leroy Merlin - Réf. 91223228,Fournitures client - Électricité,Yes,,https://media.adeo.com/marketplace/LMFR/91223228/00000000000091223228_01c_FR_CF.avif,,,,,,,No,,,,No,,,,
Câble U1000R2V 3G2.5 mm² noir L.50 m – Réf. 70808703,,,,,,,,,,Yes,0.00,,No,,No,,,,,,No,,,LM-70808703,,,À fournir par le client - Leroy Merlin - Réf. 70808703,Fournitures client - Électricité,Yes,,https://media.adeo.com/marketplace/LMFR/70808703/00000000000070808703_01c_FR_CF.avif,,,,,,,No,,,,No,,,,
Câble U1000R2V 5G2.5 mm² noir L.50 m – Réf. 70809046,,,,,,,,,,Yes,0.00,,No,,No,,,,,,No,,,LM-70809046,,,À fournir par le client - Leroy Merlin - Réf. 70809046,Fournitures client - Électricité,Yes,,https://media.adeo.com/marketplace/LMFR/70809046/00000000000070809046_01c_FR_CF.avif,,,,,,,No,,,,No,,,,
Câble U1000R2V 5G1.5 mm² noir L.50 m – Réf. 70808941,,,,,,,,,,Yes,0.00,,No,,No,,,,,,No,,,LM-70808941,,,À fournir par le client - Leroy Merlin - Réf. 70808941,Fournitures client - Électricité,Yes,,https://media.adeo.com/marketplace/LMFR/70808941/00000000000070808941_01c_FR_CF.avif,,,,,,,No,,,,No,,,,
Gaine préfilée radiateur 3x2.5 + 1x1.5 mm² L.100 m – Réf. 69389796,,,,,,,,,,Yes,0.00,,No,,No,,,,,,No,,,LM-69389796,,,À fournir par le client - Leroy Merlin - Réf. 69389796,Fournitures client - Électricité,Yes,,https://media.adeo.com/marketplace/LMFR/69389796/00000000000069389796_01c_FR_CF.avif,,,,,,,No,,,,No,,,,
Câble U1000R2V 3G2.5 mm² touret 500 m – Réf. 84818576,,,,,,,,,,Yes,0.00,,No,,No,,,,,,No,,,LM-84818576,,,À fournir par le client - Leroy Merlin - Réf. 84818576,Fournitures client - Électricité,Yes,,https://media.adeo.com/marketplace/LMFR/84818576/00000000000084818576_01c_FR_CF.avif,,,,,,,No,,,,No,,,,
Bornes automatiques WAGO série 221 assortiment 100 pièces – Réf. 80126912,,,,,,,,,,Yes,0.00,,No,,No,,,,,,No,,,LM-80126912,,,À fournir par le client - Leroy Merlin - Réf. 80126912,Fournitures client - Électricité,Yes,,https://media.adeo.com/marketplace/LMFR/80126912/00000000000080126912_01c_FR_CF.avif,,,,,,,No,,,,No,,,,
Raccord multicouche compression D.16 mm – Réf. 84851012,,,,,,,,,,Yes,0.00,,No,,No,,,,,,No,,,LM-84851012,,,À fournir par le client - Leroy Merlin - Réf. 84851012,Fournitures client - Plomberie,Yes,,https://media.adeo.com/marketplace/LMFR/84851012/00000000000084851012_01c_FR_CF.avif,,,,,,,No,,,,No,,,,
Raccord multicouche compression D.20 F20x27 Equation – Réf. 84851077,,,,,,,,,,Yes,0.00,,No,,No,,,,,,No,,,LM-84851077,,,À fournir par le client - Leroy Merlin - Réf. 84851077,Fournitures client - Plomberie,Yes,,https://media.adeo.com/marketplace/LMFR/84851077/00000000000084851077_01c_FR_CF.avif,,,,,,,No,,,,No,,,,
Raccord multicouche compression D.26 M20x27 Equation – Réf. 88763881,,,,,,,,,,Yes,0.00,,No,,No,,,,,,No,,,LM-88763881,,,À fournir par le client - Leroy Merlin - Réf. 88763881,Fournitures client - Plomberie,Yes,,https://media.adeo.com/marketplace/LMFR/88763881/00000000000088763881_01c_FR_CF.avif,,,,,,,No,,,,No,,,,
Raccord multicouche écrou libre D.26 F20x27 Equation – Réf. 84851142,,,,,,,,,,Yes,0.00,,No,,No,,,,,,No,,,LM-84851142,,,À fournir par le client - Leroy Merlin - Réf. 84851142,Fournitures client - Plomberie,Yes,,https://media.adeo.com/marketplace/LMFR/84851142/00000000000084851142_01c_FR_CF.avif,,,,,,,No,,,,No,,,,
Raccord passerelle PER/multicouche à sertir 20 x 16 – Réf. 88792670,,,,,,,,,,Yes,0.00,,No,,No,,,,,,No,,,LM-88792670,,,À fournir par le client - Leroy Merlin - Réf. 88792670,Fournitures client - Plomberie,Yes,,https://media.adeo.com/marketplace/LMFR/88792670/00000000000088792670_01c_FR_CF.avif,,,,,,,No,,,,No,,,,
Scellement chimique FISCHER FIS HT II ton pierre 300 ml – Réf. 87919181,,,,,,,,,,Yes,0.00,,No,,No,,,,,,No,,,LM-87919181,,,À fournir par le client - Leroy Merlin - Réf. 87919181,Fournitures client - Fixation / Visserie,Yes,,https://media.adeo.com/marketplace/LMFR/87919181/00000000000087919181_01c_FR_CF.avif,,,,,,,No,,,,No,,,,
Tube PVC évacuation Ø100 mm L.1 m – Réf. 64931454,,,,,,,,,,Yes,0.00,,No,,No,,,,,,No,,,LM-64931454,,,À fournir par le client - Leroy Merlin - Réf. 64931454,Fournitures client - Autres,Yes,,https://media.adeo.com/marketplace/LMFR/64931454/00000000000064931454_01c_FR_CF.avif,,,,,,,No,,,,No,,,,
Tube PVC évacuation Ø100 mm L.2 m – Réf. 69188630,,,,,,,,,,Yes,0.00,,No,,No,,,,,,No,,,LM-69188630,,,À fournir par le client - Leroy Merlin - Réf. 69188630,Fournitures client - Autres,Yes,,https://media.adeo.com/marketplace/LMFR/69188630/00000000000069188630_01c_FR_CF.avif,,,,,,,No,,,,No,,,,
Tube PVC NFE M1 Ø100 mm L.1 m – Réf. 63937636,,,,,,,,,,Yes,0.00,,No,,No,,,,,,No,,,LM-63937636,,,À fournir par le client - Leroy Merlin - Réf. 63937636,Fournitures client - Autres,Yes,,https://media.adeo.com/marketplace/LMFR/63937636/00000000000063937636_01c_FR_CF.avif,,,,,,,No,,,,No,,,,
Tube PVC NFE M1 Ø100 mm L.2 m – Réf. 63937643,,,,,,,,,,Yes,0.00,,No,,No,,,,,,No,,,LM-63937643,,,À fournir par le client - Leroy Merlin - Réf. 63937643,Fournitures client - Autres,Yes,,https://media.adeo.com/marketplace/LMFR/63937643/00000000000063937643_01c_FR_CF.avif,,,,,,,No,,,,No,,,,
Tube PVC NFE M1 Ø100 mm L.4 m – Réf. 63937762,,,,,,,,,,Yes,0.00,,No,,No,,,,,,No,,,LM-63937762,,,À fournir par le client - Leroy Merlin - Réf. 63937762,Fournitures client - Autres,Yes,,https://media.adeo.com/marketplace/LMFR/63937762/00000000000063937762_01c_FR_CF.avif,,,,,,,No,,,,No,,,,
Tube PVC NFE ME Ø100 mm L.4 m – Réf. 66539333,,,,,,,,,,Yes,0.00,,No,,No,,,,,,No,,,LM-66539333,,,À fournir par le client - Leroy Merlin - Réf. 66539333,Fournitures client - Autres,Yes,,https://media.adeo.com/marketplace/LMFR/66539333/00000000000066539333_01c_FR_CF.avif,,,,,,,No,,,,No,,,,
Tube PVC non normé Ø100 mm L.2 m – Réf. 66540264,,,,,,,,,,Yes,0.00,,No,,No,,,,,,No,,,LM-66540264,,,À fournir par le client - Leroy Merlin - Réf. 66540264,Fournitures client - Autres,Yes,,https://media.adeo.com/marketplace/LMFR/66540264/00000000000066540264_01c_FR_CF.avif,,,,,,,No,,,,No,,,,
Tube PVC non normé Ø100 mm L.4 m – Réf. 66540250,,,,,,,,,,Yes,0.00,,No,,No,,,,,,No,,,LM-66540250,,,À fournir par le client - Leroy Merlin - Réf. 66540250,Fournitures client - Autres,Yes,,https://media.adeo.com/marketplace/LMFR/66540250/00000000000066540250_01c_FR_CF.avif,,,,,,,No,,,,No,,,,
"Tube multicouche gainé rouge Ø16, couronne 50 m EQUATION – Réf. 84850993",,,,,,,,,,Yes,0.00,,No,,No,,,,,,No,,,LM-84850993,,,À fournir par le client - Leroy Merlin - Réf. 84850993,Fournitures client - Plomberie,Yes,,https://media.adeo.com/marketplace/LMFR/84850993/00000000000084850993_01c_FR_CF.avif,,,,,,,No,,,,No,,,,
"Tube multicouche gainé rouge Ø16, couronne 25 m EQUATION – Réf. 84850988",,,,,,,,,,Yes,0.00,,No,,No,,,,,,No,,,LM-84850988,,,À fournir par le client - Leroy Merlin - Réf. 84850988,Fournitures client - Plomberie,Yes,,https://media.adeo.com/marketplace/LMFR/84850988/00000000000084850988_01c_FR_CF.avif,,,,,,,No,,,,No,,,,
"Tube multicouche gainé bleu Ø16, couronne 50 m EQUATION – Réf. 84850996",,,,,,,,,,Yes,0.00,,No,,No,,,,,,No,,,LM-84850996,,,À fournir par le client - Leroy Merlin - Réf. 84850996,Fournitures client - Plomberie,Yes,,https://media.adeo.com/marketplace/LMFR/84850996/00000000000084850996_01c_FR_CF.avif,,,,,,,No,,,,No,,,,
Lot 10 coudes multicouche à sertir Ø16 EQUATION – Réf. 84850962,,,,,,,,,,Yes,0.00,,No,,No,,,,,,No,,,LM-84850962,,,À fournir par le client - Leroy Merlin - Réf. 84850962,Fournitures client - Plomberie,Yes,,https://media.adeo.com/marketplace/LMFR/84850962/00000000000084850962_01c_FR_CF.avif,,,,,,,No,,,,No,,,,
Kit 4 fixations scellement chimique tiges M8x160 – Réf. 70221550,,,,,,,,,,Yes,0.00,,No,,No,,,,,,No,,,LM-70221550,,,À fournir par le client - Leroy Merlin - Réf. 70221550,Fournitures client - Fixation / Visserie,Yes,,https://media.adeo.com/marketplace/LMFR/70221550/00000000000070221550_01c_FR_CF.avif,,,,,,,No,,,,No,,,,
Manchon réduit multicouche à sertir Ø16x20 – Réf. 84851096,,,,,,,,,,Yes,0.00,,No,,No,,,,,,No,,,LM-84851096,,,À fournir par le client - Leroy Merlin - Réf. 84851096,Fournitures client - Plomberie,Yes,,https://media.adeo.com/marketplace/LMFR/84851096/00000000000084851096_01c_FR_CF.avif,,,,,,,No,,,,No,,,,
Té multicouche à sertir Ø20 – Réf. 84850982,,,,,,,,,,Yes,0.00,,No,,No,,,,,,No,,,LM-84850982,,,À fournir par le client - Leroy Merlin - Réf. 84850982,Fournitures client - Plomberie,Yes,,https://media.adeo.com/marketplace/LMFR/84850982/00000000000084850982_01c_FR_CF.avif,,,,,,,No,,,,No,,,,
Coude multicouche à sertir Ø20 – Réf. 84851052,,,,,,,,,,Yes,0.00,,No,,No,,,,,,No,,,LM-84851052,,,À fournir par le client - Leroy Merlin - Réf. 84851052,Fournitures client - Plomberie,Yes,,https://media.adeo.com/marketplace/LMFR/84851052/00000000000084851052_01c_FR_CF.avif,,,,,,,No,,,,No,,,,
Manchon multicouche à sertir Ø20x26 – Réf. 84851131,,,,,,,,,,Yes,0.00,,No,,No,,,,,,No,,,LM-84851131,,,À fournir par le client - Leroy Merlin - Réf. 84851131,Fournitures client - Plomberie,Yes,,https://media.adeo.com/marketplace/LMFR/84851131/00000000000084851131_01c_FR_CF.avif,,,,,,,No,,,,No,,,,
Té inégal multicouche à sertir Ø20x16 – Réf. 84850989,,,,,,,,,,Yes,0.00,,No,,No,,,,,,No,,,LM-84850989,,,À fournir par le client - Leroy Merlin - Réf. 84850989,Fournitures client - Plomberie,Yes,,https://media.adeo.com/marketplace/LMFR/84850989/00000000000084850989_01c_FR_CF.avif,,,,,,,No,,,,No,,,,
Raccord multicouche à sertir Ø20 – Réf. 84851095,,,,,,,,,,Yes,0.00,,No,,No,,,,,,No,,,LM-84851095,,,À fournir par le client - Leroy Merlin - Réf. 84851095,Fournitures client - Plomberie,Yes,,https://media.adeo.com/marketplace/LMFR/84851095/00000000000084851095_01c_FR_CF.avif,,,,,,,No,,,,No,,,,
Lot 10 coudes multicouche à sertir Ø20 EQUATION – Réf. 84850964,,,,,,,,,,Yes,0.00,,No,,No,,,,,,No,,,LM-84850964,,,À fournir par le client - Leroy Merlin - Réf. 84850964,Fournitures client - Plomberie,Yes,,https://media.adeo.com/marketplace/LMFR/84850964/00000000000084850964_01c_FR_CF.avif,,,,,,,No,,,,No,,,,
Lot 10 tés multicouche à sertir Ø20 EQUATION – Réf. 84851089,,,,,,,,,,Yes,0.00,,No,,No,,,,,,No,,,LM-84851089,,,À fournir par le client - Leroy Merlin - Réf. 84851089,Fournitures client - Plomberie,Yes,,https://media.adeo.com/marketplace/LMFR/84851089/00000000000084851089_01c_FR_CF.avif,,,,,,,No,,,,No,,,,
Coude multicouche F15x21 x Ø16 à sertir – Réf. 84850994,,,,,,,,,,Yes,0.00,,No,,No,,,,,,No,,,LM-84850994,,,À fournir par le client - Leroy Merlin - Réf. 84850994,Fournitures client - Plomberie,Yes,,https://media.adeo.com/marketplace/LMFR/84850994/00000000000084850994_01c_FR_CF.avif,,,,,,,No,,,,No,,,,
Coude multicouche F20x27 x Ø20 à sertir – Réf. 84851000,,,,,,,,,,Yes,0.00,,No,,No,,,,,,No,,,LM-84851000,,,À fournir par le client - Leroy Merlin - Réf. 84851000,Fournitures client - Plomberie,Yes,,https://media.adeo.com/marketplace/LMFR/84851000/00000000000084851000_01c_FR_CF.avif,,,,,,,No,,,,No,,,,
Raccord multicouche à sertir Ø16 – Réf. 88792669,,,,,,,,,,Yes,0.00,,No,,No,,,,,,No,,,LM-88792669,,,À fournir par le client - Leroy Merlin - Réf. 88792669,Fournitures client - Plomberie,Yes,,https://media.adeo.com/marketplace/LMFR/88792669/00000000000088792669_01c_FR_CF.avif,,,,,,,No,,,,No,,,,
Lot 10 raccords multicouche à sertir Ø16 – Réf. 88792666,,,,,,,,,,Yes,0.00,,No,,No,,,,,,No,,,LM-88792666,,,À fournir par le client - Leroy Merlin - Réf. 88792666,Fournitures client - Plomberie,Yes,,https://media.adeo.com/marketplace/LMFR/88792666/00000000000088792666_01c_FR_CF.avif,,,,,,,No,,,,No,,,,
Lot 10 raccords multicouche Ø16 F15x21 EQUATION – Réf. 84851119,,,,,,,,,,Yes,0.00,,No,,No,,,,,,No,,,LM-84851119,,,À fournir par le client - Leroy Merlin - Réf. 84851119,Fournitures client - Plomberie,Yes,,https://media.adeo.com/marketplace/LMFR/84851119/00000000000084851119_01c_FR_CF.avif,,,,,,,No,,,,No,,,,
Lot 10 tés multicouche à sertir Ø16 EQUATION – Réf. 84851088,,,,,,,,,,Yes,0.00,,No,,No,,,,,,No,,,LM-84851088,,,À fournir par le client - Leroy Merlin - Réf. 84851088,Fournitures client - Plomberie,Yes,,https://media.adeo.com/marketplace/LMFR/84851088/00000000000084851088_01c_FR_CF.avif,,,,,,,No,,,,No,,,,
Raccord multicouche M20x27 x Ø20 – Réf. 84851061,,,,,,,,,,Yes,0.00,,No,,No,,,,,,No,,,LM-84851061,,,À fournir par le client - Leroy Merlin - Réf. 84851061,Fournitures client - Plomberie,Yes,,https://media.adeo.com/marketplace/LMFR/84851061/00000000000084851061_01c_FR_CF.avif,,,,,,,No,,,,No,,,,
Lot 10 raccords multicouche Ø16 M15x21 EQUATION – Réf. 84851120,,,,,,,,,,Yes,0.00,,No,,No,,,,,,No,,,LM-84851120,,,À fournir par le client - Leroy Merlin - Réf. 84851120,Fournitures client - Plomberie,Yes,,https://media.adeo.com/marketplace/LMFR/84851120/00000000000084851120_01c_FR_CF.avif,,,,,,,No,,,,No,,,,
Raccord multicouche M15x21 x Ø20 – Réf. 84851057,,,,,,,,,,Yes,0.00,,No,,No,,,,,,No,,,LM-84851057,,,À fournir par le client - Leroy Merlin - Réf. 84851057,Fournitures client - Plomberie,Yes,,https://media.adeo.com/marketplace/LMFR/84851057/00000000000084851057_01c_FR_CF.avif,,,,,,,No,,,,No,,,,
Raccord multicouche F15x21 x Ø20 – Réf. 84851055,,,,,,,,,,Yes,0.00,,No,,No,,,,,,No,,,LM-84851055,,,À fournir par le client - Leroy Merlin - Réf. 84851055,Fournitures client - Plomberie,Yes,,https://media.adeo.com/marketplace/LMFR/84851055/00000000000084851055_01c_FR_CF.avif,,,,,,,No,,,,No,,,,
Lot 10 raccords multicouche Ø20 F20x27 EQUATION – Réf. 84851123,,,,,,,,,,Yes,0.00,,No,,No,,,,,,No,,,LM-84851123,,,À fournir par le client - Leroy Merlin - Réf. 84851123,Fournitures client - Plomberie,Yes,,https://media.adeo.com/marketplace/LMFR/84851123/00000000000084851123_01c_FR_CF.avif,,,,,,,No,,,,No,,,,
Lot 10 colliers fixation multicouche Ø20 EQUATION – Réf. 84851048,,,,,,,,,,Yes,0.00,,No,,No,,,,,,No,,,LM-84851048,,,À fournir par le client - Leroy Merlin - Réf. 84851048,Fournitures client - Plomberie,Yes,,https://media.adeo.com/marketplace/LMFR/84851048/00000000000084851048_01c_FR_CF.avif,,,,,,,No,,,,No,,,,
Collecteur 3 voies multicouche 20x27 EQUATION – Réf. 93904300,,,,,,,,,,Yes,0.00,,No,,No,,,,,,No,,,LM-93904300,,,À fournir par le client - Leroy Merlin - Réf. 93904300,Fournitures client - Plomberie,Yes,,https://media.adeo.com/marketplace/LMFR/93904300/00000000000093904300_01c_FR_CF.avif,,,,,,,No,,,,No,,,,
Coupe-tube PER/multicouche 42 mm – Réf. 70174433,,,,,,,,,,Yes,0.00,,No,,No,,,,,,No,,,LM-70174433,,,À fournir par le client - Leroy Merlin - Réf. 70174433,Fournitures client - Plomberie,Yes,,https://media.adeo.com/marketplace/LMFR/70174433/00000000000070174433_01c_FR_CF.avif,,,,,,,No,,,,No,,,,
Enduit à joint SEMIN CE78 180 min 20 kg – Réf. 80176510,,,,,,,,,,Yes,0.00,,No,,No,,,,,,No,,,LM-80176510,,,À fournir par le client - Leroy Merlin - Réf. 80176510,Fournitures client - Peinture / Enduit,Yes,,https://media.adeo.com/marketplace/LMFR/80176510/00000000000080176510_01c_FR_CF.avif,,,,,,,No,,,,No,,,,
Enduit à joint AXTON Fassajoint 8h 25 kg – Réf. 70246813,,,,,,,,,,Yes,0.00,,No,,No,,,,,,No,,,LM-70246813,,,À fournir par le client - Leroy Merlin - Réf. 70246813,Fournitures client - Peinture / Enduit,Yes,,https://media.adeo.com/marketplace/LMFR/70246813/00000000000070246813_01c_FR_CF.avif,,,,,,,No,,,,No,,,,
Enduit à joint PLACO Placojoint GDX 25 kg – Réf. 88132958,,,,,,,,,,Yes,0.00,,No,,No,,,,,,No,,,LM-88132958,,,À fournir par le client - Leroy Merlin - Réf. 88132958,Fournitures client - Peinture / Enduit,Yes,,https://media.adeo.com/marketplace/LMFR/88132958/00000000000088132958_01c_FR_CF.avif,,,,,,,No,,,,No,,,,
Enduit à joint PLACO Placojoint GDX 5 kg – Réf. 89153214,,,,,,,,,,Yes,0.00,,No,,No,,,,,,No,,,LM-89153214,,,À fournir par le client - Leroy Merlin - Réf. 89153214,Fournitures client - Peinture / Enduit,Yes,,https://media.adeo.com/marketplace/LMFR/89153214/00000000000089153214_01c_FR_CF.avif,,,,,,,No,,,,No,,,,
Bande à joint AXTON 45 mm x 45 m – Réf. 88279383,,,,,,,,,,Yes,0.00,,No,,No,,,,,,No,,,LM-88279383,,,À fournir par le client - Leroy Merlin - Réf. 88279383,Fournitures client - Autres,Yes,,https://media.adeo.com/marketplace/LMFR/88279383/00000000000088279383_01c_FR_CF.avif,,,,,,,No,,,,No,,,,
Bande à joint grillagée AXTON 45 mm x 90 m – Réf. 86408382,,,,,,,,,,Yes,0.00,,No,,No,,,,,,No,,,LM-86408382,,,À fournir par le client - Leroy Merlin - Réf. 86408382,Fournitures client - Autres,Yes,,https://media.adeo.com/marketplace/LMFR/86408382/00000000000086408382_01c_FR_CF.avif,,,,,,,No,,,,No,,,,
Bande à joint fibre de verre AXTON 45 mm x 45 m – Réf. 88279387,,,,,,,,,,Yes,0.00,,No,,No,,,,,,No,,,LM-88279387,,,À fournir par le client - Leroy Merlin - Réf. 88279387,Fournitures client - Autres,Yes,,https://media.adeo.com/marketplace/LMFR/88279387/00000000000088279387_01c_FR_CF.avif,,,,,,,No,,,,No,,,,
Bande à joint grillagée AXTON 45 mm x 20 m – Réf. 86408380,,,,,,,,,,Yes,0.00,,No,,No,,,,,,No,,,LM-86408380,,,À fournir par le client - Leroy Merlin - Réf. 86408380,Fournitures client - Autres,Yes,,https://media.adeo.com/marketplace/LMFR/86408380/00000000000086408380_01c_FR_CF.avif,,,,,,,No,,,,No,,,,
Bande à joint fibre de verre AXTON 45 mm x 45 m - réf 86408385 – Réf. 86408385,,,,,,,,,,Yes,0.00,,No,,No,,,,,,No,,,LM-86408385,,,À fournir par le client - Leroy Merlin - Réf. 86408385,Fournitures client - Autres,Yes,,https://media.adeo.com/marketplace/LMFR/86408385/00000000000086408385_01c_FR_CF.avif,,,,,,,No,,,,No,,,,
Bande à joint papier TOUPRET 50 mm x 153 m – Réf. 83325275,,,,,,,,,,Yes,0.00,,No,,No,,,,,,No,,,LM-83325275,,,À fournir par le client - Leroy Merlin - Réf. 83325275,Fournitures client - Autres,Yes,,https://media.adeo.com/marketplace/LMFR/83325275/00000000000083325275_01c_FR_CF.avif,,,,,,,No,,,,No,,,,
1000 vis plaque de plâtre STANDERS 3.5x25 – Réf. 82222858,,,,,,,,,,Yes,0.00,,No,,No,,,,,,No,,,LM-82222858,,,À fournir par le client - Leroy Merlin - Réf. 82222858,Fournitures client - Fixation / Visserie,Yes,,https://media.adeo.com/marketplace/LMFR/82222858/00000000000082222858_01c_FR_CF.avif,,,,,,,No,,,,No,,,,
30 vis plaque de plâtre STANDERS 3.5x25 – Réf. 82222838,,,,,,,,,,Yes,0.00,,No,,No,,,,,,No,,,LM-82222838,,,À fournir par le client - Leroy Merlin - Réf. 82222838,Fournitures client - Fixation / Visserie,Yes,,https://media.adeo.com/marketplace/LMFR/82222838/00000000000082222838_01c_FR_CF.avif,,,,,,,No,,,,No,,,,
Enduit à joint hydro PLACO Placojoint PR Hydro 10 kg – Réf. 88158977,,,,,,,,,,Yes,0.00,,No,,No,,,,,,No,,,LM-88158977,,,À fournir par le client - Leroy Merlin - Réf. 88158977,Fournitures client - Peinture / Enduit,Yes,,https://media.adeo.com/marketplace/LMFR/88158977/00000000000088158977_01c_FR_CF.avif,,,,,,,No,,,,No,,,,
Dalle OSB3 KRONOSPAN 18 mm 205x62.5 cm – Réf. 82645826,,,,,,,,,,Yes,0.00,,No,,No,,,,,,No,,,LM-82645826,,,À fournir par le client - Leroy Merlin - Réf. 82645826,Fournitures client - Bois / Panneaux,Yes,,https://media.adeo.com/marketplace/LMFR/82645826/00000000000082645826_01c_FR_CF.avif,,,,,,,No,,,,No,,,,
Panneau OSB3 KRONOSPAN 18 mm 250x125 cm – Réf. 98220538,,,,,,,,,,Yes,0.00,,No,,No,,,,,,No,,,LM-98220538,,,À fournir par le client - Leroy Merlin - Réf. 98220538,Fournitures client - Bois / Panneaux,Yes,,https://media.adeo.com/marketplace/LMFR/98220538/00000000000098220538_01c_FR_CF.avif,,,,,,,No,,,,No,,,,
Dalle OSB3 KRONOSPAN 15 mm 205x62.5 cm – Réf. 19095790,,,,,,,,,,Yes,0.00,,No,,No,,,,,,No,,,LM-19095790,,,À fournir par le client - Leroy Merlin - Réf. 19095790,Fournitures client - Bois / Panneaux,Yes,,https://media.adeo.com/marketplace/LMFR/19095790/00000000000019095790_01c_FR_CF.avif,,,,,,,No,,,,No,,,,
Dalle OSB3 épicéa 18 mm 205x67.5 cm – Réf. 70348341,,,,,,,,,,Yes,0.00,,No,,No,,,,,,No,,,LM-70348341,,,À fournir par le client - Leroy Merlin - Réf. 70348341,Fournitures client - Bois / Panneaux,Yes,,https://media.adeo.com/marketplace/LMFR/70348341/00000000000070348341_01c_FR_CF.avif,,,,,,,No,,,,No,,,,
Dalle OSB3 SWISS KRONO 22 mm 250x67.5 cm – Réf. 70257453,,,,,,,,,,Yes,0.00,,No,,No,,,,,,No,,,LM-70257453,,,À fournir par le client - Leroy Merlin - Réf. 70257453,Fournitures client - Bois / Panneaux,Yes,,https://media.adeo.com/marketplace/LMFR/70257453/00000000000070257453_01c_FR_CF.avif,,,,,,,No,,,,No,,,,
Panneau OSB3 18 mm 250x125 cm – Réf. 67764186,,,,,,,,,,Yes,0.00,,No,,No,,,,,,No,,,LM-67764186,,,À fournir par le client - Leroy Merlin - Réf. 67764186,Fournitures client - Bois / Panneaux,Yes,,https://media.adeo.com/marketplace/LMFR/67764186/00000000000067764186_01c_FR_CF.avif,,,,,,,No,,,,No,,,,
Dalle plancher OSB KRONOSPAN 18 mm 250x62.5 cm – Réf. 97667945,,,,,,,,,,Yes,0.00,,No,,No,,,,,,No,,,LM-97667945,,,À fournir par le client - Leroy Merlin - Réf. 97667945,Fournitures client - Bois / Panneaux,Yes,,https://media.adeo.com/marketplace/LMFR/97667945/00000000000097667945_01c_FR_CF.avif,,,,,,,No,,,,No,,,,
Dalle OSB3 22 mm 205x67.5 cm – Réf. 70348355,,,,,,,,,,Yes,0.00,,No,,No,,,,,,No,,,LM-70348355,,,À fournir par le client - Leroy Merlin - Réf. 70348355,Fournitures client - Bois / Panneaux,Yes,,https://media.adeo.com/marketplace/LMFR/70348355/00000000000070348355_01c_FR_CF.avif,,,,,,,No,,,,No,,,,
Sous-couche plaque de plâtre LUXENS 10 L – Réf. 73031595,,,,,,,,,,Yes,0.00,,No,,No,,,,,,No,,,LM-73031595,,,À fournir par le client - Leroy Merlin - Réf. 73031595,Fournitures client - Peinture / Enduit,Yes,,https://media.adeo.com/marketplace/LMFR/73031595/00000000000073031595_01c_FR_CF.avif,,,,,,,No,,,,No,,,,
Sous-couche plaque de plâtre LUXENS 10 L premium – Réf. 73031672,,,,,,,,,,Yes,0.00,,No,,No,,,,,,No,,,LM-73031672,,,À fournir par le client - Leroy Merlin - Réf. 73031672,Fournitures client - Peinture / Enduit,Yes,,https://media.adeo.com/marketplace/LMFR/73031672/00000000000073031672_01c_FR_CF.avif,,,,,,,No,,,,No,,,,
Sous-couche façade LUXENS 10 L – Réf. 85063440,,,,,,,,,,Yes,0.00,,No,,No,,,,,,No,,,LM-85063440,,,À fournir par le client - Leroy Merlin - Réf. 85063440,Fournitures client - Peinture / Enduit,Yes,,https://media.adeo.com/marketplace/LMFR/85063440/00000000000085063440_01c_FR_CF.avif,,,,,,,No,,,,No,,,,
Sous-couche façade LUXENS blanc grisé 10 L – Réf. 67183151,,,,,,,,,,Yes,0.00,,No,,No,,,,,,No,,,LM-67183151,,,À fournir par le client - Leroy Merlin - Réf. 67183151,Fournitures client - Peinture / Enduit,Yes,,https://media.adeo.com/marketplace/LMFR/67183151/00000000000067183151_01c_FR_CF.avif,,,,,,,No,,,,No,,,,
Sous-couche universelle LUXENS 10 L – Réf. 73031784,,,,,,,,,,Yes,0.00,,No,,No,,,,,,No,,,LM-73031784,,,À fournir par le client - Leroy Merlin - Réf. 73031784,Fournitures client - Peinture / Enduit,Yes,,https://media.adeo.com/marketplace/LMFR/73031784/00000000000073031784_01c_FR_CF.avif,,,,,,,No,,,,No,,,,
Sous-couche universelle LUXENS 12 L promo – Réf. 73031791,,,,,,,,,,Yes,0.00,,No,,No,,,,,,No,,,LM-73031791,,,À fournir par le client - Leroy Merlin - Réf. 73031791,Fournitures client - Peinture / Enduit,Yes,,https://media.adeo.com/marketplace/LMFR/73031791/00000000000073031791_01c_FR_CF.avif,,,,,,,No,,,,No,,,,
Enduit de lissage poudre AXTON 5 kg – Réf. 84173427,,,,,,,,,,Yes,0.00,,No,,No,,,,,,No,,,LM-84173427,,,À fournir par le client - Leroy Merlin - Réf. 84173427,Fournitures client - Peinture / Enduit,Yes,,https://media.adeo.com/marketplace/LMFR/84173427/00000000000084173427_01c_FR_CF.avif,,,,,,,No,,,,No,,,,
Enduit de rebouchage poudre AXTON 5 kg – Réf. 84173415,,,,,,,,,,Yes,0.00,,No,,No,,,,,,No,,,LM-84173415,,,À fournir par le client - Leroy Merlin - Réf. 84173415,Fournitures client - Peinture / Enduit,Yes,,https://media.adeo.com/marketplace/LMFR/84173415/00000000000084173415_01c_FR_CF.avif,,,,,,,No,,,,No,,,,
Enduit de lissage poudre AXTON 5 kg - ancienne réf – Réf. 73064222,,,,,,,,,,Yes,0.00,,No,,No,,,,,,No,,,LM-73064222,,,À fournir par le client - Leroy Merlin - Réf. 73064222,Fournitures client - Peinture / Enduit,Yes,,https://media.adeo.com/marketplace/LMFR/73064222/00000000000073064222_01c_FR_CF.avif,,,,,,,No,,,,No,,,,
Enduit de lissage pâte AXTON blanc 5 kg – Réf. 73081904,,,,,,,,,,Yes,0.00,,No,,No,,,,,,No,,,LM-73081904,,,À fournir par le client - Leroy Merlin - Réf. 73081904,Fournitures client - Peinture / Enduit,Yes,,https://media.adeo.com/marketplace/LMFR/73081904/00000000000073081904_01c_FR_CF.avif,,,,,,,No,,,,No,,,,
Coude PVC 67°30 F/M Ø40 GIRPI – Réf. 62676026,,,,,,,,,,Yes,0.00,,No,,No,,,,,,No,,,LM-62676026,,,À fournir par le client - Leroy Merlin - Réf. 62676026,Fournitures client - Autres,Yes,,https://media.adeo.com/marketplace/LMFR/62676026/00000000000062676026_01c_FR_CF.avif,,,,,,,No,,,,No,,,,
Coude PVC 45° F/F Ø40 GIRPI – Réf. 56032501,,,,,,,,,,Yes,0.00,,No,,No,,,,,,No,,,LM-56032501,,,À fournir par le client - Leroy Merlin - Réf. 56032501,Fournitures client - Autres,Yes,,https://media.adeo.com/marketplace/LMFR/56032501/00000000000056032501_01c_FR_CF.avif,,,,,,,No,,,,No,,,,
Coude PVC 45° F/M Ø32 GIRPI – Réf. 56031360,,,,,,,,,,Yes,0.00,,No,,No,,,,,,No,,,LM-56031360,,,À fournir par le client - Leroy Merlin - Réf. 56031360,Fournitures client - Autres,Yes,,https://media.adeo.com/marketplace/LMFR/56031360/00000000000056031360_01c_FR_CF.avif,,,,,,,No,,,,No,,,,
Coude PVC 22°30 F/F Ø40 GIRPI – Réf. 56175063,,,,,,,,,,Yes,0.00,,No,,No,,,,,,No,,,LM-56175063,,,À fournir par le client - Leroy Merlin - Réf. 56175063,Fournitures client - Autres,Yes,,https://media.adeo.com/marketplace/LMFR/56175063/00000000000056175063_01c_FR_CF.avif,,,,,,,No,,,,No,,,,
Coude PVC 45° F/F Ø32 GIRPI – Réf. 56032494,,,,,,,,,,Yes,0.00,,No,,No,,,,,,No,,,LM-56032494,,,À fournir par le client - Leroy Merlin - Réf. 56032494,Fournitures client - Autres,Yes,,https://media.adeo.com/marketplace/LMFR/56032494/00000000000056032494_01c_FR_CF.avif,,,,,,,No,,,,No,,,,
Manchon PVC F/F Ø32 GIRPI – Réf. 56031416,,,,,,,,,,Yes,0.00,,No,,No,,,,,,No,,,LM-56031416,,,À fournir par le client - Leroy Merlin - Réf. 56031416,Fournitures client - Autres,Yes,,https://media.adeo.com/marketplace/LMFR/56031416/00000000000056031416_01c_FR_CF.avif,,,,,,,No,,,,No,,,,
Té PVC 87°30 F/F Ø40 GIRPI – Réf. 56032564,,,,,,,,,,Yes,0.00,,No,,No,,,,,,No,,,LM-56032564,,,À fournir par le client - Leroy Merlin - Réf. 56032564,Fournitures client - Autres,Yes,,https://media.adeo.com/marketplace/LMFR/56032564/00000000000056032564_01c_FR_CF.avif,,,,,,,No,,,,No,,,,
Culotte PVC 45° F/F Ø100 GIRPI – Réf. 69191570,,,,,,,,,,Yes,0.00,,No,,No,,,,,,No,,,LM-69191570,,,À fournir par le client - Leroy Merlin - Réf. 69191570,Fournitures client - Autres,Yes,,https://media.adeo.com/marketplace/LMFR/69191570/00000000000069191570_01c_FR_CF.avif,,,,,,,No,,,,No,,,,
Coude PVC 87°3 F/M Ø100 GIRPI – Réf. 69191521,,,,,,,,,,Yes,0.00,,No,,No,,,,,,No,,,LM-69191521,,,À fournir par le client - Leroy Merlin - Réf. 69191521,Fournitures client - Autres,Yes,,https://media.adeo.com/marketplace/LMFR/69191521/00000000000069191521_01c_FR_CF.avif,,,,,,,No,,,,No,,,,
Té PVC 87°30 F/F Ø100 GIRPI – Réf. 64923936,,,,,,,,,,Yes,0.00,,No,,No,,,,,,No,,,LM-64923936,,,À fournir par le client - Leroy Merlin - Réf. 64923936,Fournitures client - Autres,Yes,,https://media.adeo.com/marketplace/LMFR/64923936/00000000000064923936_01c_FR_CF.avif,,,,,,,No,,,,No,,,,
Coude PVC 22°30 F/F Ø100 GIRPI – Réf. 69191556,,,,,,,,,,Yes,0.00,,No,,No,,,,,,No,,,LM-69191556,,,À fournir par le client - Leroy Merlin - Réf. 69191556,Fournitures client - Autres,Yes,,https://media.adeo.com/marketplace/LMFR/69191556/00000000000069191556_01c_FR_CF.avif,,,,,,,No,,,,No,,,,
Coude PVC 45° F/M Ø50 GIRPI – Réf. 56178815,,,,,,,,,,Yes,0.00,,No,,No,,,,,,No,,,LM-56178815,,,À fournir par le client - Leroy Merlin - Réf. 56178815,Fournitures client - Autres,Yes,,https://media.adeo.com/marketplace/LMFR/56178815/00000000000056178815_01c_FR_CF.avif,,,,,,,No,,,,No,,,,
Réduction incorporée PVC F/M Ø40/32 GIRPI – Réf. 56031465,,,,,,,,,,Yes,0.00,,No,,No,,,,,,No,,,LM-56031465,,,À fournir par le client - Leroy Merlin - Réf. 56031465,Fournitures client - Autres,Yes,,https://media.adeo.com/marketplace/LMFR/56031465/00000000000056031465_01c_FR_CF.avif,,,,,,,No,,,,No,,,,
Manchon PVC F/F Ø50 GIRPI – Réf. 56178836,,,,,,,,,,Yes,0.00,,No,,No,,,,,,No,,,LM-56178836,,,À fournir par le client - Leroy Merlin - Réf. 56178836,Fournitures client - Autres,Yes,,https://media.adeo.com/marketplace/LMFR/56178836/00000000000056178836_01c_FR_CF.avif,,,,,,,No,,,,No,,,,
Coude PVC 22°30 F/M Ø32 GIRPI – Réf. 61633663,,,,,,,,,,Yes,0.00,,No,,No,,,,,,No,,,LM-61633663,,,À fournir par le client - Leroy Merlin - Réf. 61633663,Fournitures client - Autres,Yes,,https://media.adeo.com/marketplace/LMFR/61633663/00000000000061633663_01c_FR_CF.avif,,,,,,,No,,,,No,,,,
Coude PVC 87°3 F/F Ø50 GIRPI – Réf. 56178976,,,,,,,,,,Yes,0.00,,No,,No,,,,,,No,,,LM-56178976,,,À fournir par le client - Leroy Merlin - Réf. 56178976,Fournitures client - Autres,Yes,,https://media.adeo.com/marketplace/LMFR/56178976/00000000000056178976_01c_FR_CF.avif,,,,,,,No,,,,No,,,,
Coude PVC 22°30 F/M Ø100 GIRPI – Réf. 69191542,,,,,,,,,,Yes,0.00,,No,,No,,,,,,No,,,LM-69191542,,,À fournir par le client - Leroy Merlin - Réf. 69191542,Fournitures client - Autres,Yes,,https://media.adeo.com/marketplace/LMFR/69191542/00000000000069191542_01c_FR_CF.avif,,,,,,,No,,,,No,,,,
Réduction excentrée PVC F/M Ø40/32 GIRPI – Réf. 56031451,,,,,,,,,,Yes,0.00,,No,,No,,,,,,No,,,LM-56031451,,,À fournir par le client - Leroy Merlin - Réf. 56031451,Fournitures client - Autres,Yes,,https://media.adeo.com/marketplace/LMFR/56031451/00000000000056031451_01c_FR_CF.avif,,,,,,,No,,,,No,,,,
Té pied-de-biche PVC 87°30 F/F Ø40 GIRPI – Réf. 56175091,,,,,,,,,,Yes,0.00,,No,,No,,,,,,No,,,LM-56175091,,,À fournir par le client - Leroy Merlin - Réf. 56175091,Fournitures client - Autres,Yes,,https://media.adeo.com/marketplace/LMFR/56175091/00000000000056175091_01c_FR_CF.avif,,,,,,,No,,,,No,,,,
Coude PVC 67°30 F/M Ø32 GIRPI – Réf. 62675683,,,,,,,,,,Yes,0.00,,No,,No,,,,,,No,,,LM-62675683,,,À fournir par le client - Leroy Merlin - Réf. 62675683,Fournitures client - Autres,Yes,,https://media.adeo.com/marketplace/LMFR/62675683/00000000000062675683_01c_FR_CF.avif,,,,,,,No,,,,No,,,,
Culotte PVC 45° F/M Ø40 GIRPI – Réf. 56031724,,,,,,,,,,Yes,0.00,,No,,No,,,,,,No,,,LM-56031724,,,À fournir par le client - Leroy Merlin - Réf. 56031724,Fournitures client - Autres,Yes,,https://media.adeo.com/marketplace/LMFR/56031724/00000000000056031724_01c_FR_CF.avif,,,,,,,No,,,,No,,,,
Réduction excentrée PVC F/M Ø50/40 GIRPI – Réf. 56031675,,,,,,,,,,Yes,0.00,,No,,No,,,,,,No,,,LM-56031675,,,À fournir par le client - Leroy Merlin - Réf. 56031675,Fournitures client - Autres,Yes,,https://media.adeo.com/marketplace/LMFR/56031675/00000000000056031675_01c_FR_CF.avif,,,,,,,No,,,,No,,,,
Té PVC 87°30 F/M Ø100 GIRPI – Réf. 69191535,,,,,,,,,,Yes,0.00,,No,,No,,,,,,No,,,LM-69191535,,,À fournir par le client - Leroy Merlin - Réf. 69191535,Fournitures client - Autres,Yes,,https://media.adeo.com/marketplace/LMFR/69191535/00000000000069191535_01c_FR_CF.avif,,,,,,,No,,,,No,,,,
Té PVC 87°30 F/M Ø40 GIRPI – Réf. 56031745,,,,,,,,,,Yes,0.00,,No,,No,,,,,,No,,,LM-56031745,,,À fournir par le client - Leroy Merlin - Réf. 56031745,Fournitures client - Autres,Yes,,https://media.adeo.com/marketplace/LMFR/56031745/00000000000056031745_01c_FR_CF.avif,,,,,,,No,,,,No,,,,
Coude PVC 45° F/F Ø50 GIRPI – Réf. 56178871,,,,,,,,,,Yes,0.00,,No,,No,,,,,,No,,,LM-56178871,,,À fournir par le client - Leroy Merlin - Réf. 56178871,Fournitures client - Autres,Yes,,https://media.adeo.com/marketplace/LMFR/56178871/00000000000056178871_01c_FR_CF.avif,,,,,,,No,,,,No,,,,
Coude PVC 22°30 F/F Ø32 GIRPI – Réf. 56174965,,,,,,,,,,Yes,0.00,,No,,No,,,,,,No,,,LM-56174965,,,À fournir par le client - Leroy Merlin - Réf. 56174965,Fournitures client - Autres,Yes,,https://media.adeo.com/marketplace/LMFR/56174965/00000000000056174965_01c_FR_CF.avif,,,,,,,No,,,,No,,,,
Té PVC 87°30 F/F Ø32 GIRPI – Réf. 56032550,,,,,,,,,,Yes,0.00,,No,,No,,,,,,No,,,LM-56032550,,,À fournir par le client - Leroy Merlin - Réf. 56032550,Fournitures client - Autres,Yes,,https://media.adeo.com/marketplace/LMFR/56032550/00000000000056032550_01c_FR_CF.avif,,,,,,,No,,,,No,,,,
Manchon PVC F/F Ø40 GIRPI – Réf. 70076286,,,,,,,,,,Yes,0.00,,No,,No,,,,,,No,,,LM-70076286,,,À fournir par le client - Leroy Merlin - Réf. 70076286,Fournitures client - Autres,Yes,,https://media.adeo.com/marketplace/LMFR/70076286/00000000000070076286_01c_FR_CF.avif,,,,,,,No,,,,No,,,,
Culotte PVC 45° F/F Ø40 GIRPI – Réf. 56032543,,,,,,,,,,Yes,0.00,,No,,No,,,,,,No,,,LM-56032543,,,À fournir par le client - Leroy Merlin - Réf. 56032543,Fournitures client - Autres,Yes,,https://media.adeo.com/marketplace/LMFR/56032543/00000000000056032543_01c_FR_CF.avif,,,,,,,No,,,,No,,,,
Manchette PVC F/F Ø40 GIRPI – Réf. 67637906,,,,,,,,,,Yes,0.00,,No,,No,,,,,,No,,,LM-67637906,,,À fournir par le client - Leroy Merlin - Réf. 67637906,Fournitures client - Autres,Yes,,https://media.adeo.com/marketplace/LMFR/67637906/00000000000067637906_01c_FR_CF.avif,,,,,,,No,,,,No,,,,
Réduction incorporée PVC F/M Ø50/40 GIRPI – Réf. 56175231,,,,,,,,,,Yes,0.00,,No,,No,,,,,,No,,,LM-56175231,,,À fournir par le client - Leroy Merlin - Réf. 56175231,Fournitures client - Autres,Yes,,https://media.adeo.com/marketplace/LMFR/56175231/00000000000056175231_01c_FR_CF.avif,,,,,,,No,,,,No,,,,
Bouchon PVC mâle Ø40 GIRPI – Réf. 56031633,,,,,,,,,,Yes,0.00,,No,,No,,,,,,No,,,LM-56031633,,,À fournir par le client - Leroy Merlin - Réf. 56031633,Fournitures client - Autres,Yes,,https://media.adeo.com/marketplace/LMFR/56031633/00000000000056031633_01c_FR_CF.avif,,,,,,,No,,,,No,,,,
Disjoncteur Legrand DNX3 10A monophasé – Réf. 60018602,,,,,,,,,,Yes,0.00,,No,,No,,,,,,No,,,LM-60018602,,,À fournir par le client - Leroy Merlin - Réf. 60018602,Fournitures client - Électricité,Yes,,https://media.adeo.com/marketplace/LMFR/60018602/00000000000060018602_01c_FR_CF.avif,,,,,,,No,,,,No,,,,
Disjoncteur Legrand DNX3 20A monophasé – Réf. 60018623,,,,,,,,,,Yes,0.00,,No,,No,,,,,,No,,,LM-60018623,,,À fournir par le client - Leroy Merlin - Réf. 60018623,Fournitures client - Électricité,Yes,,https://media.adeo.com/marketplace/LMFR/60018623/00000000000060018623_01c_FR_CF.avif,,,,,,,No,,,,No,,,,
Disjoncteur Legrand DNX3 16A monophasé – Réf. 60018616,,,,,,,,,,Yes,0.00,,No,,No,,,,,,No,,,LM-60018616,,,À fournir par le client - Leroy Merlin - Réf. 60018616,Fournitures client - Électricité,Yes,,https://media.adeo.com/marketplace/LMFR/60018616/00000000000060018616_01c_FR_CF.avif,,,,,,,No,,,,No,,,,
Disjoncteur Legrand DNX3 10A automatique – Réf. 70661122,,,,,,,,,,Yes,0.00,,No,,No,,,,,,No,,,LM-70661122,,,À fournir par le client - Leroy Merlin - Réf. 70661122,Fournitures client - Électricité,Yes,,https://media.adeo.com/marketplace/LMFR/70661122/00000000000070661122_01c_FR_CF.avif,,,,,,,No,,,,No,,,,
Disjoncteur Legrand DNX3 2A monophasé – Réf. 60018595,,,,,,,,,,Yes,0.00,,No,,No,,,,,,No,,,LM-60018595,,,À fournir par le client - Leroy Merlin - Réf. 60018595,Fournitures client - Électricité,Yes,,https://media.adeo.com/marketplace/LMFR/60018595/00000000000060018595_01c_FR_CF.avif,,,,,,,No,,,,No,,,,
Disjoncteur Legrand DNX3 16A automatique – Réf. 70661136,,,,,,,,,,Yes,0.00,,No,,No,,,,,,No,,,LM-70661136,,,À fournir par le client - Leroy Merlin - Réf. 70661136,Fournitures client - Électricité,Yes,,https://media.adeo.com/marketplace/LMFR/70661136/00000000000070661136_01c_FR_CF.avif,,,,,,,No,,,,No,,,,
Disjoncteur Legrand DNX3 20A automatique – Réf. 70661143,,,,,,,,,,Yes,0.00,,No,,No,,,,,,No,,,LM-70661143,,,À fournir par le client - Leroy Merlin - Réf. 70661143,Fournitures client - Électricité,Yes,,https://media.adeo.com/marketplace/LMFR/70661143/00000000000070661143_01c_FR_CF.avif,,,,,,,No,,,,No,,,,
Disjoncteur Legrand DNX3 2A automatique – Réf. 70661115,,,,,,,,,,Yes,0.00,,No,,No,,,,,,No,,,LM-70661115,,,À fournir par le client - Leroy Merlin - Réf. 70661115,Fournitures client - Électricité,Yes,,https://media.adeo.com/marketplace/LMFR/70661115/00000000000070661115_01c_FR_CF.avif,,,,,,,No,,,,No,,,,
Lot 5 disjoncteurs Legrand 10A automatiques – Réf. 82249185,,,,,,,,,,Yes,0.00,,No,,No,,,,,,No,,,LM-82249185,,,À fournir par le client - Leroy Merlin - Réf. 82249185,Fournitures client - Électricité,Yes,,https://media.adeo.com/marketplace/LMFR/82249185/00000000000082249185_01c_FR_CF.avif,,,,,,,No,,,,No,,,,
Lot 5 disjoncteurs Legrand 16A automatiques – Réf. 82249186,,,,,,,,,,Yes,0.00,,No,,No,,,,,,No,,,LM-82249186,,,À fournir par le client - Leroy Merlin - Réf. 82249186,Fournitures client - Électricité,Yes,,https://media.adeo.com/marketplace/LMFR/82249186/00000000000082249186_01c_FR_CF.avif,,,,,,,No,,,,No,,,,
Lot 5 disjoncteurs Legrand 20A automatiques – Réf. 82249187,,,,,,,,,,Yes,0.00,,No,,No,,,,,,No,,,LM-82249187,,,À fournir par le client - Leroy Merlin - Réf. 82249187,Fournitures client - Électricité,Yes,,https://media.adeo.com/marketplace/LMFR/82249187/00000000000082249187_01c_FR_CF.avif,,,,,,,No,,,,No,,,,
Disjoncteur Legrand DNX3 32A automatique – Réf. 70661150,,,,,,,,,,Yes,0.00,,No,,No,,,,,,No,,,LM-70661150,,,À fournir par le client - Leroy Merlin - Réf. 70661150,Fournitures client - Électricité,Yes,,https://media.adeo.com/marketplace/LMFR/70661150/00000000000070661150_01c_FR_CF.avif,,,,,,,No,,,,No,,,,
Disjoncteur Legrand DNX3 16A autre version – Réf. 79917803,,,,,,,,,,Yes,0.00,,No,,No,,,,,,No,,,LM-79917803,,,À fournir par le client - Leroy Merlin - Réf. 79917803,Fournitures client - Électricité,Yes,,https://media.adeo.com/marketplace/LMFR/79917803/00000000000079917803_01c_FR_CF.avif,,,,,,,No,,,,No,,,,
Disjoncteur Legrand DNX3 10A autre version – Réf. 79917796,,,,,,,,,,Yes,0.00,,No,,No,,,,,,No,,,LM-79917796,,,À fournir par le client - Leroy Merlin - Réf. 79917796,Fournitures client - Électricité,Yes,,https://media.adeo.com/marketplace/LMFR/79917796/00000000000079917796_01c_FR_CF.avif,,,,,,,No,,,,No,,,,
Disjoncteur Legrand DNX3 20A autre version – Réf. 79917810,,,,,,,,,,Yes,0.00,,No,,No,,,,,,No,,,LM-79917810,,,À fournir par le client - Leroy Merlin - Réf. 79917810,Fournitures client - Électricité,Yes,,https://media.adeo.com/marketplace/LMFR/79917810/00000000000079917810_01c_FR_CF.avif,,,,,,,No,,,,No,,,,
Disjoncteur Legrand DNX3 45A – Réf. 82204151,,,,,,,,,,Yes,0.00,,No,,No,,,,,,No,,,LM-82204151,,,À fournir par le client - Leroy Merlin - Réf. 82204151,Fournitures client - Électricité,Yes,,https://media.adeo.com/marketplace/LMFR/82204151/00000000000082204151_01c_FR_CF.avif,,,,,,,No,,,,No,,,,
Kit imperméabilisation AXTON 4 m² – Réf. 67442396,,,,,,,,,,Yes,0.00,,No,,No,,,,,,No,,,LM-67442396,,,À fournir par le client - Leroy Merlin - Réf. 67442396,Fournitures client - Autres,Yes,,https://media.adeo.com/marketplace/LMFR/67442396/00000000000067442396_01c_FR_CF.avif,,,,,,,No,,,,No,,,,
Kit imperméabilisation AXTON 8 kg – Réf. 67442403,,,,,,,,,,Yes,0.00,,No,,No,,,,,,No,,,LM-67442403,,,À fournir par le client - Leroy Merlin - Réf. 67442403,Fournitures client - Autres,Yes,,https://media.adeo.com/marketplace/LMFR/67442403/00000000000067442403_01c_FR_CF.avif,,,,,,,No,,,,No,,,,
Enduit imperméabilisation AXTON 7 kg – Réf. 67442375,,,,,,,,,,Yes,0.00,,No,,No,,,,,,No,,,LM-67442375,,,À fournir par le client - Leroy Merlin - Réf. 67442375,Fournitures client - Peinture / Enduit,Yes,,https://media.adeo.com/marketplace/LMFR/67442375/00000000000067442375_01c_FR_CF.avif,,,,,,,No,,,,No,,,,
Kit imperméabilisation mur sol angle AXTON 7 kg – Réf. 88318426,,,,,,,,,,Yes,0.00,,No,,No,,,,,,No,,,LM-88318426,,,À fournir par le client - Leroy Merlin - Réf. 88318426,Fournitures client - Autres,Yes,,https://media.adeo.com/marketplace/LMFR/88318426/00000000000088318426_01c_FR_CF.avif,,,,,,,No,,,,No,,,,
Enduit imperméabilisation AXTON 3 kg – Réf. 69150011,,,,,,,,,,Yes,0.00,,No,,No,,,,,,No,,,LM-69150011,,,À fournir par le client - Leroy Merlin - Réf. 69150011,Fournitures client - Peinture / Enduit,Yes,,https://media.adeo.com/marketplace/LMFR/69150011/00000000000069150011_01c_FR_CF.avif,,,,,,,No,,,,No,,,,
Enduit imperméabilisation mur et sol AXTON 7 kg – Réf. 88318424,,,,,,,,,,Yes,0.00,,No,,No,,,,,,No,,,LM-88318424,,,À fournir par le client - Leroy Merlin - Réf. 88318424,Fournitures client - Peinture / Enduit,Yes,,https://media.adeo.com/marketplace/LMFR/88318424/00000000000088318424_01c_FR_CF.avif,,,,,,,No,,,,No,,,,
Kit imperméabilisation mur sol angle AXTON 3 kg – Réf. 88318425,,,,,,,,,,Yes,0.00,,No,,No,,,,,,No,,,LM-88318425,,,À fournir par le client - Leroy Merlin - Réf. 88318425,Fournitures client - Autres,Yes,,https://media.adeo.com/marketplace/LMFR/88318425/00000000000088318425_01c_FR_CF.avif,,,,,,,No,,,,No,,,,
Mastic étanchéité cuisine bain AXTON transparent 280 ml – Réf. 83983092,,,,,,,,,,Yes,0.00,,No,,No,,,,,,No,,,LM-83983092,,,À fournir par le client - Leroy Merlin - Réf. 83983092,Fournitures client - Étanchéité,Yes,,https://media.adeo.com/marketplace/LMFR/83983092/00000000000083983092_01c_FR_CF.avif,,,,,,,No,,,,No,,,,
Mastic étanchéité cuisine bain AXTON blanc 60 ml – Réf. 82291456,,,,,,,,,,Yes,0.00,,No,,No,,,,,,No,,,LM-82291456,,,À fournir par le client - Leroy Merlin - Réf. 82291456,Fournitures client - Étanchéité,Yes,,https://media.adeo.com/marketplace/LMFR/82291456/00000000000082291456_01c_FR_CF.avif,,,,,,,No,,,,No,,,,
Mastic étanchéité cuisine bain AXTON blanc 2x280 ml – Réf. 82291472,,,,,,,,,,Yes,0.00,,No,,No,,,,,,No,,,LM-82291472,,,À fournir par le client - Leroy Merlin - Réf. 82291472,Fournitures client - Étanchéité,Yes,,https://media.adeo.com/marketplace/LMFR/82291472/00000000000082291472_01c_FR_CF.avif,,,,,,,No,,,,No,,,,
Rouleau façade DEXTER 180 mm – Réf. 70620473,,,,,,,,,,Yes,0.00,,No,,No,,,,,,No,,,LM-70620473,,,À fournir par le client - Leroy Merlin - Réf. 70620473,Fournitures client - Autres,Yes,,https://media.adeo.com/marketplace/LMFR/70620473/00000000000070620473_01c_FR_CF.avif,,,,,,,No,,,,No,,,,
Rouleau façade DEXTER 180 mm fibres extra-longues – Réf. 70620522,,,,,,,,,,Yes,0.00,,No,,No,,,,,,No,,,LM-70620522,,,À fournir par le client - Leroy Merlin - Réf. 70620522,Fournitures client - Autres,Yes,,https://media.adeo.com/marketplace/LMFR/70620522/00000000000070620522_01c_FR_CF.avif,,,,,,,No,,,,No,,,,
Rouleau mur/plafond lisse DEXTER 180 mm – Réf. 70620151,,,,,,,,,,Yes,0.00,,No,,No,,,,,,No,,,LM-70620151,,,À fournir par le client - Leroy Merlin - Réf. 70620151,Fournitures client - Autres,Yes,,https://media.adeo.com/marketplace/LMFR/70620151/00000000000070620151_01c_FR_CF.avif,,,,,,,No,,,,No,,,,
Rouleau mur/plafond relief DEXTER 180 mm – Réf. 81990972,,,,,,,,,,Yes,0.00,,No,,No,,,,,,No,,,LM-81990972,,,À fournir par le client - Leroy Merlin - Réf. 81990972,Fournitures client - Autres,Yes,,https://media.adeo.com/marketplace/LMFR/81990972/00000000000081990972_01c_FR_CF.avif,,,,,,,No,,,,No,,,,
Rouleau façade lisse DEXTER 180 mm – Réf. 82799954,,,,,,,,,,Yes,0.00,,No,,No,,,,,,No,,,LM-82799954,,,À fournir par le client - Leroy Merlin - Réf. 82799954,Fournitures client - Autres,Yes,,https://media.adeo.com/marketplace/LMFR/82799954/00000000000082799954_01c_FR_CF.avif,,,,,,,No,,,,No,,,,
Rouleau façade rugueuse DEXTER 180 mm – Réf. 82800004,,,,,,,,,,Yes,0.00,,No,,No,,,,,,No,,,LM-82800004,,,À fournir par le client - Leroy Merlin - Réf. 82800004,Fournitures client - Autres,Yes,,https://media.adeo.com/marketplace/LMFR/82800004/00000000000082800004_01c_FR_CF.avif,,,,,,,No,,,,No,,,,
Rouleau crépi/enduit façade DEXTER 180 mm – Réf. 70620571,,,,,,,,,,Yes,0.00,,No,,No,,,,,,No,,,LM-70620571,,,À fournir par le client - Leroy Merlin - Réf. 70620571,Fournitures client - Peinture / Enduit,Yes,,https://media.adeo.com/marketplace/LMFR/70620571/00000000000070620571_01c_FR_CF.avif,,,,,,,No,,,,No,,,,
"Bâche mur/sol avec ruban DEXTER 20 x 2,7 m – Réf. 82328911",,,,,,,,,,Yes,0.00,,No,,No,,,,,,No,,,LM-82328911,,,À fournir par le client - Leroy Merlin - Réf. 82328911,Fournitures client - Autres,Yes,,https://media.adeo.com/marketplace/LMFR/82328911/00000000000082328911_01c_FR_CF.avif,,,,,,,No,,,,No,,,,
Bâche sol/couloir DEXTER 40 microns 15 x 3 m – Réf. 82261731,,,,,,,,,,Yes,0.00,,No,,No,,,,,,No,,,LM-82261731,,,À fournir par le client - Leroy Merlin - Réf. 82261731,Fournitures client - Autres,Yes,,https://media.adeo.com/marketplace/LMFR/82261731/00000000000082261731_01c_FR_CF.avif,,,,,,,No,,,,No,,,,
Bâche meuble DEXTER 12 microns 3 x 10 m – Réf. 82261724,,,,,,,,,,Yes,0.00,,No,,No,,,,,,No,,,LM-82261724,,,À fournir par le client - Leroy Merlin - Réf. 82261724,Fournitures client - Autres,Yes,,https://media.adeo.com/marketplace/LMFR/82261724/00000000000082261724_01c_FR_CF.avif,,,,,,,No,,,,No,,,,
Bâche sol/escalier/couloir DEXTER PRO 80 microns 15 x 3 m – Réf. 82261734,,,,,,,,,,Yes,0.00,,No,,No,,,,,,No,,,LM-82261734,,,À fournir par le client - Leroy Merlin - Réf. 82261734,Fournitures client - Autres,Yes,,https://media.adeo.com/marketplace/LMFR/82261734/00000000000082261734_01c_FR_CF.avif,,,,,,,No,,,,No,,,,
Ruban masquage DEXTER surfaces lisses 48 mm x 50 m – Réf. 86904474,,,,,,,,,,Yes,0.00,,No,,No,,,,,,No,,,LM-86904474,,,À fournir par le client - Leroy Merlin - Réf. 86904474,Fournitures client - Autres,Yes,,https://media.adeo.com/marketplace/LMFR/86904474/00000000000086904474_01c_FR_CF.avif,,,,,,,No,,,,No,,,,
Ruban masquage DEXTER surfaces lisses 48 mm x 50 m autre réf – Réf. 82306451,,,,,,,,,,Yes,0.00,,No,,No,,,,,,No,,,LM-82306451,,,À fournir par le client - Leroy Merlin - Réf. 82306451,Fournitures client - Autres,Yes,,https://media.adeo.com/marketplace/LMFR/82306451/00000000000082306451_01c_FR_CF.avif,,,,,,,No,,,,No,,,,
Lot 3 rubans masquage DEXTER 48 mm x 50 m – Réf. 86904476,,,,,,,,,,Yes,0.00,,No,,No,,,,,,No,,,LM-86904476,,,À fournir par le client - Leroy Merlin - Réf. 86904476,Fournitures client - Autres,Yes,,https://media.adeo.com/marketplace/LMFR/86904476/00000000000086904476_01c_FR_CF.avif,,,,,,,No,,,,No,,,,
Boîte dérivation LEGRAND 170x170x50 – Réf. 82203715,,,,,,,,,,Yes,0.00,,No,,No,,,,,,No,,,LM-82203715,,,À fournir par le client - Leroy Merlin - Réf. 82203715,Fournitures client - Autres,Yes,,https://media.adeo.com/marketplace/LMFR/82203715/00000000000082203715_01c_FR_CF.avif,,,,,,,No,,,,No,,,,
Boîte dérivation LEGRAND Plexo 80x80 – Réf. 82203883,,,,,,,,,,Yes,0.00,,No,,No,,,,,,No,,,LM-82203883,,,À fournir par le client - Leroy Merlin - Réf. 82203883,Fournitures client - Autres,Yes,,https://media.adeo.com/marketplace/LMFR/82203883/00000000000082203883_01c_FR_CF.avif,,,,,,,No,,,,No,,,,
Boîte dérivation LEGRAND Plexo Ø70 – Réf. 82203881,,,,,,,,,,Yes,0.00,,No,,No,,,,,,No,,,LM-82203881,,,À fournir par le client - Leroy Merlin - Réf. 82203881,Fournitures client - Autres,Yes,,https://media.adeo.com/marketplace/LMFR/82203881/00000000000082203881_01c_FR_CF.avif,,,,,,,No,,,,No,,,,
Boîte dérivation LEGRAND Plexo 100x100 – Réf. 82203885,,,,,,,,,,Yes,0.00,,No,,No,,,,,,No,,,LM-82203885,,,À fournir par le client - Leroy Merlin - Réf. 82203885,Fournitures client - Autres,Yes,,https://media.adeo.com/marketplace/LMFR/82203885/00000000000082203885_01c_FR_CF.avif,,,,,,,No,,,,No,,,,
Boîte dérivation LEGRAND Plexo 155x110 – Réf. 82203887,,,,,,,,,,Yes,0.00,,No,,No,,,,,,No,,,LM-82203887,,,À fournir par le client - Leroy Merlin - Réf. 82203887,Fournitures client - Autres,Yes,,https://media.adeo.com/marketplace/LMFR/82203887/00000000000082203887_01c_FR_CF.avif,,,,,,,No,,,,No,,,,
Prise sortie de câble complète LEGRAND Dooxie blanc – Réf. 83626820,,,,,,,,,,Yes,0.00,,No,,No,,,,,,No,,,LM-83626820,,,À fournir par le client - Leroy Merlin - Réf. 83626820,Fournitures client - Électricité,Yes,,https://media.adeo.com/marketplace/LMFR/83626820/00000000000083626820_01c_FR_CF.avif,,,,,,,No,,,,No,,,,
Prise à composer LEGRAND Dooxie noir – Réf. 80165102,,,,,,,,,,Yes,0.00,,No,,No,,,,,,No,,,LM-80165102,,,À fournir par le client - Leroy Merlin - Réf. 80165102,Fournitures client - Électricité,Yes,,https://media.adeo.com/marketplace/LMFR/80165102/00000000000080165102_01c_FR_CF.avif,,,,,,,No,,,,No,,,,
Mallette WAGO 150 bornes S2273 et S221 – Réf. 84471164,,,,,,,,,,Yes,0.00,,No,,No,,,,,,No,,,LM-84471164,,,À fournir par le client - Leroy Merlin - Réf. 84471164,Fournitures client - Électricité,Yes,,https://media.adeo.com/marketplace/LMFR/84471164/00000000000084471164_01c_FR_CF.avif,,,,,,,No,,,,No,,,,
Mallette WAGO 100 bornes S221 et S2273 – Réf. 96392952,,,,,,,,,,Yes,0.00,,No,,No,,,,,,No,,,LM-96392952,,,À fournir par le client - Leroy Merlin - Réf. 96392952,Fournitures client - Électricité,Yes,,https://media.adeo.com/marketplace/LMFR/96392952/00000000000096392952_01c_FR_CF.avif,,,,,,,No,,,,No,,,,
Lot 10 bornes automatiques WAGO 2 fils – Réf. 88899407,,,,,,,,,,Yes,0.00,,No,,No,,,,,,No,,,LM-88899407,,,À fournir par le client - Leroy Merlin - Réf. 88899407,Fournitures client - Électricité,Yes,,https://media.adeo.com/marketplace/LMFR/88899407/00000000000088899407_01c_FR_CF.avif,,,,,,,No,,,,No,,,,
Lot 10 bornes automatiques WAGO 3 fils – Réf. 88899414,,,,,,,,,,Yes,0.00,,No,,No,,,,,,No,,,LM-88899414,,,À fournir par le client - Leroy Merlin - Réf. 88899414,Fournitures client - Électricité,Yes,,https://media.adeo.com/marketplace/LMFR/88899414/00000000000088899414_01c_FR_CF.avif,,,,,,,No,,,,No,,,,
Lot 50 bornes automatiques WAGO 2 fils – Réf. 88899417,,,,,,,,,,Yes,0.00,,No,,No,,,,,,No,,,LM-88899417,,,À fournir par le client - Leroy Merlin - Réf. 88899417,Fournitures client - Électricité,Yes,,https://media.adeo.com/marketplace/LMFR/88899417/00000000000088899417_01c_FR_CF.avif,,,,,,,No,,,,No,,,,
Lot 50 bornes automatiques WAGO 3 fils – Réf. 88899423,,,,,,,,,,Yes,0.00,,No,,No,,,,,,No,,,LM-88899423,,,À fournir par le client - Leroy Merlin - Réf. 88899423,Fournitures client - Électricité,Yes,,https://media.adeo.com/marketplace/LMFR/88899423/00000000000088899423_01c_FR_CF.avif,,,,,,,No,,,,No,,,,
Lot 5 bornes automatiques WAGO 5 fils – Réf. 88899421,,,,,,,,,,Yes,0.00,,No,,No,,,,,,No,,,LM-88899421,,,À fournir par le client - Leroy Merlin - Réf. 88899421,Fournitures client - Électricité,Yes,,https://media.adeo.com/marketplace/LMFR/88899421/00000000000088899421_01c_FR_CF.avif,,,,,,,No,,,,No,,,,
Lot 20 bornes automatiques WAGO 2/3/5 fils – Réf. 88899415,,,,,,,,,,Yes,0.00,,No,,No,,,,,,No,,,LM-88899415,,,À fournir par le client - Leroy Merlin - Réf. 88899415,Fournitures client - Électricité,Yes,,https://media.adeo.com/marketplace/LMFR/88899415/00000000000088899415_01c_FR_CF.avif,,,,,,,No,,,,No,,,,
Disjoncteur Schneider Resi9 XP 2A courbe C – Réf. 63064624,,,,,,,,,,Yes,0.00,,No,,No,,,,,,No,,,LM-63064624,,,À fournir par le client - Leroy Merlin - Réf. 63064624,Fournitures client - Électricité,Yes,,https://media.adeo.com/marketplace/LMFR/63064624/00000000000063064624_01c_FR_CF.avif,,,,,,,No,,,,No,,,,
Disjoncteur Schneider Resi9 XP 10A courbe C – Réf. 63064680,,,,,,,,,,Yes,0.00,,No,,No,,,,,,No,,,LM-63064680,,,À fournir par le client - Leroy Merlin - Réf. 63064680,Fournitures client - Électricité,Yes,,https://media.adeo.com/marketplace/LMFR/63064680/00000000000063064680_01c_FR_CF.avif,,,,,,,No,,,,No,,,,
Disjoncteur Schneider Resi9 XP 16A courbe C – Réf. 63064715,,,,,,,,,,Yes,0.00,,No,,No,,,,,,No,,,LM-63064715,,,À fournir par le client - Leroy Merlin - Réf. 63064715,Fournitures client - Électricité,Yes,,https://media.adeo.com/marketplace/LMFR/63064715/00000000000063064715_01c_FR_CF.avif,,,,,,,No,,,,No,,,,
Disjoncteur Schneider Resi9 XP 20A courbe C – Réf. 63064722,,,,,,,,,,Yes,0.00,,No,,No,,,,,,No,,,LM-63064722,,,À fournir par le client - Leroy Merlin - Réf. 63064722,Fournitures client - Électricité,Yes,,https://media.adeo.com/marketplace/LMFR/63064722/00000000000063064722_01c_FR_CF.avif,,,,,,,No,,,,No,,,,
Disjoncteur Schneider Resi9 XP 32A courbe C – Réf. 63064750,,,,,,,,,,Yes,0.00,,No,,No,,,,,,No,,,LM-63064750,,,À fournir par le client - Leroy Merlin - Réf. 63064750,Fournitures client - Électricité,Yes,,https://media.adeo.com/marketplace/LMFR/63064750/00000000000063064750_01c_FR_CF.avif,,,,,,,No,,,,No,,,,
Disjoncteur Schneider Resi9 XE 10A courbe C – Réf. 66473694,,,,,,,,,,Yes,0.00,,No,,No,,,,,,No,,,LM-66473694,,,À fournir par le client - Leroy Merlin - Réf. 66473694,Fournitures client - Électricité,Yes,,https://media.adeo.com/marketplace/LMFR/66473694/00000000000066473694_01c_FR_CF.avif,,,,,,,No,,,,No,,,,
Disjoncteur Schneider Resi9 XE 16A courbe C – Réf. 66473701,,,,,,,,,,Yes,0.00,,No,,No,,,,,,No,,,LM-66473701,,,À fournir par le client - Leroy Merlin - Réf. 66473701,Fournitures client - Électricité,Yes,,https://media.adeo.com/marketplace/LMFR/66473701/00000000000066473701_01c_FR_CF.avif,,,,,,,No,,,,No,,,,
Disjoncteur Schneider Resi9 XE 20A courbe C – Réf. 66473715,,,,,,,,,,Yes,0.00,,No,,No,,,,,,No,,,LM-66473715,,,À fournir par le client - Leroy Merlin - Réf. 66473715,Fournitures client - Électricité,Yes,,https://media.adeo.com/marketplace/LMFR/66473715/00000000000066473715_01c_FR_CF.avif,,,,,,,No,,,,No,,,,
Disjoncteur Schneider Resi9 XE 32A courbe C – Réf. 66473722,,,,,,,,,,Yes,0.00,,No,,No,,,,,,No,,,LM-66473722,,,À fournir par le client - Leroy Merlin - Réf. 66473722,Fournitures client - Électricité,Yes,,https://media.adeo.com/marketplace/LMFR/66473722/00000000000066473722_01c_FR_CF.avif,,,,,,,No,,,,No,,,,
Interrupteur différentiel Legrand 40A 30mA type A automatique – Réf. 70670404,,,,,,,,,,Yes,0.00,,No,,No,,,,,,No,,,LM-70670404,,,À fournir par le client - Leroy Merlin - Réf. 70670404,Fournitures client - Électricité,Yes,,https://media.adeo.com/marketplace/LMFR/70670404/00000000000070670404_01c_FR_CF.avif,,,,,,,No,,,,No,,,,
Disjoncteur de branchement Schneider 60A 500mA – Réf. 82008419,,,,,,,,,,Yes,0.00,,No,,No,,,,,,No,,,LM-82008419,,,À fournir par le client - Leroy Merlin - Réf. 82008419,Fournitures client - Électricité,Yes,,https://media.adeo.com/marketplace/LMFR/82008419/00000000000082008419_01c_FR_CF.avif,,,,,,,No,,,,No,,,,
Contacteur jour/nuit Schneider 20A 250V – Réf. 66971275,,,,,,,,,,Yes,0.00,,No,,No,,,,,,No,,,LM-66971275,,,À fournir par le client - Leroy Merlin - Réf. 66971275,Fournitures client - Autres,Yes,,https://media.adeo.com/marketplace/LMFR/66971275/00000000000066971275_01c_FR_CF.avif,,,,,,,No,,,,No,,,,
Gaine ICTA Ø16 mm L.100 m – Réf. 62900236,,,,,,,,,,Yes,0.00,,No,,No,,,,,,No,,,LM-62900236,,,À fournir par le client - Leroy Merlin - Réf. 62900236,Fournitures client - Électricité,Yes,,https://media.adeo.com/marketplace/LMFR/62900236/00000000000062900236_01c_FR_CF.avif,,,,,,,No,,,,No,,,,
Gaine ICTA Ø20 mm L.25 m – Réf. 62900481,,,,,,,,,,Yes,0.00,,No,,No,,,,,,No,,,LM-62900481,,,À fournir par le client - Leroy Merlin - Réf. 62900481,Fournitures client - Électricité,Yes,,https://media.adeo.com/marketplace/LMFR/62900481/00000000000062900481_01c_FR_CF.avif,,,,,,,No,,,,No,,,,
Boîte encastrement LEXMAN 1 poste P.50 mm – Réf. 70399224,,,,,,,,,,Yes,0.00,,No,,No,,,,,,No,,,LM-70399224,,,À fournir par le client - Leroy Merlin - Réf. 70399224,Fournitures client - Autres,Yes,,https://media.adeo.com/marketplace/LMFR/70399224/00000000000070399224_01c_FR_CF.avif,,,,,,,No,,,,No,,,,
Lot 50 boîtes encastrement Schneider 1 poste P.40 mm – Réf. 89619799,,,,,,,,,,Yes,0.00,,No,,No,,,,,,No,,,LM-89619799,,,À fournir par le client - Leroy Merlin - Réf. 89619799,Fournitures client - Autres,Yes,,https://media.adeo.com/marketplace/LMFR/89619799/00000000000089619799_01c_FR_CF.avif,,,,,,,No,,,,No,,,,
Boîte encastrement LEGRAND 3 postes P.40 mm – Réf. 66576853,,,,,,,,,,Yes,0.00,,No,,No,,,,,,No,,,LM-66576853,,,À fournir par le client - Leroy Merlin - Réf. 66576853,Fournitures client - Autres,Yes,,https://media.adeo.com/marketplace/LMFR/66576853/00000000000066576853_01c_FR_CF.avif,,,,,,,No,,,,No,,,,
Boîtier connexion étanche DEBFLEX – Réf. 65104431,,,,,,,,,,Yes,0.00,,No,,No,,,,,,No,,,LM-65104431,,,À fournir par le client - Leroy Merlin - Réf. 65104431,Fournitures client - Étanchéité,Yes,,https://media.adeo.com/marketplace/LMFR/65104431/00000000000065104431_01c_FR_CF.avif,,,,,,,No,,,,No,,,,
Lot 50 colliers à embases + chevilles Ø16-25 mm – Réf. 69529432,,,,,,,,,,Yes,0.00,,No,,No,,,,,,No,,,LM-69529432,,,À fournir par le client - Leroy Merlin - Réf. 69529432,Fournitures client - Fixation / Visserie,Yes,,https://media.adeo.com/marketplace/LMFR/69529432/00000000000069529432_01c_FR_CF.avif,,,,,,,No,,,,No,,,,
Double prise à composer Dooxie LEGRAND blanc – Réf. 80165110,,,,,,,,,,Yes,0.00,,No,,No,,,,,,No,,,LM-80165110,,,À fournir par le client - Leroy Merlin - Réf. 80165110,Fournitures client - Électricité,Yes,,https://media.adeo.com/marketplace/LMFR/80165110/00000000000080165110_01c_FR_CF.avif,,,,,,,No,,,,No,,,,
Plaque triple Dooxie LEGRAND blanc – Réf. 80164944,,,,,,,,,,Yes,0.00,,No,,No,,,,,,No,,,LM-80164944,,,À fournir par le client - Leroy Merlin - Réf. 80164944,Fournitures client - Autres,Yes,,https://media.adeo.com/marketplace/LMFR/80164944/00000000000080164944_01c_FR_CF.avif,,,,,,,No,,,,No,,,,
Double interrupteur va-et-vient Dooxie LEGRAND blanc – Réf. 80165061,,,,,,,,,,Yes,0.00,,No,,No,,,,,,No,,,LM-80165061,,,À fournir par le client - Leroy Merlin - Réf. 80165061,Fournitures client - Électricité,Yes,,https://media.adeo.com/marketplace/LMFR/80165061/00000000000080165061_01c_FR_CF.avif,,,,,,,No,,,,No,,,,
Sortie de câble complet Dooxie LEGRAND blanc – Réf. 80165099,,,,,,,,,,Yes,0.00,,No,,No,,,,,,No,,,LM-80165099,,,À fournir par le client - Leroy Merlin - Réf. 80165099,Fournitures client - Électricité,Yes,,https://media.adeo.com/marketplace/LMFR/80165099/00000000000080165099_01c_FR_CF.avif,,,,,,,No,,,,No,,,,
Interrupteur va-et-vient Plexo LEGRAND gris – Réf. 82893797,,,,,,,,,,Yes,0.00,,No,,No,,,,,,No,,,LM-82893797,,,À fournir par le client - Leroy Merlin - Réf. 82893797,Fournitures client - Électricité,Yes,,https://media.adeo.com/marketplace/LMFR/82893797/00000000000082893797_01c_FR_CF.avif,,,,,,,No,,,,No,,,,
Tiges scellement chimique M8 x 100 mm - lot de 4 – Réf. 69600923,,,,,,,,,,Yes,0.00,,No,,No,,,,,,No,,,LM-69600923,,,À fournir par le client - Leroy Merlin - Réf. 69600923,Fournitures client - Fixation / Visserie,Yes,,https://media.adeo.com/marketplace/LMFR/69600923/00000000000069600923_01c_FR_CF.avif,,,,,,,No,,,,No,,,,
Tiges scellement chimique M10 x 110 mm - lot de 4 – Réf. 69600944,,,,,,,,,,Yes,0.00,,No,,No,,,,,,No,,,LM-69600944,,,À fournir par le client - Leroy Merlin - Réf. 69600944,Fournitures client - Fixation / Visserie,Yes,,https://media.adeo.com/marketplace/LMFR/69600944/00000000000069600944_01c_FR_CF.avif,,,,,,,No,,,,No,,,,
Tiges scellement chimique M10 x 130 mm - lot de 4 – Réf. 69601091,,,,,,,,,,Yes,0.00,,No,,No,,,,,,No,,,LM-69601091,,,À fournir par le client - Leroy Merlin - Réf. 69601091,Fournitures client - Fixation / Visserie,Yes,,https://media.adeo.com/marketplace/LMFR/69601091/00000000000069601091_01c_FR_CF.avif,,,,,,,No,,,,No,,,,
Tiges scellement chimique M10 x 160 mm - lot de 4 – Réf. 69600972,,,,,,,,,,Yes,0.00,,No,,No,,,,,,No,,,LM-69600972,,,À fournir par le client - Leroy Merlin - Réf. 69600972,Fournitures client - Fixation / Visserie,Yes,,https://media.adeo.com/marketplace/LMFR/69600972/00000000000069600972_01c_FR_CF.avif,,,,,,,No,,,,No,,,,
Tiges filetées M10 x 200 mm zinguées - lot de 2 – Réf. 68538785,,,,,,,,,,Yes,0.00,,No,,No,,,,,,No,,,LM-68538785,,,À fournir par le client - Leroy Merlin - Réf. 68538785,Fournitures client - Autres,Yes,,https://media.adeo.com/marketplace/LMFR/68538785/00000000000068538785_01c_FR_CF.avif,,,,,,,No,,,,No,,,,
Tamis scellement chimique Ø10 x 45 mm - lot de 4 – Réf. 69600986,,,,,,,,,,Yes,0.00,,No,,No,,,,,,No,,,LM-69600986,,,À fournir par le client - Leroy Merlin - Réf. 69600986,Fournitures client - Fixation / Visserie,Yes,,https://media.adeo.com/media/1086488/media.jpg?fit=bounds&format=jpg&height=125&quality=60&width=125,,,,,,,No,,,,No,,,,
Tamis scellement chimique Ø12 x 50 mm - lot de 4 – Réf. 69601063,,,,,,,,,,Yes,0.00,,No,,No,,,,,,No,,,LM-69601063,,,À fournir par le client - Leroy Merlin - Réf. 69601063,Fournitures client - Fixation / Visserie,Yes,,https://media.adeo.com/marketplace/LMFR/69601063/00000000000069601063_01c_FR_CF.avif,,,,,,,No,,,,No,,,,
Tamis scellement chimique Ø16 x 85 mm - lot de 4 – Réf. 69601042,,,,,,,,,,Yes,0.00,,No,,No,,,,,,No,,,LM-69601042,,,À fournir par le client - Leroy Merlin - Réf. 69601042,Fournitures client - Fixation / Visserie,Yes,,https://media.adeo.com/marketplace/LMFR/69601042/00000000000069601042_01c_FR_CF.avif,,,,,,,No,,,,No,,,,
Tamis scellement chimique Ø16 x 130 mm - lot de 4 – Réf. 69601000,,,,,,,,,,Yes,0.00,,No,,No,,,,,,No,,,LM-69601000,,,À fournir par le client - Leroy Merlin - Réf. 69601000,Fournitures client - Fixation / Visserie,Yes,,https://media.adeo.com/marketplace/LMFR/69601000/00000000000069601000_01c_FR_CF.avif,,,,,,,No,,,,No,,,,
Tamis SPIT Ø16 x 130 mm - lot de 10 – Réf. 80121264,,,,,,,,,,Yes,0.00,,No,,No,,,,,,No,,,LM-80121264,,,À fournir par le client - Leroy Merlin - Réf. 80121264,Fournitures client - Autres,Yes,,https://media.adeo.com/marketplace/LMFR/80121264/00000000000080121264_01c_FR_CF.avif,,,,,,,No,,,,No,,,,
Tamis SPIT Ø16 x 85 mm - lot de 16 – Réf. 80121263,,,,,,,,,,Yes,0.00,,No,,No,,,,,,No,,,LM-80121263,,,À fournir par le client - Leroy Merlin - Réf. 80121263,Fournitures client - Autres,Yes,,https://media.adeo.com/marketplace/LMFR/80121263/00000000000080121263_01c_FR_CF.avif,,,,,,,No,,,,No,,,,
Tamis SPIT Ø20 x 85 mm - lot de 8 – Réf. 80121265,,,,,,,,,,Yes,0.00,,No,,No,,,,,,No,,,LM-80121265,,,À fournir par le client - Leroy Merlin - Réf. 80121265,Fournitures client - Autres,Yes,,https://media.adeo.com/marketplace/LMFR/80121265/00000000000080121265_01c_FR_CF.avif,,,,,,,No,,,,No,,,,
Tamis + goujons M10 RED HEAD 15 x 130 mm - lot de 4 – Réf. 80135852,,,,,,,,,,Yes,0.00,,No,,No,,,,,,No,,,LM-80135852,,,À fournir par le client - Leroy Merlin - Réf. 80135852,Fournitures client - Autres,Yes,,https://media.adeo.com/marketplace/LMFR/80135852/00000000000080135852_01c_FR_CF.avif,,,,,,,No,,,,No,,,,
Scellement chimique SPIT beige 300 ml - lot de 2 – Réf. 80121304,,,,,,,,,,Yes,0.00,,No,,No,,,,,,No,,,LM-80121304,,,À fournir par le client - Leroy Merlin - Réf. 80121304,Fournitures client - Fixation / Visserie,Yes,,https://media.adeo.com/marketplace/LMFR/80121304/00000000000080121304_01c_FR_CF.avif,,,,,,,No,,,,No,,,,
Scellement chimique SPIT gris 300 ml - lot de 2 – Réf. 80121306,,,,,,,,,,Yes,0.00,,No,,No,,,,,,No,,,LM-80121306,,,À fournir par le client - Leroy Merlin - Réf. 80121306,Fournitures client - Fixation / Visserie,Yes,,https://media.adeo.com/marketplace/LMFR/80121306/00000000000080121306_01c_FR_CF.avif,,,,,,,No,,,,No,,,,
Kit fixation store banne M10 acier BATIFIX – Réf. 66450244,,,,,,,,,,Yes,0.00,,No,,No,,,,,,No,,,LM-66450244,,,À fournir par le client - Leroy Merlin - Réf. 66450244,Fournitures client - Autres,Yes,,https://media.adeo.com/marketplace/LMFR/66450244/00000000000066450244_01c_FR_CF.avif,,,,,,,No,,,,No,,,,
Kit fixation store banne M10 inox BATIFIX – Réf. 83151234,,,,,,,,,,Yes,0.00,,No,,No,,,,,,No,,,LM-83151234,,,À fournir par le client - Leroy Merlin - Réf. 83151234,Fournitures client - Autres,Yes,,https://media.adeo.com/marketplace/LMFR/83151234/00000000000083151234_01c_FR_CF.avif,,,,,,,No,,,,No,,,,
Canules scellement chimique 200 mm - lot de 3 – Réf. 69600993,,,,,,,,,,Yes,0.00,,No,,No,,,,,,No,,,LM-69600993,,,À fournir par le client - Leroy Merlin - Réf. 69600993,Fournitures client - Fixation / Visserie,Yes,,https://media.adeo.com/marketplace/LMFR/69600993/00000000000069600993_01c_FR_CF.avif,,,,,,,No,,,,No,,,,
Foret béton Ø16 mm DEXTER – Réf. 84732114,,,,,,,,,,Yes,0.00,,No,,No,,,,,,No,,,LM-84732114,,,À fournir par le client - Leroy Merlin - Réf. 84732114,Fournitures client - Maçonnerie,Yes,,https://media.adeo.com/marketplace/LMFR/84732114/00000000000084732114_01c_FR_CF.avif,,,,,,,No,,,,No,,,,
Foret béton SDS+ Ø16 mm DEXTER PRO – Réf. 84732349,,,,,,,,,,Yes,0.00,,No,,No,,,,,,No,,,LM-84732349,,,À fournir par le client - Leroy Merlin - Réf. 84732349,Fournitures client - Maçonnerie,Yes,,https://media.adeo.com/marketplace/LMFR/84732349/00000000000084732349_01c_FR_CF.avif,,,,,,,No,,,,No,,,,
Foret béton SDS+ Ø12 mm DEXTER PRO – Réf. 84732335,,,,,,,,,,Yes,0.00,,No,,No,,,,,,No,,,LM-84732335,,,À fournir par le client - Leroy Merlin - Réf. 84732335,Fournitures client - Maçonnerie,Yes,,https://media.adeo.com/marketplace/LMFR/84732335/00000000000084732335_01c_FR_CF.avif,,,,,,,No,,,,No,,,,
Cheville SPIT Fix3 L.75 mm – Réf. 80121181,,,,,,,,,,Yes,0.00,,No,,No,,,,,,No,,,LM-80121181,,,À fournir par le client - Leroy Merlin - Réf. 80121181,Fournitures client - Fixation / Visserie,Yes,,https://media.adeo.com/marketplace/LMFR/80121181/00000000000080121181_01c_FR_CF.avif,,,,,,,No,,,,No,,,,
Cheville SPIT Fix3 L.95 mm – Réf. 80121185,,,,,,,,,,Yes,0.00,,No,,No,,,,,,No,,,LM-80121185,,,À fournir par le client - Leroy Merlin - Réf. 80121185,Fournitures client - Fixation / Visserie,Yes,,https://media.adeo.com/marketplace/LMFR/80121185/00000000000080121185_01c_FR_CF.avif,,,,,,,No,,,,No,,,,
Cheville SPIT Fix3 L.140 mm – Réf. 80121188,,,,,,,,,,Yes,0.00,,No,,No,,,,,,No,,,LM-80121188,,,À fournir par le client - Leroy Merlin - Réf. 80121188,Fournitures client - Fixation / Visserie,Yes,,https://media.adeo.com/marketplace/LMFR/80121188/00000000000080121188_01c_FR_CF.avif,,,,,,,No,,,,No,,,,
Chevilles expansion + vis Ø8 x 34 mm - lot de 50 – Réf. 80125462,,,,,,,,,,Yes,0.00,,No,,No,,,,,,No,,,LM-80125462,,,À fournir par le client - Leroy Merlin - Réf. 80125462,Fournitures client - Fixation / Visserie,Yes,,https://media.adeo.com/marketplace/LMFR/80125462/00000000000080125462_01c_FR_CF.avif,,,,,,,No,,,,No,,,,
"Vis tôle acier 4,8 x 25 mm - boîte de 100 – Réf. 82181953",,,,,,,,,,Yes,0.00,,No,,No,,,,,,No,,,LM-82181953,,,À fournir par le client - Leroy Merlin - Réf. 82181953,Fournitures client - Fixation / Visserie,Yes,,https://media.adeo.com/marketplace/LMFR/82181953/00000000000082181953_01c_FR_CF.avif,,,,,,,No,,,,No,,,,
Béton haute résistance PRB C30/37 25 kg – Réf. 88943746,,,,,,,,,,Yes,0.00,,No,,No,,,,,,No,,,LM-88943746,,,À fournir par le client - Leroy Merlin - Réf. 88943746,Fournitures client - Maçonnerie,Yes,,https://media.adeo.com/marketplace/LMFR/88943746/00000000000088943746_01c_FR_CF.avif,,,,,,,No,,,,No,,,,
Béton express prise rapide PRB 25 kg – Réf. 93181695,,,,,,,,,,Yes,0.00,,No,,No,,,,,,No,,,LM-93181695,,,À fournir par le client - Leroy Merlin - Réf. 93181695,Fournitures client - Électricité,Yes,,https://media.adeo.com/marketplace/LMFR/93181695/00000000000093181695_01c_FR_CF.avif,,,,,,,No,,,,No,,,,
Bonde douche extra-plate VALENTIN Ø90 – Réf. 69870675,,,,,,,,,,Yes,0.00,,No,,No,,,,,,No,,,LM-69870675,,,À fournir par le client - Leroy Merlin - Réf. 69870675,Fournitures client - Plomberie,Yes,,https://media.adeo.com/marketplace/LMFR/69870675/00000000000069870675_01c_FR_CF.avif,,,,,,,No,,,,No,,,,
Bonde douche extra-plate MINIME VALENTIN Ø90 horizontale – Réf. 93833369,,,,,,,,,,Yes,0.00,,No,,No,,,,,,No,,,LM-93833369,,,À fournir par le client - Leroy Merlin - Réf. 93833369,Fournitures client - Plomberie,Yes,,https://media.adeo.com/marketplace/LMFR/93833369/00000000000093833369_01c_FR_CF.avif,,,,,,,No,,,,No,,,,
Bonde douche extra-plate MINIME VALENTIN Ø90 verticale – Réf. 93833368,,,,,,,,,,Yes,0.00,,No,,No,,,,,,No,,,LM-93833368,,,À fournir par le client - Leroy Merlin - Réf. 93833368,Fournitures client - Plomberie,Yes,,https://media.adeo.com/marketplace/LMFR/93833368/00000000000093833368_01c_FR_CF.avif,,,,,,,No,,,,No,,,,
Bonde douche MINIME VALENTIN Ø90 sans capot – Réf. 82233130,,,,,,,,,,Yes,0.00,,No,,No,,,,,,No,,,LM-82233130,,,À fournir par le client - Leroy Merlin - Réf. 82233130,Fournitures client - Plomberie,Yes,,https://media.adeo.com/marketplace/LMFR/82233130/00000000000082233130_01c_FR_CF.avif,,,,,,,No,,,,No,,,,
Capot bonde douche VALENTIN Ø90 chromé – Réf. 93833391,,,,,,,,,,Yes,0.00,,No,,No,,,,,,No,,,LM-93833391,,,À fournir par le client - Leroy Merlin - Réf. 93833391,Fournitures client - Plomberie,Yes,,https://media.adeo.com/marketplace/LMFR/93833391/00000000000093833391_01c_FR_CF.avif,,,,,,,No,,,,No,,,,
Mastic sanitaire RUBSON transparent 280 ml – Réf. 69962795,,,,,,,,,,Yes,0.00,,No,,No,,,,,,No,,,LM-69962795,,,À fournir par le client - Leroy Merlin - Réf. 69962795,Fournitures client - Autres,Yes,,https://media.adeo.com/marketplace/LMFR/69962795/00000000000069962795_01c_FR_CF.avif,,,,,,,No,,,,No,,,,
Vis bois SPAX 5x80 - boîte 150 – Réf. 66930675,,,,,,,,,,Yes,0.00,,No,,No,,,,,,No,,,LM-66930675,,,À fournir par le client - Leroy Merlin - Réf. 66930675,Fournitures client - Fixation / Visserie,Yes,,https://media.adeo.com/marketplace/LMFR/66930675/00000000000066930675_01c_FR_CF.avif,,,,,,,No,,,,No,,,,
Vis bois STANDERS 4x16 - boîte 400 – Réf. 82231848,,,,,,,,,,Yes,0.00,,No,,No,,,,,,No,,,LM-82231848,,,À fournir par le client - Leroy Merlin - Réf. 82231848,Fournitures client - Fixation / Visserie,Yes,,https://media.adeo.com/marketplace/LMFR/82231848/00000000000082231848_01c_FR_CF.avif,,,,,,,No,,,,No,,,,
Vis bois STANDERS 4x35 - boîte 180 – Réf. 82231852,,,,,,,,,,Yes,0.00,,No,,No,,,,,,No,,,LM-82231852,,,À fournir par le client - Leroy Merlin - Réf. 82231852,Fournitures client - Fixation / Visserie,Yes,,https://media.adeo.com/marketplace/LMFR/82231852/00000000000082231852_01c_FR_CF.avif,,,,,,,No,,,,No,,,,
Vis bois SPAX 6x120 - boîte 80 – Réf. 79520063,,,,,,,,,,Yes,0.00,,No,,No,,,,,,No,,,LM-79520063,,,À fournir par le client - Leroy Merlin - Réf. 79520063,Fournitures client - Fixation / Visserie,Yes,,https://media.adeo.com/marketplace/LMFR/79520063/00000000000079520063_01c_FR_CF.avif,,,,,,,No,,,,No,,,,
Vis bois STANDERS 4x50 - boîte 120 – Réf. 82231854,,,,,,,,,,Yes,0.00,,No,,No,,,,,,No,,,LM-82231854,,,À fournir par le client - Leroy Merlin - Réf. 82231854,Fournitures client - Fixation / Visserie,Yes,,https://media.adeo.com/marketplace/LMFR/82231854/00000000000082231854_01c_FR_CF.avif,,,,,,,No,,,,No,,,,
Vis bois STANDERS Ttap 6x120 - boîte 30 – Réf. 82184795,,,,,,,,,,Yes,0.00,,No,,No,,,,,,No,,,LM-82184795,,,À fournir par le client - Leroy Merlin - Réf. 82184795,Fournitures client - Fixation / Visserie,Yes,,https://media.adeo.com/marketplace/LMFR/82184795/00000000000082184795_01c_FR_CF.avif,,,,,,,No,,,,No,,,,
Vis bois STANDERS Ttap 4x40 - boîte 150 – Réf. 86273298,,,,,,,,,,Yes,0.00,,No,,No,,,,,,No,,,LM-86273298,,,À fournir par le client - Leroy Merlin - Réf. 86273298,Fournitures client - Fixation / Visserie,Yes,,https://media.adeo.com/marketplace/LMFR/86273298/00000000000086273298_01c_FR_CF.avif,,,,,,,No,,,,No,,,,
Assortiment vis bois STANDERS V51 - boîte 500 – Réf. 82232002,,,,,,,,,,Yes,0.00,,No,,No,,,,,,No,,,LM-82232002,,,À fournir par le client - Leroy Merlin - Réf. 82232002,Fournitures client - Fixation / Visserie,Yes,,https://media.adeo.com/marketplace/LMFR/82232002/00000000000082232002_01c_FR_CF.avif,,,,,,,No,,,,No,,,,
Vis bois STANDERS 4x25 - boîte 300 – Réf. 82231850,,,,,,,,,,Yes,0.00,,No,,No,,,,,,No,,,LM-82231850,,,À fournir par le client - Leroy Merlin - Réf. 82231850,Fournitures client - Fixation / Visserie,Yes,,https://media.adeo.com/marketplace/LMFR/82231850/00000000000082231850_01c_FR_CF.avif,,,,,,,No,,,,No,,,,
Vis bois STANDERS 4x40 - boîte 150 – Réf. 82231853,,,,,,,,,,Yes,0.00,,No,,No,,,,,,No,,,LM-82231853,,,À fournir par le client - Leroy Merlin - Réf. 82231853,Fournitures client - Fixation / Visserie,Yes,,https://media.adeo.com/marketplace/LMFR/82231853/00000000000082231853_01c_FR_CF.avif,,,,,,,No,,,,No,,,,
Vis bois SPAX 6x100 - boîte 100 – Réf. 66930640,,,,,,,,,,Yes,0.00,,No,,No,,,,,,No,,,LM-66930640,,,À fournir par le client - Leroy Merlin - Réf. 66930640,Fournitures client - Fixation / Visserie,Yes,,https://media.adeo.com/marketplace/LMFR/66930640/00000000000066930640_01c_FR_CF.avif,,,,,,,No,,,,No,,,,
Vis bois STANDERS Ttap 6x100 - lot 6 – Réf. 82184775,,,,,,,,,,Yes,0.00,,No,,No,,,,,,No,,,LM-82184775,,,À fournir par le client - Leroy Merlin - Réf. 82184775,Fournitures client - Fixation / Visserie,Yes,,https://media.adeo.com/marketplace/LMFR/82184775/00000000000082184775_01c_FR_CF.avif,,,,,,,No,,,,No,,,,
Vis bois STANDERS 4x20 - boîte 380 – Réf. 82231849,,,,,,,,,,Yes,0.00,,No,,No,,,,,,No,,,LM-82231849,,,À fournir par le client - Leroy Merlin - Réf. 82231849,Fournitures client - Fixation / Visserie,Yes,,https://media.adeo.com/marketplace/LMFR/82231849/00000000000082231849_01c_FR_CF.avif,,,,,,,No,,,,No,,,,
Vis bois inox STANDERS Torx 5x50 + embout - boîte 500 – Réf. 91850377,,,,,,,,,,Yes,0.00,,No,,No,,,,,,No,,,LM-91850377,,,À fournir par le client - Leroy Merlin - Réf. 91850377,Fournitures client - Fixation / Visserie,Yes,,https://media.adeo.com/marketplace/LMFR/91850377/00000000000091850377_01c_FR_CF.avif,,,,,,,No,,,,No,,,,
Vis bois STANDERS 5x40 - boîte 120 – Réf. 82231860,,,,,,,,,,Yes,0.00,,No,,No,,,,,,No,,,LM-82231860,,,À fournir par le client - Leroy Merlin - Réf. 82231860,Fournitures client - Fixation / Visserie,Yes,,https://media.adeo.com/marketplace/LMFR/82231860/00000000000082231860_01c_FR_CF.avif,,,,,,,No,,,,No,,,,
Vis bois STANDERS 3.5x12 - boîte 380 – Réf. 82231843,,,,,,,,,,Yes,0.00,,No,,No,,,,,,No,,,LM-82231843,,,À fournir par le client - Leroy Merlin - Réf. 82231843,Fournitures client - Fixation / Visserie,Yes,,https://media.adeo.com/marketplace/LMFR/82231843/00000000000082231843_01c_FR_CF.avif,,,,,,,No,,,,No,,,,
Vis bois ETANCO 5x45 - boîte 250 – Réf. 69624373,,,,,,,,,,Yes,0.00,,No,,No,,,,,,No,,,LM-69624373,,,À fournir par le client - Leroy Merlin - Réf. 69624373,Fournitures client - Fixation / Visserie,Yes,,https://media.adeo.com/marketplace/LMFR/69624373/00000000000069624373_01c_FR_CF.avif,,,,,,,No,,,,No,,,,
Vis bois SPAX 4x30 - boîte 150 – Réf. 66931025,,,,,,,,,,Yes,0.00,,No,,No,,,,,,No,,,LM-66931025,,,À fournir par le client - Leroy Merlin - Réf. 66931025,Fournitures client - Fixation / Visserie,Yes,,https://media.adeo.com/marketplace/LMFR/66931025/00000000000066931025_01c_FR_CF.avif,,,,,,,No,,,,No,,,,
Vis bois SPAX bombée 8x50 - boîte 25 – Réf. 66931165,,,,,,,,,,Yes,0.00,,No,,No,,,,,,No,,,LM-66931165,,,À fournir par le client - Leroy Merlin - Réf. 66931165,Fournitures client - Fixation / Visserie,Yes,,https://media.adeo.com/marketplace/LMFR/66931165/00000000000066931165_01c_FR_CF.avif,,,,,,,No,,,,No,,,,
Vis bois inox STANDERS Torx 5x60 + embout - boîte 500 – Réf. 91850379,,,,,,,,,,Yes,0.00,,No,,No,,,,,,No,,,LM-91850379,,,À fournir par le client - Leroy Merlin - Réf. 91850379,Fournitures client - Fixation / Visserie,Yes,,https://media.adeo.com/marketplace/LMFR/91850379/00000000000091850379_01c_FR_CF.avif,,,,,,,No,,,,No,,,,
Vis bois SPAX 4x20 - boîte 100 – Réf. 63278761,,,,,,,,,,Yes,0.00,,No,,No,,,,,,No,,,LM-63278761,,,À fournir par le client - Leroy Merlin - Réf. 63278761,Fournitures client - Fixation / Visserie,Yes,,https://media.adeo.com/marketplace/LMFR/63278761/00000000000063278761_01c_FR_CF.avif,,,,,,,No,,,,No,,,,
Vis bois SPAX 4x50 - boîte 100 – Réf. 66931753,,,,,,,,,,Yes,0.00,,No,,No,,,,,,No,,,LM-66931753,,,À fournir par le client - Leroy Merlin - Réf. 66931753,Fournitures client - Fixation / Visserie,Yes,,https://media.adeo.com/marketplace/LMFR/66931753/00000000000066931753_01c_FR_CF.avif,,,,,,,No,,,,No,,,,
Vis bois STANDERS 4x60 - boîte 100 – Réf. 82231855,,,,,,,,,,Yes,0.00,,No,,No,,,,,,No,,,LM-82231855,,,À fournir par le client - Leroy Merlin - Réf. 82231855,Fournitures client - Fixation / Visserie,Yes,,https://media.adeo.com/marketplace/LMFR/82231855/00000000000082231855_01c_FR_CF.avif,,,,,,,No,,,,No,,,,
Vis bois STANDERS 4x30 - boîte 250 – Réf. 82231851,,,,,,,,,,Yes,0.00,,No,,No,,,,,,No,,,LM-82231851,,,À fournir par le client - Leroy Merlin - Réf. 82231851,Fournitures client - Fixation / Visserie,Yes,,https://media.adeo.com/marketplace/LMFR/82231851/00000000000082231851_01c_FR_CF.avif,,,,,,,No,,,,No,,,,
Vis bois STANDERS 5x60 - boîte 200 – Réf. 87401795,,,,,,,,,,Yes,0.00,,No,,No,,,,,,No,,,LM-87401795,,,À fournir par le client - Leroy Merlin - Réf. 87401795,Fournitures client - Fixation / Visserie,Yes,,https://media.adeo.com/marketplace/LMFR/87401795/00000000000087401795_01c_FR_CF.avif,,,,,,,No,,,,No,,,,
Vis bois SPAX 4x40 - boîte 125 – Réf. 66931004,,,,,,,,,,Yes,0.00,,No,,No,,,,,,No,,,LM-66931004,,,À fournir par le client - Leroy Merlin - Réf. 66931004,Fournitures client - Fixation / Visserie,Yes,,https://media.adeo.com/marketplace/LMFR/66931004/00000000000066931004_01c_FR_CF.avif,,,,,,,No,,,,No,,,,
Vis bois SPAX 2.5x10 - boîte 100 – Réf. 63278516,,,,,,,,,,Yes,0.00,,No,,No,,,,,,No,,,LM-63278516,,,À fournir par le client - Leroy Merlin - Réf. 63278516,Fournitures client - Fixation / Visserie,Yes,,https://media.adeo.com/marketplace/LMFR/63278516/00000000000063278516_01c_FR_CF.avif,,,,,,,No,,,,No,,,,
Vis bois SPAX 4x35 - boîte 150 – Réf. 66931011,,,,,,,,,,Yes,0.00,,No,,No,,,,,,No,,,LM-66931011,,,À fournir par le client - Leroy Merlin - Réf. 66931011,Fournitures client - Fixation / Visserie,Yes,,https://media.adeo.com/marketplace/LMFR/66931011/00000000000066931011_01c_FR_CF.avif,,,,,,,No,,,,No,,,,
Vis bois inox SPAX 5x40 - boîte 125 – Réf. 66931151,,,,,,,,,,Yes,0.00,,No,,No,,,,,,No,,,LM-66931151,,,À fournir par le client - Leroy Merlin - Réf. 66931151,Fournitures client - Fixation / Visserie,Yes,,https://media.adeo.com/marketplace/LMFR/66931151/00000000000066931151_01c_FR_CF.avif,,,,,,,No,,,,No,,,,
Vis bois SPAX 4.5x50 - boîte 200 – Réf. 66931053,,,,,,,,,,Yes,0.00,,No,,No,,,,,,No,,,LM-66931053,,,À fournir par le client - Leroy Merlin - Réf. 66931053,Fournitures client - Fixation / Visserie,Yes,,https://media.adeo.com/marketplace/LMFR/66931053/00000000000066931053_01c_FR_CF.avif,,,,,,,No,,,,No,,,,
Vis bois SPAX 4x16 - boîte 100 – Réf. 77676410,,,,,,,,,,Yes,0.00,,No,,No,,,,,,No,,,LM-77676410,,,À fournir par le client - Leroy Merlin - Réf. 77676410,Fournitures client - Fixation / Visserie,Yes,,https://media.adeo.com/marketplace/LMFR/77676410/00000000000077676410_01c_FR_CF.avif,,,,,,,No,,,,No,,,,
Vis bois SPAX Pozidriv 4x16 - boîte 100 – Réf. 63278754,,,,,,,,,,Yes,0.00,,No,,No,,,,,,No,,,LM-63278754,,,À fournir par le client - Leroy Merlin - Réf. 63278754,Fournitures client - Fixation / Visserie,Yes,,https://media.adeo.com/marketplace/LMFR/63278754/00000000000063278754_01c_FR_CF.avif,,,,,,,No,,,,No,,,,
Vis bois STANDERS 5x70 - boîte 200 – Réf. 87401796,,,,,,,,,,Yes,0.00,,No,,No,,,,,,No,,,LM-87401796,,,À fournir par le client - Leroy Merlin - Réf. 87401796,Fournitures client - Fixation / Visserie,Yes,,https://media.adeo.com/marketplace/LMFR/87401796/00000000000087401796_01c_FR_CF.avif,,,,,,,No,,,,No,,,,
Vis bois STANDERS Ttap 5x60 - boîte 200 – Réf. 82184803,,,,,,,,,,Yes,0.00,,No,,No,,,,,,No,,,LM-82184803,,,À fournir par le client - Leroy Merlin - Réf. 82184803,Fournitures client - Fixation / Visserie,Yes,,https://media.adeo.com/marketplace/LMFR/82184803/00000000000082184803_01c_FR_CF.avif,,,,,,,No,,,,No,,,,
Vis acier zingué peint SUKI 7x40 - boîte 50 – Réf. 80135739,,,,,,,,,,Yes,0.00,,No,,No,,,,,,No,,,LM-80135739,,,À fournir par le client - Leroy Merlin - Réf. 80135739,Fournitures client - Fixation / Visserie,Yes,,https://media.adeo.com/marketplace/LMFR/80135739/00000000000080135739_01c_FR_CF.avif,,,,,,,No,,,,No,,,,
Vis bois STANDERS 5x50 - boîte 500 – Réf. 87401794,,,,,,,,,,Yes,0.00,,No,,No,,,,,,No,,,LM-87401794,,,À fournir par le client - Leroy Merlin - Réf. 87401794,Fournitures client - Fixation / Visserie,Yes,,https://media.adeo.com/marketplace/LMFR/87401794/00000000000087401794_01c_FR_CF.avif,,,,,,,No,,,,No,,,,
Boulons STANDERS M8x80 - lot 6 – Réf. 82582872,,,,,,,,,,Yes,0.00,,No,,No,,,,,,No,,,LM-82582872,,,À fournir par le client - Leroy Merlin - Réf. 82582872,Fournitures client - Autres,Yes,,https://media.adeo.com/marketplace/LMFR/82582872/00000000000082582872_01c_FR_CF.avif,,,,,,,No,,,,No,,,,
Boulons poêlier inox A4 M6x50 - lot 6 – Réf. 68534165,,,,,,,,,,Yes,0.00,,No,,No,,,,,,No,,,LM-68534165,,,À fournir par le client - Leroy Merlin - Réf. 68534165,Fournitures client - Autres,Yes,,https://media.adeo.com/marketplace/LMFR/68534165/00000000000068534165_01c_FR_CF.avif,,,,,,,No,,,,No,,,,
Boulon inox STANDERS M8 - unité – Réf. 85565495,,,,,,,,,,Yes,0.00,,No,,No,,,,,,No,,,LM-85565495,,,À fournir par le client - Leroy Merlin - Réf. 85565495,Fournitures client - Autres,Yes,,https://media.adeo.com/marketplace/LMFR/85565495/00000000000085565495_01c_FR_CF.avif,,,,,,,No,,,,No,,,,
Boulon inox STANDERS M8 - autre longueur – Réf. 85565499,,,,,,,,,,Yes,0.00,,No,,No,,,,,,No,,,LM-85565499,,,À fournir par le client - Leroy Merlin - Réf. 85565499,Fournitures client - Autres,Yes,,https://media.adeo.com/marketplace/LMFR/85565499/00000000000085565499_01c_FR_CF.avif,,,,,,,No,,,,No,,,,
Vis métriques STANDERS M4x60 - lot 10 – Réf. 82582778,,,,,,,,,,Yes,0.00,,No,,No,,,,,,No,,,LM-82582778,,,À fournir par le client - Leroy Merlin - Réf. 82582778,Fournitures client - Fixation / Visserie,Yes,,https://media.adeo.com/marketplace/LMFR/82582778/00000000000082582778_01c_FR_CF.avif,,,,,,,No,,,,No,,,,
Boulons TRCC STANDERS M8x40 - lot 4 – Réf. 82582864,,,,,,,,,,Yes,0.00,,No,,No,,,,,,No,,,LM-82582864,,,À fournir par le client - Leroy Merlin - Réf. 82582864,Fournitures client - Autres,Yes,,https://media.adeo.com/marketplace/LMFR/82582864/00000000000082582864_01c_FR_CF.avif,,,,,,,No,,,,No,,,,
Vis métriques fraisées STANDERS - lot 15 – Réf. 82582742,,,,,,,,,,Yes,0.00,,No,,No,,,,,,No,,,LM-82582742,,,À fournir par le client - Leroy Merlin - Réf. 82582742,Fournitures client - Fixation / Visserie,Yes,,https://media.adeo.com/marketplace/LMFR/82582742/00000000000082582742_01c_FR_CF.avif,,,,,,,No,,,,No,,,,
Vis métriques BTR STANDERS M8x50 - lot 4 – Réf. 82582904,,,,,,,,,,Yes,0.00,,No,,No,,,,,,No,,,LM-82582904,,,À fournir par le client - Leroy Merlin - Réf. 82582904,Fournitures client - Fixation / Visserie,Yes,,https://media.adeo.com/marketplace/LMFR/82582904/00000000000082582904_01c_FR_CF.avif,,,,,,,No,,,,No,,,,
Vis métriques fraisées STANDERS - lot 12 – Réf. 82582785,,,,,,,,,,Yes,0.00,,No,,No,,,,,,No,,,LM-82582785,,,À fournir par le client - Leroy Merlin - Réf. 82582785,Fournitures client - Fixation / Visserie,Yes,,https://media.adeo.com/marketplace/LMFR/82582785/00000000000082582785_01c_FR_CF.avif,,,,,,,No,,,,No,,,,
Vis métriques STANDERS M3x10 - lot 30 – Réf. 82582805,,,,,,,,,,Yes,0.00,,No,,No,,,,,,No,,,LM-82582805,,,À fournir par le client - Leroy Merlin - Réf. 82582805,Fournitures client - Fixation / Visserie,Yes,,https://media.adeo.com/marketplace/LMFR/82582805/00000000000082582805_01c_FR_CF.avif,,,,,,,No,,,,No,,,,
Boulons poêlier inox A4 M6x60 - lot 6 – Réf. 68534172,,,,,,,,,,Yes,0.00,,No,,No,,,,,,No,,,LM-68534172,,,À fournir par le client - Leroy Merlin - Réf. 68534172,Fournitures client - Autres,Yes,,https://media.adeo.com/marketplace/LMFR/68534172/00000000000068534172_01c_FR_CF.avif,,,,,,,No,,,,No,,,,
Boulons inox A4 M6x30 - lot 10 – Réf. 85565492,,,,,,,,,,Yes,0.00,,No,,No,,,,,,No,,,LM-85565492,,,À fournir par le client - Leroy Merlin - Réf. 85565492,Fournitures client - Autres,Yes,,https://media.adeo.com/marketplace/LMFR/85565492/00000000000085565492_01c_FR_CF.avif,,,,,,,No,,,,No,,,,
Vis métriques STANDERS M4x80 - lot 6 – Réf. 82582779,,,,,,,,,,Yes,0.00,,No,,No,,,,,,No,,,LM-82582779,,,À fournir par le client - Leroy Merlin - Réf. 82582779,Fournitures client - Fixation / Visserie,Yes,,https://media.adeo.com/marketplace/LMFR/82582779/00000000000082582779_01c_FR_CF.avif,,,,,,,No,,,,No,,,,
Boulon inox STANDERS M10 - unité – Réf. 85565512,,,,,,,,,,Yes,0.00,,No,,No,,,,,,No,,,LM-85565512,,,À fournir par le client - Leroy Merlin - Réf. 85565512,Fournitures client - Autres,Yes,,https://media.adeo.com/marketplace/LMFR/85565512/00000000000085565512_01c_FR_CF.avif,,,,,,,No,,,,No,,,,
Vis métriques STANDERS M5x12 - lot 20 – Réf. 82582780,,,,,,,,,,Yes,0.00,,No,,No,,,,,,No,,,LM-82582780,,,À fournir par le client - Leroy Merlin - Réf. 82582780,Fournitures client - Fixation / Visserie,Yes,,https://media.adeo.com/marketplace/LMFR/82582780/00000000000082582780_01c_FR_CF.avif,,,,,,,No,,,,No,,,,
Boulons poêlier inox A4 M6x30 - lot 8 – Réf. 68534144,,,,,,,,,,Yes,0.00,,No,,No,,,,,,No,,,LM-68534144,,,À fournir par le client - Leroy Merlin - Réf. 68534144,Fournitures client - Autres,Yes,,https://media.adeo.com/marketplace/LMFR/68534144/00000000000068534144_01c_FR_CF.avif,,,,,,,No,,,,No,,,,
Boulons poêlier inox A4 M4x30 - lot 15 – Réf. 68537952,,,,,,,,,,Yes,0.00,,No,,No,,,,,,No,,,LM-68537952,,,À fournir par le client - Leroy Merlin - Réf. 68537952,Fournitures client - Autres,Yes,,https://media.adeo.com/marketplace/LMFR/68537952/00000000000068537952_01c_FR_CF.avif,,,,,,,No,,,,No,,,,
Boulons poêlier inox A4 M5x20 - lot 12 – Réf. 68537973,,,,,,,,,,Yes,0.00,,No,,No,,,,,,No,,,LM-68537973,,,À fournir par le client - Leroy Merlin - Réf. 68537973,Fournitures client - Autres,Yes,,https://media.adeo.com/marketplace/LMFR/68537973/00000000000068537973_01c_FR_CF.avif,,,,,,,No,,,,No,,,,
Boulons inox A4 M8x80 - lot 2 – Réf. 85565511,,,,,,,,,,Yes,0.00,,No,,No,,,,,,No,,,LM-85565511,,,À fournir par le client - Leroy Merlin - Réf. 85565511,Fournitures client - Autres,Yes,,https://media.adeo.com/marketplace/LMFR/85565511/00000000000085565511_01c_FR_CF.avif,,,,,,,No,,,,No,,,,
Boulons poêlier inox A4 M6x80 - lot 2 – Réf. 68534186,,,,,,,,,,Yes,0.00,,No,,No,,,,,,No,,,LM-68534186,,,À fournir par le client - Leroy Merlin - Réf. 68534186,Fournitures client - Autres,Yes,,https://media.adeo.com/marketplace/LMFR/68534186/00000000000068534186_01c_FR_CF.avif,,,,,,,No,,,,No,,,,
Vis métriques STANDERS M5x60 - lot 6 – Réf. 82582788,,,,,,,,,,Yes,0.00,,No,,No,,,,,,No,,,LM-82582788,,,À fournir par le client - Leroy Merlin - Réf. 82582788,Fournitures client - Fixation / Visserie,Yes,,https://media.adeo.com/marketplace/LMFR/82582788/00000000000082582788_01c_FR_CF.avif,,,,,,,No,,,,No,,,,
Vis métriques STANDERS M5x20 - lot 15 – Réf. 82582782,,,,,,,,,,Yes,0.00,,No,,No,,,,,,No,,,LM-82582782,,,À fournir par le client - Leroy Merlin - Réf. 82582782,Fournitures client - Fixation / Visserie,Yes,,https://media.adeo.com/marketplace/LMFR/82582782/00000000000082582782_01c_FR_CF.avif,,,,,,,No,,,,No,,,,
Boulons poêlier inox A4 M6x40 - lot 8 – Réf. 68534151,,,,,,,,,,Yes,0.00,,No,,No,,,,,,No,,,LM-68534151,,,À fournir par le client - Leroy Merlin - Réf. 68534151,Fournitures client - Autres,Yes,,https://media.adeo.com/marketplace/LMFR/68534151/00000000000068534151_01c_FR_CF.avif,,,,,,,No,,,,No,,,,
Écrous acier STANDERS M10 - lot 4 – Réf. 68534564,,,,,,,,,,Yes,0.00,,No,,No,,,,,,No,,,LM-68534564,,,À fournir par le client - Leroy Merlin - Réf. 68534564,Fournitures client - Autres,Yes,,https://media.adeo.com/marketplace/LMFR/68534564/00000000000068534564_01c_FR_CF.avif,,,,,,,No,,,,No,,,,
Écrous indesserrables inox STANDERS M8 - lot 8 – Réf. 68534550,,,,,,,,,,Yes,0.00,,No,,No,,,,,,No,,,LM-68534550,,,À fournir par le client - Leroy Merlin - Réf. 68534550,Fournitures client - Autres,Yes,,https://media.adeo.com/marketplace/LMFR/68534550/00000000000068534550_01c_FR_CF.avif,,,,,,,No,,,,No,,,,
Rondelles inox STANDERS M8 - lot 15 – Réf. 68534613,,,,,,,,,,Yes,0.00,,No,,No,,,,,,No,,,LM-68534613,,,À fournir par le client - Leroy Merlin - Réf. 68534613,Fournitures client - Autres,Yes,,https://media.adeo.com/marketplace/LMFR/68534613/00000000000068534613_01c_FR_CF.avif,,,,,,,No,,,,No,,,,
Équerres galvanisées 50x50x35 - lot 6 – Réf. 68258211,,,,,,,,,,Yes,0.00,,No,,No,,,,,,No,,,LM-68258211,,,À fournir par le client - Leroy Merlin - Réf. 68258211,Fournitures client - Autres,Yes,,https://media.adeo.com/marketplace/LMFR/68258211/00000000000068258211_01c_FR_CF.avif,,,,,,,No,,,,No,,,,
Chevilles RED HEAD Klix L53 avec vis – Réf. 69652975,,,,,,,,,,Yes,0.00,,No,,No,,,,,,No,,,LM-69652975,,,À fournir par le client - Leroy Merlin - Réf. 69652975,Fournitures client - Fixation / Visserie,Yes,,https://media.adeo.com/marketplace/LMFR/69652975/00000000000069652975_01c_FR_CF.avif,,,,,,,No,,,,No,,,,
Chevilles expansion RED HEAD Ø10x35 + vis - lot 10 – Réf. 84770265,,,,,,,,,,Yes,0.00,,No,,No,,,,,,No,,,LM-84770265,,,À fournir par le client - Leroy Merlin - Réf. 84770265,Fournitures client - Fixation / Visserie,Yes,,https://media.adeo.com/marketplace/LMFR/84770265/00000000000084770265_01c_FR_CF.avif,,,,,,,No,,,,No,,,,
Foret métal DEXTER PRO Ø8.5 – Réf. 84617498,,,,,,,,,,Yes,0.00,,No,,No,,,,,,No,,,LM-84617498,,,À fournir par le client - Leroy Merlin - Réf. 84617498,Fournitures client - Autres,Yes,,https://media.adeo.com/marketplace/LMFR/84617498/00000000000084617498_01c_FR_CF.avif,,,,,,,No,,,,No,,,,
Câble souple 2x1.5 mm² blanc 10 m – Réf. 86523595,,,,,,,,,,Yes,0.00,,No,,No,,,,,,No,,,LM-86523595,,,À fournir par le client - Leroy Merlin - Réf. 86523595,Fournitures client - Électricité,Yes,,https://media.adeo.com/marketplace/LMFR/86523595/00000000000086523595_01c_FR_CF.avif,,,,,,,No,,,,No,,,,
Câble souple 3G1.5 mm² blanc 10 m – Réf. 86523622,,,,,,,,,,Yes,0.00,,No,,No,,,,,,No,,,LM-86523622,,,À fournir par le client - Leroy Merlin - Réf. 86523622,Fournitures client - Électricité,Yes,,https://media.adeo.com/marketplace/LMFR/86523622/00000000000086523622_01c_FR_CF.avif,,,,,,,No,,,,No,,,,
Câble souple 3G1.5 mm² blanc 5 m – Réf. 86523619,,,,,,,,,,Yes,0.00,,No,,No,,,,,,No,,,LM-86523619,,,À fournir par le client - Leroy Merlin - Réf. 86523619,Fournitures client - Électricité,Yes,,https://media.adeo.com/marketplace/LMFR/86523619/00000000000086523619_01c_FR_CF.avif,,,,,,,No,,,,No,,,,
Câble souple 3G1.5 mm² blanc 3 m – Réf. 86523615,,,,,,,,,,Yes,0.00,,No,,No,,,,,,No,,,LM-86523615,,,À fournir par le client - Leroy Merlin - Réf. 86523615,Fournitures client - Électricité,Yes,,https://media.adeo.com/marketplace/LMFR/86523615/00000000000086523615_01c_FR_CF.avif,,,,,,,No,,,,No,,,,
Câble souple 3G1.5 mm² blanc 15 m – Réf. 86523626,,,,,,,,,,Yes,0.00,,No,,No,,,,,,No,,,LM-86523626,,,À fournir par le client - Leroy Merlin - Réf. 86523626,Fournitures client - Électricité,Yes,,https://media.adeo.com/marketplace/LMFR/86523626/00000000000086523626_01c_FR_CF.avif,,,,,,,No,,,,No,,,,
Câble souple 3G2.5 mm² blanc 10 m – Réf. 86523645,,,,,,,,,,Yes,0.00,,No,,No,,,,,,No,,,LM-86523645,,,À fournir par le client - Leroy Merlin - Réf. 86523645,Fournitures client - Électricité,Yes,,https://media.adeo.com/marketplace/LMFR/86523645/00000000000086523645_01c_FR_CF.avif,,,,,,,No,,,,No,,,,
Câble souple 2x1.5 mm² blanc 15 m – Réf. 86523597,,,,,,,,,,Yes,0.00,,No,,No,,,,,,No,,,LM-86523597,,,À fournir par le client - Leroy Merlin - Réf. 86523597,Fournitures client - Électricité,Yes,,https://media.adeo.com/marketplace/LMFR/86523597/00000000000086523597_01c_FR_CF.avif,,,,,,,No,,,,No,,,,
Câble souple 2x1.5 mm² blanc 5 m – Réf. 86523592,,,,,,,,,,Yes,0.00,,No,,No,,,,,,No,,,LM-86523592,,,À fournir par le client - Leroy Merlin - Réf. 86523592,Fournitures client - Électricité,Yes,,https://media.adeo.com/marketplace/LMFR/86523592/00000000000086523592_01c_FR_CF.avif,,,,,,,No,,,,No,,,,
Câble souple 3G2.5 mm² blanc 5 m – Réf. 86523640,,,,,,,,,,Yes,0.00,,No,,No,,,,,,No,,,LM-86523640,,,À fournir par le client - Leroy Merlin - Réf. 86523640,Fournitures client - Électricité,Yes,,https://media.adeo.com/marketplace/LMFR/86523640/00000000000086523640_01c_FR_CF.avif,,,,,,,No,,,,No,,,,
Câble souple 3G2.5 mm² blanc 25 m – Réf. 86523648,,,,,,,,,,Yes,0.00,,No,,No,,,,,,No,,,LM-86523648,,,À fournir par le client - Leroy Merlin - Réf. 86523648,Fournitures client - Électricité,Yes,,https://media.adeo.com/marketplace/LMFR/86523648/00000000000086523648_01c_FR_CF.avif,,,,,,,No,,,,No,,,,
Câble souple 3G1.5 mm² blanc 25 m – Réf. 86523632,,,,,,,,,,Yes,0.00,,No,,No,,,,,,No,,,LM-86523632,,,À fournir par le client - Leroy Merlin - Réf. 86523632,Fournitures client - Électricité,Yes,,https://media.adeo.com/marketplace/LMFR/86523632/00000000000086523632_01c_FR_CF.avif,,,,,,,No,,,,No,,,,
Câble souple 3G2.5 mm² blanc 3 m – Réf. 86523637,,,,,,,,,,Yes,0.00,,No,,No,,,,,,No,,,LM-86523637,,,À fournir par le client - Leroy Merlin - Réf. 86523637,Fournitures client - Électricité,Yes,,https://media.adeo.com/marketplace/LMFR/86523637/00000000000086523637_01c_FR_CF.avif,,,,,,,No,,,,No,,,,
Câble souple 4G0.75 mm² blanc à la coupe – Réf. 64212365,,,,,,,,,,Yes,0.00,,No,,No,,,,,,No,,,LM-64212365,,,À fournir par le client - Leroy Merlin - Réf. 64212365,Fournitures client - Électricité,Yes,,https://media.adeo.com/marketplace/LMFR/64212365/00000000000064212365_01c_FR_CF.avif,,,,,,,No,,,,No,,,,
Câble souple 3G1.5 mm² blanc 50 m – Réf. 86523634,,,,,,,,,,Yes,0.00,,No,,No,,,,,,No,,,LM-86523634,,,À fournir par le client - Leroy Merlin - Réf. 86523634,Fournitures client - Électricité,Yes,,https://media.adeo.com/marketplace/LMFR/86523634/00000000000086523634_01c_FR_CF.avif,,,,,,,No,,,,No,,,,
Câble souple 2x1.5 mm² blanc à la coupe – Réf. 70829332,,,,,,,,,,Yes,0.00,,No,,No,,,,,,No,,,LM-70829332,,,À fournir par le client - Leroy Merlin - Réf. 70829332,Fournitures client - Électricité,Yes,,https://media.adeo.com/marketplace/LMFR/70829332/00000000000070829332_01c_FR_CF.avif,,,,,,,No,,,,No,,,,
Câble souple 5G1.5 mm² blanc 10 m – Réf. 82062435,,,,,,,,,,Yes,0.00,,No,,No,,,,,,No,,,LM-82062435,,,À fournir par le client - Leroy Merlin - Réf. 82062435,Fournitures client - Électricité,Yes,,https://media.adeo.com/marketplace/LMFR/82062435/00000000000082062435_01c_FR_CF.avif,,,,,,,No,,,,No,,,,
Câble souple 4G1.5 mm² blanc 10 m – Réf. 70535640,,,,,,,,,,Yes,0.00,,No,,No,,,,,,No,,,LM-70535640,,,À fournir par le client - Leroy Merlin - Réf. 70535640,Fournitures client - Électricité,Yes,,https://media.adeo.com/marketplace/LMFR/70535640/00000000000070535640_01c_FR_CF.avif,,,,,,,No,,,,No,,,,
Câble souple 3G2.5 mm² blanc 15 m – Réf. 86523647,,,,,,,,,,Yes,0.00,,No,,No,,,,,,No,,,LM-86523647,,,À fournir par le client - Leroy Merlin - Réf. 86523647,Fournitures client - Électricité,Yes,,https://media.adeo.com/marketplace/LMFR/86523647/00000000000086523647_01c_FR_CF.avif,,,,,,,No,,,,No,,,,
Câble souple 3G2.5 mm² blanc 50 m – Réf. 86523650,,,,,,,,,,Yes,0.00,,No,,No,,,,,,No,,,LM-86523650,,,À fournir par le client - Leroy Merlin - Réf. 86523650,Fournitures client - Électricité,Yes,,https://media.adeo.com/marketplace/LMFR/86523650/00000000000086523650_01c_FR_CF.avif,,,,,,,No,,,,No,,,,
Rallonge jardin 2x1.5 mm² 40 m ELECTRALINE – Réf. 70670985,,,,,,,,,,Yes,0.00,,No,,No,,,,,,No,,,LM-70670985,,,À fournir par le client - Leroy Merlin - Réf. 70670985,Fournitures client - Autres,Yes,,https://media.adeo.com/marketplace/LMFR/70670985/00000000000070670985_01c_FR_CF.avif,,,,,,,No,,,,No,,,,
Câble souple 5G2.5 mm² gris 10 m – Réf. 70535696,,,,,,,,,,Yes,0.00,,No,,No,,,,,,No,,,LM-70535696,,,À fournir par le client - Leroy Merlin - Réf. 70535696,Fournitures client - Électricité,Yes,,https://media.adeo.com/marketplace/LMFR/70535696/00000000000070535696_01c_FR_CF.avif,,,,,,,No,,,,No,,,,
Vis plaque de plâtre STANDERS 3.5x35 - boîte 1000 – Réf. 67712456,,,,,,,,,,Yes,0.00,,No,,No,,,,,,No,,,LM-67712456,,,À fournir par le client - Leroy Merlin - Réf. 67712456,Fournitures client - Fixation / Visserie,Yes,,https://media.adeo.com/media/1630211/media.jpeg?fit=bounds&format=jpg&height=650&quality=80&width=650,,,,,,,No,,,,No,,,,
Vis plaque de plâtre STANDERS 3.5x25 - boîte 1000 – Réf. 67712463,,,,,,,,,,Yes,0.00,,No,,No,,,,,,No,,,LM-67712463,,,À fournir par le client - Leroy Merlin - Réf. 67712463,Fournitures client - Fixation / Visserie,Yes,,https://media.adeo.com/marketplace/LMFR/67712463/00000000000067712463_01c_FR_CF.avif,,,,,,,No,,,,No,,,,
Vis plaque de plâtre STANDERS 3.5x45 - boîte 1000 – Réf. 67712442,,,,,,,,,,Yes,0.00,,No,,No,,,,,,No,,,LM-67712442,,,À fournir par le client - Leroy Merlin - Réf. 67712442,Fournitures client - Fixation / Visserie,Yes,,https://media.adeo.com/marketplace/LMFR/67712442/00000000000067712442_01c_FR_CF.avif,,,,,,,No,,,,No,,,,
Vis plaque de plâtre STANDERS 3.5x13 - boîte 500 – Réf. 67835775,,,,,,,,,,Yes,0.00,,No,,No,,,,,,No,,,LM-67835775,,,À fournir par le client - Leroy Merlin - Réf. 67835775,Fournitures client - Fixation / Visserie,Yes,,https://media.adeo.com/marketplace/LMFR/67835775/00000000000067835775_01c_FR_CF.avif,,,,,,,No,,,,No,,,,
Vis plaque de plâtre STANDERS 3.5x9.5 - boîte 200 – Réf. 67835824,,,,,,,,,,Yes,0.00,,No,,No,,,,,,No,,,LM-67835824,,,À fournir par le client - Leroy Merlin - Réf. 67835824,Fournitures client - Fixation / Visserie,Yes,,https://media.adeo.com/marketplace/LMFR/67835824/00000000000067835824_01c_FR_CF.avif,,,,,,,No,,,,No,,,,
Vis terrasse inox STANDERS Torx 5x50 - boîte 1000 + 2 embouts – Réf. 91850376,,,,,,,,,,Yes,0.00,,No,,No,,,,,,No,,,LM-91850376,,,À fournir par le client - Leroy Merlin - Réf. 91850376,Fournitures client - Fixation / Visserie,Yes,,https://media.adeo.com/marketplace/LMFR/91850376/00000000000091850376_01c_FR_CF.avif,,,,,,,No,,,,No,,,,
Vis bois STANDERS Ttap 5x80 - boîte 50 – Réf. 82184787,,,,,,,,,,Yes,0.00,,No,,No,,,,,,No,,,LM-82184787,,,À fournir par le client - Leroy Merlin - Réf. 82184787,Fournitures client - Fixation / Visserie,Yes,,https://media.adeo.com/marketplace/LMFR/82184787/00000000000082184787_01c_FR_CF.avif,,,,,,,No,,,,No,,,,
Vis inox STANDERS 4x40 - boîte 150 – Réf. 91182226,,,,,,,,,,Yes,0.00,,No,,No,,,,,,No,,,LM-91182226,,,À fournir par le client - Leroy Merlin - Réf. 91182226,Fournitures client - Fixation / Visserie,Yes,,https://media.adeo.com/marketplace/LMFR/91182226/00000000000091182226_01c_FR_CF.avif,,,,,,,No,,,,No,,,,
Vis plaque de plâtre STANDERS 3.5x55 - boîte 350 – Réf. 82222857,,,,,,,,,,Yes,0.00,,No,,No,,,,,,No,,,LM-82222857,,,À fournir par le client - Leroy Merlin - Réf. 82222857,Fournitures client - Fixation / Visserie,Yes,,https://media.adeo.com/marketplace/LMFR/82222857/00000000000082222857_01c_FR_CF.avif,,,,,,,No,,,,No,,,,
Vis bois STANDERS Ttap 5x50 - boîte 80 – Réf. 82184784,,,,,,,,,,Yes,0.00,,No,,No,,,,,,No,,,LM-82184784,,,À fournir par le client - Leroy Merlin - Réf. 82184784,Fournitures client - Fixation / Visserie,Yes,,https://media.adeo.com/marketplace/LMFR/82184784/00000000000082184784_01c_FR_CF.avif,,,,,,,No,,,,No,,,,
Vis acier STANDERS tête ronde 4x16 - boîte 35 – Réf. 82231896,,,,,,,,,,Yes,0.00,,No,,No,,,,,,No,,,LM-82231896,,,À fournir par le client - Leroy Merlin - Réf. 82231896,Fournitures client - Fixation / Visserie,Yes,,https://media.adeo.com/marketplace/LMFR/82231896/00000000000082231896_01c_FR_CF.avif,,,,,,,No,,,,No,,,,
Vis terrasse inox STANDERS Torx 5x70 - boîte 500 + embout – Réf. 91850375,,,,,,,,,,Yes,0.00,,No,,No,,,,,,No,,,LM-91850375,,,À fournir par le client - Leroy Merlin - Réf. 91850375,Fournitures client - Fixation / Visserie,Yes,,https://media.adeo.com/marketplace/LMFR/91850375/00000000000091850375_01c_FR_CF.avif,,,,,,,No,,,,No,,,,
Vis hexagonales STANDERS 8x60 - boîte 25 – Réf. 82240553,,,,,,,,,,Yes,0.00,,No,,No,,,,,,No,,,LM-82240553,,,À fournir par le client - Leroy Merlin - Réf. 82240553,Fournitures client - Fixation / Visserie,Yes,,https://media.adeo.com/marketplace/LMFR/82240553/00000000000082240553_01c_FR_CF.avif,,,,,,,No,,,,No,,,,
Vis bois STANDERS Ttap 4x30 - boîte 250 – Réf. 82184779,,,,,,,,,,Yes,0.00,,No,,No,,,,,,No,,,LM-82184779,,,À fournir par le client - Leroy Merlin - Réf. 82184779,Fournitures client - Fixation / Visserie,Yes,,https://media.adeo.com/marketplace/LMFR/82184779/00000000000082184779_01c_FR_CF.avif,,,,,,,No,,,,No,,,,
Vis bois STANDERS 5x80 - boîte 50 – Réf. 82231864,,,,,,,,,,Yes,0.00,,No,,No,,,,,,No,,,LM-82231864,,,À fournir par le client - Leroy Merlin - Réf. 82231864,Fournitures client - Fixation / Visserie,Yes,,https://media.adeo.com/marketplace/LMFR/82231864/00000000000082231864_01c_FR_CF.avif,,,,,,,No,,,,No,,,,
Vis bois STANDERS Ttap 6x140 - boîte 30 – Réf. 86273382,,,,,,,,,,Yes,0.00,,No,,No,,,,,,No,,,LM-86273382,,,À fournir par le client - Leroy Merlin - Réf. 86273382,Fournitures client - Fixation / Visserie,Yes,,https://media.adeo.com/marketplace/LMFR/86273382/00000000000086273382_01c_FR_CF.avif,,,,,,,No,,,,No,,,,
Vis hexagonales STANDERS 8x50 - boîte 30 – Réf. 82240552,,,,,,,,,,Yes,0.00,,No,,No,,,,,,No,,,LM-82240552,,,À fournir par le client - Leroy Merlin - Réf. 82240552,Fournitures client - Fixation / Visserie,Yes,,https://media.adeo.com/marketplace/LMFR/82240552/00000000000082240552_01c_FR_CF.avif,,,,,,,No,,,,No,,,,
Vis bois STANDERS Ttap 6x140 - lot 6 – Réf. 86273304,,,,,,,,,,Yes,0.00,,No,,No,,,,,,No,,,LM-86273304,,,À fournir par le client - Leroy Merlin - Réf. 86273304,Fournitures client - Fixation / Visserie,Yes,,https://media.adeo.com/marketplace/LMFR/86273304/00000000000086273304_01c_FR_CF.avif,,,,,,,No,,,,No,,,,
Vis inox A2 STANDERS Torx 5x60 - boîte 100 + embout – Réf. 96149080,,,,,,,,,,Yes,0.00,,No,,No,,,,,,No,,,LM-96149080,,,À fournir par le client - Leroy Merlin - Réf. 96149080,Fournitures client - Fixation / Visserie,Yes,,https://media.adeo.com/marketplace/LMFR/96149080/00000000000096149080_01c_FR_CF.avif,,,,,,,No,,,,No,,,,
Té cuivre à sertir Ø18-16-18 QUICK PLOMBERIE – Réf. 88713230,,,,,,,,,,Yes,0.00,,No,,No,,,,,,No,,,LM-88713230,,,À fournir par le client - Leroy Merlin - Réf. 88713230,Fournitures client - Plomberie,Yes,,https://media.adeo.com/marketplace/LMFR/88713230/00000000000088713230_01c_FR_CF.avif,,,,,,,No,,,,No,,,,
Coude cuivre à sertir 90° Ø18 QUICK PLOMBERIE – Réf. 88120691,,,,,,,,,,Yes,0.00,,No,,No,,,,,,No,,,LM-88120691,,,À fournir par le client - Leroy Merlin - Réf. 88120691,Fournitures client - Plomberie,Yes,,https://media.adeo.com/marketplace/LMFR/88120691/00000000000088120691_01c_FR_CF.avif,,,,,,,No,,,,No,,,,
Coude cuivre à sertir 45° Ø18 QUICK PLOMBERIE – Réf. 88120696,,,,,,,,,,Yes,0.00,,No,,No,,,,,,No,,,LM-88120696,,,À fournir par le client - Leroy Merlin - Réf. 88120696,Fournitures client - Plomberie,Yes,,https://media.adeo.com/marketplace/LMFR/88120696/00000000000088120696_01c_FR_CF.avif,,,,,,,No,,,,No,,,,
Manchon cuivre à sertir Ø18 QUICK PLOMBERIE – Réf. 88120682,,,,,,,,,,Yes,0.00,,No,,No,,,,,,No,,,LM-88120682,,,À fournir par le client - Leroy Merlin - Réf. 88120682,Fournitures client - Plomberie,Yes,,https://media.adeo.com/marketplace/LMFR/88120682/00000000000088120682_01c_FR_CF.avif,,,,,,,No,,,,No,,,,
Manchon cuivre à sertir Ø16 QUICK PLOMBERIE – Réf. 88120681,,,,,,,,,,Yes,0.00,,No,,No,,,,,,No,,,LM-88120681,,,À fournir par le client - Leroy Merlin - Réf. 88120681,Fournitures client - Plomberie,Yes,,https://media.adeo.com/marketplace/LMFR/88120681/00000000000088120681_01c_FR_CF.avif,,,,,,,No,,,,No,,,,
Manchon réduit cuivre à sertir Ø18-16 QUICK PLOMBERIE – Réf. 88120686,,,,,,,,,,Yes,0.00,,No,,No,,,,,,No,,,LM-88120686,,,À fournir par le client - Leroy Merlin - Réf. 88120686,Fournitures client - Plomberie,Yes,,https://media.adeo.com/marketplace/LMFR/88120686/00000000000088120686_01c_FR_CF.avif,,,,,,,No,,,,No,,,,
Té cuivre à sertir Ø14 QUICK PLOMBERIE – Réf. 88120698,,,,,,,,,,Yes,0.00,,No,,No,,,,,,No,,,LM-88120698,,,À fournir par le client - Leroy Merlin - Réf. 88120698,Fournitures client - Plomberie,Yes,,https://media.adeo.com/marketplace/LMFR/88120698/00000000000088120698_01c_FR_CF.avif,,,,,,,No,,,,No,,,,
Coude cuivre à sertir Ø22 QUICK PLOMBERIE – Réf. 88143176,,,,,,,,,,Yes,0.00,,No,,No,,,,,,No,,,LM-88143176,,,À fournir par le client - Leroy Merlin - Réf. 88143176,Fournitures client - Plomberie,Yes,,https://media.adeo.com/marketplace/LMFR/88143176/00000000000088143176_01c_FR_CF.avif,,,,,,,No,,,,No,,,,
Bouchon cuivre à sertir Ø12 QUICK PLOMBERIE – Réf. 96548381,,,,,,,,,,Yes,0.00,,No,,No,,,,,,No,,,LM-96548381,,,À fournir par le client - Leroy Merlin - Réf. 96548381,Fournitures client - Plomberie,Yes,,https://media.adeo.com/marketplace/LMFR/96548381/00000000000096548381_01c_FR_CF.avif,,,,,,,No,,,,No,,,,
Raccord cuivre à sertir mâle 12x17 vers Ø14 – Réf. 88147216,,,,,,,,,,Yes,0.00,,No,,No,,,,,,No,,,LM-88147216,,,À fournir par le client - Leroy Merlin - Réf. 88147216,Fournitures client - Plomberie,Yes,,https://media.adeo.com/marketplace/LMFR/88147216/00000000000088147216_01c_FR_CF.avif,,,,,,,No,,,,No,,,,
Raccord cuivre à sertir femelle 15x21 vers Ø16 – Réf. 88142316,,,,,,,,,,Yes,0.00,,No,,No,,,,,,No,,,LM-88142316,,,À fournir par le client - Leroy Merlin - Réf. 88142316,Fournitures client - Plomberie,Yes,,https://media.adeo.com/marketplace/LMFR/88142316/00000000000088142316_01c_FR_CF.avif,,,,,,,No,,,,No,,,,
Raccord cuivre à sertir mâle 15x21 vers Ø14 – Réf. 88120702,,,,,,,,,,Yes,0.00,,No,,No,,,,,,No,,,LM-88120702,,,À fournir par le client - Leroy Merlin - Réf. 88120702,Fournitures client - Plomberie,Yes,,https://media.adeo.com/marketplace/LMFR/88120702/00000000000088120702_01c_FR_CF.avif,,,,,,,No,,,,No,,,,
Raccord cuivre à sertir femelle 15x21 vers Ø14 – Réf. 88120708,,,,,,,,,,Yes,0.00,,No,,No,,,,,,No,,,LM-88120708,,,À fournir par le client - Leroy Merlin - Réf. 88120708,Fournitures client - Plomberie,Yes,,https://media.adeo.com/marketplace/LMFR/88120708/00000000000088120708_01c_FR_CF.avif,,,,,,,No,,,,No,,,,
Chevilles expansion STANDERS 13x31 - 50 + vis – Réf. 80125449,,,,,,,,,,Yes,0.00,,No,,No,,,,,,No,,,LM-80125449,,,À fournir par le client - Leroy Merlin - Réf. 80125449,Fournitures client - Fixation / Visserie,Yes,,https://media.adeo.com/marketplace/LMFR/80125449/00000000000080125449_01c_FR_CF.avif,,,,,,,No,,,,No,,,,
Chevilles placo STANDERS 13x31 - 10 + vis – Réf. 80125445,,,,,,,,,,Yes,0.00,,No,,No,,,,,,No,,,LM-80125445,,,À fournir par le client - Leroy Merlin - Réf. 80125445,Fournitures client - Fixation / Visserie,Yes,,https://media.adeo.com/marketplace/LMFR/80125445/00000000000080125445_01c_FR_CF.avif,,,,,,,No,,,,No,,,,
Cheville RED HEAD Vix L30 – Réf. 69602946,,,,,,,,,,Yes,0.00,,No,,No,,,,,,No,,,LM-69602946,,,À fournir par le client - Leroy Merlin - Réf. 69602946,Fournitures client - Fixation / Visserie,Yes,,https://media.adeo.com/marketplace/LMFR/69602946/00000000000069602946_01c_FR_CF.avif,,,,,,,No,,,,No,,,,
Chevilles RED HEAD Vix Ø10x25 - lot 30 – Réf. 60499782,,,,,,,,,,Yes,0.00,,No,,No,,,,,,No,,,LM-60499782,,,À fournir par le client - Leroy Merlin - Réf. 60499782,Fournitures client - Fixation / Visserie,Yes,,https://media.adeo.com/marketplace/LMFR/60499782/00000000000060499782_01c_FR_CF.avif,,,,,,,No,,,,No,,,,
Chevilles RED HEAD à visser Ø4x35 - lot 50 – Réf. 80121079,,,,,,,,,,Yes,0.00,,No,,No,,,,,,No,,,LM-80121079,,,À fournir par le client - Leroy Merlin - Réf. 80121079,Fournitures client - Fixation / Visserie,Yes,,https://media.adeo.com/marketplace/LMFR/80121079/00000000000080121079_01c_FR_CF.avif,,,,,,,No,,,,No,,,,
Chevilles placo STANDERS 13x41 - 10 + vis – Réf. 80125451,,,,,,,,,,Yes,0.00,,No,,No,,,,,,No,,,LM-80125451,,,À fournir par le client - Leroy Merlin - Réf. 80125451,Fournitures client - Fixation / Visserie,Yes,,https://media.adeo.com/marketplace/LMFR/80125451/00000000000080125451_01c_FR_CF.avif,,,,,,,No,,,,No,,,,
Cheville RED HEAD Vix L25 – Réf. 60499761,,,,,,,,,,Yes,0.00,,No,,No,,,,,,No,,,LM-60499761,,,À fournir par le client - Leroy Merlin - Réf. 60499761,Fournitures client - Fixation / Visserie,Yes,,https://media.adeo.com/marketplace/LMFR/60499761/00000000000060499761_01c_FR_CF.avif,,,,,,,No,,,,No,,,,
Chevilles placo STANDERS 9x25 - lot 20 – Réf. 89110075,,,,,,,,,,Yes,0.00,,No,,No,,,,,,No,,,LM-89110075,,,À fournir par le client - Leroy Merlin - Réf. 89110075,Fournitures client - Fixation / Visserie,Yes,,https://media.adeo.com/marketplace/LMFR/89110075/00000000000089110075_01c_FR_CF.avif,,,,,,,No,,,,No,,,,
Chevilles multi-matériaux STANDERS Ø8x50 - lot 50 + vis – Réf. 82509557,,,,,,,,,,Yes,0.00,,No,,No,,,,,,No,,,LM-82509557,,,À fournir par le client - Leroy Merlin - Réf. 82509557,Fournitures client - Fixation / Visserie,Yes,,https://media.adeo.com/marketplace/LMFR/82509557/00000000000082509557_01c_FR_CF.avif,,,,,,,No,,,,No,,,,
Chevilles FISCHER Ø5x25 - lot 18 + vis – Réf. 80125279,,,,,,,,,,Yes,0.00,,No,,No,,,,,,No,,,LM-80125279,,,À fournir par le client - Leroy Merlin - Réf. 80125279,Fournitures client - Fixation / Visserie,Yes,,https://media.adeo.com/marketplace/LMFR/80125279/00000000000080125279_01c_FR_CF.avif,,,,,,,No,,,,No,,,,
Cheville SPIT Driva L30 - lot – Réf. 80121101,,,,,,,,,,Yes,0.00,,No,,No,,,,,,No,,,LM-80121101,,,À fournir par le client - Leroy Merlin - Réf. 80121101,Fournitures client - Fixation / Visserie,Yes,,https://media.adeo.com/marketplace/LMFR/80121101/00000000000080121101_01c_FR_CF.avif,,,,,,,No,,,,No,,,,
Cheville SPIT Driva BTR L30 - lot – Réf. 80121102,,,,,,,,,,Yes,0.00,,No,,No,,,,,,No,,,LM-80121102,,,À fournir par le client - Leroy Merlin - Réf. 80121102,Fournitures client - Fixation / Visserie,Yes,,https://media.adeo.com/marketplace/LMFR/80121102/00000000000080121102_01c_FR_CF.avif,,,,,,,No,,,,No,,,,
Cheville SPIT ISD L50 - lot – Réf. 80121094,,,,,,,,,,Yes,0.00,,No,,No,,,,,,No,,,LM-80121094,,,À fournir par le client - Leroy Merlin - Réf. 80121094,Fournitures client - Fixation / Visserie,Yes,,https://media.adeo.com/marketplace/LMFR/80121094/00000000000080121094_01c_FR_CF.avif,,,,,,,No,,,,No,,,,
Chevilles placo STANDERS acier 13x31 - lot 8 – Réf. 80125446,,,,,,,,,,Yes,0.00,,No,,No,,,,,,No,,,LM-80125446,,,À fournir par le client - Leroy Merlin - Réf. 80125446,Fournitures client - Fixation / Visserie,Yes,,https://media.adeo.com/marketplace/LMFR/80125446/00000000000080125446_01c_FR_CF.avif,,,,,,,No,,,,No,,,,
Chevilles multi-matériaux STANDERS Ø6x40 - lot 100 + vis – Réf. 82509558,,,,,,,,,,Yes,0.00,,No,,No,,,,,,No,,,LM-82509558,,,À fournir par le client - Leroy Merlin - Réf. 82509558,Fournitures client - Fixation / Visserie,Yes,,https://media.adeo.com/marketplace/LMFR/82509558/00000000000082509558_01c_FR_CF.avif,,,,,,,No,,,,No,,,,
Chevilles multi-matériaux STANDERS Ø5x30 - lot 25 + vis – Réf. 80130316,,,,,,,,,,Yes,0.00,,No,,No,,,,,,No,,,LM-80130316,,,À fournir par le client - Leroy Merlin - Réf. 80130316,Fournitures client - Fixation / Visserie,Yes,,https://media.adeo.com/marketplace/LMFR/80130316/00000000000080130316_01c_FR_CF.avif,,,,,,,No,,,,No,,,,
Chevilles RED HEAD Grapex Ø6x25 - lot 80 + vis – Réf. 80121040,,,,,,,,,,Yes,0.00,,No,,No,,,,,,No,,,LM-80121040,,,À fournir par le client - Leroy Merlin - Réf. 80121040,Fournitures client - Fixation / Visserie,Yes,,https://media.adeo.com/marketplace/LMFR/80121040/00000000000080121040_01c_FR_CF.avif,,,,,,,No,,,,No,,,,
Chevilles FISCHER Ø8x40 - lot 8 + vis – Réf. 80125281,,,,,,,,,,Yes,0.00,,No,,No,,,,,,No,,,LM-80125281,,,À fournir par le client - Leroy Merlin - Réf. 80125281,Fournitures client - Fixation / Visserie,Yes,,https://media.adeo.com/marketplace/LMFR/80125281/00000000000080125281_01c_FR_CF.avif,,,,,,,No,,,,No,,,,
Cheville SPIT L38 - lot – Réf. 80121093,,,,,,,,,,Yes,0.00,,No,,No,,,,,,No,,,LM-80121093,,,À fournir par le client - Leroy Merlin - Réf. 80121093,Fournitures client - Fixation / Visserie,Yes,,https://media.adeo.com/marketplace/LMFR/80121093/00000000000080121093_01c_FR_CF.avif,,,,,,,No,,,,No,,,,
Cheville STANDERS L80 - lot – Réf. 80125504,,,,,,,,,,Yes,0.00,,No,,No,,,,,,No,,,LM-80125504,,,À fournir par le client - Leroy Merlin - Réf. 80125504,Fournitures client - Fixation / Visserie,Yes,,https://media.adeo.com/marketplace/LMFR/80125504/00000000000080125504_01c_FR_CF.avif,,,,,,,No,,,,No,,,,
Chevilles expansion STANDERS Ø8x34 - lot 10 – Réf. 80125477,,,,,,,,,,Yes,0.00,,No,,No,,,,,,No,,,LM-80125477,,,À fournir par le client - Leroy Merlin - Réf. 80125477,Fournitures client - Fixation / Visserie,Yes,,https://media.adeo.com/marketplace/LMFR/80125477/00000000000080125477_01c_FR_CF.avif,,,,,,,No,,,,No,,,,
Chevilles expansion STANDERS Ø8x34 - lot 20 – Réf. 80125476,,,,,,,,,,Yes,0.00,,No,,No,,,,,,No,,,LM-80125476,,,À fournir par le client - Leroy Merlin - Réf. 80125476,Fournitures client - Fixation / Visserie,Yes,,https://media.adeo.com/marketplace/LMFR/80125476/00000000000080125476_01c_FR_CF.avif,,,,,,,No,,,,No,,,,
Chevilles expansion STANDERS Ø8x46 - lot 50 – Réf. 80125459,,,,,,,,,,Yes,0.00,,No,,No,,,,,,No,,,LM-80125459,,,À fournir par le client - Leroy Merlin - Réf. 80125459,Fournitures client - Fixation / Visserie,Yes,,https://media.adeo.com/marketplace/LMFR/80125459/00000000000080125459_01c_FR_CF.avif,,,,,,,No,,,,No,,,,
Chevilles RED HEAD Ø8x35 - lot 10 – Réf. 84770249,,,,,,,,,,Yes,0.00,,No,,No,,,,,,No,,,LM-84770249,,,À fournir par le client - Leroy Merlin - Réf. 84770249,Fournitures client - Fixation / Visserie,Yes,,https://media.adeo.com/marketplace/LMFR/84770249/00000000000084770249_01c_FR_CF.avif,,,,,,,No,,,,No,,,,
Chevilles expansion STANDERS Ø8x46 - lot 10 – Réf. 80125464,,,,,,,,,,Yes,0.00,,No,,No,,,,,,No,,,LM-80125464,,,À fournir par le client - Leroy Merlin - Réf. 80125464,Fournitures client - Fixation / Visserie,Yes,,https://media.adeo.com/marketplace/LMFR/80125464/00000000000080125464_01c_FR_CF.avif,,,,,,,No,,,,No,,,,
Chevilles placo STANDERS Ø11x36 - lot 40 – Réf. 80125468,,,,,,,,,,Yes,0.00,,No,,No,,,,,,No,,,LM-80125468,,,À fournir par le client - Leroy Merlin - Réf. 80125468,Fournitures client - Fixation / Visserie,Yes,,https://media.adeo.com/marketplace/LMFR/80125468/00000000000080125468_01c_FR_CF.avif,,,,,,,No,,,,No,,,,
Chevilles expansion STANDERS Ø8x46 - lot 20 – Réf. 80125455,,,,,,,,,,Yes,0.00,,No,,No,,,,,,No,,,LM-80125455,,,À fournir par le client - Leroy Merlin - Réf. 80125455,Fournitures client - Fixation / Visserie,Yes,,https://media.adeo.com/marketplace/LMFR/80125455/00000000000080125455_01c_FR_CF.avif,,,,,,,No,,,,No,,,,
Chevilles STANDERS assorties Ø6/8/10 - lot 230 – Réf. 80130300,,,,,,,,,,Yes,0.00,,No,,No,,,,,,No,,,LM-80130300,,,À fournir par le client - Leroy Merlin - Réf. 80130300,Fournitures client - Fixation / Visserie,Yes,,https://media.adeo.com/marketplace/LMFR/80130300/00000000000080130300_01c_FR_CF.avif,,,,,,,No,,,,No,,,,
Chevilles RED HEAD Grapex Ø6x25 - lot 25 – Réf. 80119273,,,,,,,,,,Yes,0.00,,No,,No,,,,,,No,,,LM-80119273,,,À fournir par le client - Leroy Merlin - Réf. 80119273,Fournitures client - Fixation / Visserie,Yes,,https://media.adeo.com/marketplace/LMFR/80119273/00000000000080119273_01c_FR_CF.avif,,,,,,,No,,,,No,,,,
Chevilles expansion STANDERS Ø11x50 - lot 20 – Réf. 80125473,,,,,,,,,,Yes,0.00,,No,,No,,,,,,No,,,LM-80125473,,,À fournir par le client - Leroy Merlin - Réf. 80125473,Fournitures client - Fixation / Visserie,Yes,,https://media.adeo.com/marketplace/LMFR/80125473/00000000000080125473_01c_FR_CF.avif,,,,,,,No,,,,No,,,,
Chevilles STANDERS Ø11 - lot 12 + vis – Réf. 80125452,,,,,,,,,,Yes,0.00,,No,,No,,,,,,No,,,LM-80125452,,,À fournir par le client - Leroy Merlin - Réf. 80125452,Fournitures client - Fixation / Visserie,Yes,,https://media.adeo.com/marketplace/LMFR/80125452/00000000000080125452_01c_FR_CF.avif,,,,,,,No,,,,No,,,,
Chevilles STANDERS Ø8x50 - lot 10 + vis – Réf. 80130309,,,,,,,,,,Yes,0.00,,No,,No,,,,,,No,,,LM-80130309,,,À fournir par le client - Leroy Merlin - Réf. 80130309,Fournitures client - Fixation / Visserie,Yes,,https://media.adeo.com/marketplace/LMFR/80130309/00000000000080130309_01c_FR_CF.avif,,,,,,,No,,,,No,,,,
Chevilles RED HEAD Ø8x35 - lot 30 – Réf. 84770247,,,,,,,,,,Yes,0.00,,No,,No,,,,,,No,,,LM-84770247,,,À fournir par le client - Leroy Merlin - Réf. 84770247,Fournitures client - Fixation / Visserie,Yes,,https://media.adeo.com/marketplace/LMFR/84770247/00000000000084770247_01c_FR_CF.avif,,,,,,,No,,,,No,,,,
Chevilles expansion STANDERS Ø11x36 - lot 20 – Réf. 80125474,,,,,,,,,,Yes,0.00,,No,,No,,,,,,No,,,LM-80125474,,,À fournir par le client - Leroy Merlin - Réf. 80125474,Fournitures client - Fixation / Visserie,Yes,,https://media.adeo.com/marketplace/LMFR/80125474/00000000000080125474_01c_FR_CF.avif,,,,,,,No,,,,No,,,,
Chevilles FISCHER Duopower Ø6x30 - lot 50 – Réf. 70909783,,,,,,,,,,Yes,0.00,,No,,No,,,,,,No,,,LM-70909783,,,À fournir par le client - Leroy Merlin - Réf. 70909783,Fournitures client - Fixation / Visserie,Yes,,https://media.adeo.com/marketplace/LMFR/70909783/00000000000070909783_01c_FR_CF.avif,,,,,,,No,,,,No,,,,
Té multicouche à sertir Ø16 EQUATION – Réf. 84850980,,,,,,,,,,Yes,0.00,,No,,No,,,,,,No,,,LM-84850980,,,À fournir par le client - Leroy Merlin - Réf. 84850980,Fournitures client - Plomberie,Yes,,https://media.adeo.com/marketplace/LMFR/84850980/00000000000084850980_01c_FR_CF.avif,,,,,,,No,,,,No,,,,
Raccord multicouche F15x21 x Ø16 EQUATION – Réf. 84851102,,,,,,,,,,Yes,0.00,,No,,No,,,,,,No,,,LM-84851102,,,À fournir par le client - Leroy Merlin - Réf. 84851102,Fournitures client - Plomberie,Yes,,https://media.adeo.com/marketplace/LMFR/84851102/00000000000084851102_01c_FR_CF.avif,,,,,,,No,,,,No,,,,
Coude multicouche à sertir Ø16 EQUATION – Réf. 84851051,,,,,,,,,,Yes,0.00,,No,,No,,,,,,No,,,LM-84851051,,,À fournir par le client - Leroy Merlin - Réf. 84851051,Fournitures client - Plomberie,Yes,,https://media.adeo.com/marketplace/LMFR/84851051/00000000000084851051_01c_FR_CF.avif,,,,,,,No,,,,No,,,,
Bonde lavabo clic-clac chromée Ø66 EQUATION – Réf. 91664555,,,,,,,,,,Yes,0.00,,No,,No,,,,,,No,,,LM-91664555,,,À fournir par le client - Leroy Merlin - Réf. 91664555,Fournitures client - Plomberie,Yes,,https://media.adeo.com/marketplace/LMFR/91664555/00000000000091664555_01c_FR_CF.avif,,,,,,,No,,,,No,,,,
Raccord multicouche M12x17 x Ø16 EQUATION – Réf. 84851110,,,,,,,,,,Yes,0.00,,No,,No,,,,,,No,,,LM-84851110,,,À fournir par le client - Leroy Merlin - Réf. 84851110,Fournitures client - Plomberie,Yes,,https://media.adeo.com/marketplace/LMFR/84851110/00000000000084851110_01c_FR_CF.avif,,,,,,,No,,,,No,,,,
Manchon multicouche M15x21 x Ø16 EQUATION – Réf. 84851104,,,,,,,,,,Yes,0.00,,No,,No,,,,,,No,,,LM-84851104,,,À fournir par le client - Leroy Merlin - Réf. 84851104,Fournitures client - Plomberie,Yes,,https://media.adeo.com/marketplace/LMFR/84851104/00000000000084851104_01c_FR_CF.avif,,,,,,,No,,,,No,,,,
Raccord multicouche F20x27 x Ø16 EQUATION – Réf. 84851106,,,,,,,,,,Yes,0.00,,No,,No,,,,,,No,,,LM-84851106,,,À fournir par le client - Leroy Merlin - Réf. 84851106,Fournitures client - Plomberie,Yes,,https://media.adeo.com/marketplace/LMFR/84851106/00000000000084851106_01c_FR_CF.avif,,,,,,,No,,,,No,,,,
Vidage siphon + bonde lavabo chrome EQUATION – Réf. 94058080,,,,,,,,,,Yes,0.00,,No,,No,,,,,,No,,,LM-94058080,,,À fournir par le client - Leroy Merlin - Réf. 94058080,Fournitures client - Plomberie,Yes,,https://media.adeo.com/marketplace/LMFR/94058080/00000000000094058080_01c_FR_CF.avif,,,,,,,No,,,,No,,,,
Raccord multicouche droit Ø16 à sertir EQUATION – Réf. 84851093,,,,,,,,,,Yes,0.00,,No,,No,,,,,,No,,,LM-84851093,,,À fournir par le client - Leroy Merlin - Réf. 84851093,Fournitures client - Plomberie,Yes,,https://media.adeo.com/marketplace/LMFR/84851093/00000000000084851093_01c_FR_CF.avif,,,,,,,No,,,,No,,,,
Colliers multicouche Ø16 EQUATION - lot 10 – Réf. 84851047,,,,,,,,,,Yes,0.00,,No,,No,,,,,,No,,,LM-84851047,,,À fournir par le client - Leroy Merlin - Réf. 84851047,Fournitures client - Plomberie,Yes,,https://media.adeo.com/marketplace/LMFR/84851047/00000000000084851047_01c_FR_CF.avif,,,,,,,No,,,,No,,,,
Raccord machine à laver Ø40 EQUATION – Réf. 81962491,,,,,,,,,,Yes,0.00,,No,,No,,,,,,No,,,LM-81962491,,,À fournir par le client - Leroy Merlin - Réf. 81962491,Fournitures client - Plomberie,Yes,,https://media.adeo.com/marketplace/LMFR/81962491/00000000000081962491_01c_FR_CF.avif,,,,,,,No,,,,No,,,,
Siphon lavabo gain de place 32/40 EQUATION – Réf. 91779057,,,,,,,,,,Yes,0.00,,No,,No,,,,,,No,,,LM-91779057,,,À fournir par le client - Leroy Merlin - Réf. 91779057,Fournitures client - Plomberie,Yes,,https://media.adeo.com/marketplace/LMFR/91779057/00000000000091779057_01c_FR_CF.avif,,,,,,,No,,,,No,,,,
Vanne arrêt M/F 12x17 EQUATION – Réf. 83831912,,,,,,,,,,Yes,0.00,,No,,No,,,,,,No,,,LM-83831912,,,À fournir par le client - Leroy Merlin - Réf. 83831912,Fournitures client - Autres,Yes,,https://media.adeo.com/marketplace/LMFR/83831912/00000000000083831912_01c_FR_CF.avif,,,,,,,No,,,,No,,,,
Raccord multicouche F12x17 x Ø16 EQUATION – Réf. 84851098,,,,,,,,,,Yes,0.00,,No,,No,,,,,,No,,,LM-84851098,,,À fournir par le client - Leroy Merlin - Réf. 84851098,Fournitures client - Plomberie,Yes,,https://media.adeo.com/marketplace/LMFR/84851098/00000000000084851098_01c_FR_CF.avif,,,,,,,No,,,,No,,,,
Tube multicouche nu Ø16 barre 2 m EQUATION – Réf. 84850965,,,,,,,,,,Yes,0.00,,No,,No,,,,,,No,,,LM-84850965,,,À fournir par le client - Leroy Merlin - Réf. 84850965,Fournitures client - Plomberie,Yes,,https://media.adeo.com/marketplace/LMFR/84850965/00000000000084850965_01c_FR_CF.avif,,,,,,,No,,,,No,,,,
Tube multicouche nu Ø16 couronne 25 m EQUATION – Réf. 84850970,,,,,,,,,,Yes,0.00,,No,,No,,,,,,No,,,LM-84850970,,,À fournir par le client - Leroy Merlin - Réf. 84850970,Fournitures client - Plomberie,Yes,,https://media.adeo.com/marketplace/LMFR/84850970/00000000000084850970_01c_FR_CF.avif,,,,,,,No,,,,No,,,,
Coude multicouche F15x21 x Ø16 EQUATION – Réf. 84850986,,,,,,,,,,Yes,0.00,,No,,No,,,,,,No,,,LM-84850986,,,À fournir par le client - Leroy Merlin - Réf. 84850986,Fournitures client - Plomberie,Yes,,https://media.adeo.com/marketplace/LMFR/84850986/00000000000084850986_01c_FR_CF.avif,,,,,,,No,,,,No,,,,
Manchon multicouche F20x27 x Ø20 EQUATION – Réf. 84851060,,,,,,,,,,Yes,0.00,,No,,No,,,,,,No,,,LM-84851060,,,À fournir par le client - Leroy Merlin - Réf. 84851060,Fournitures client - Plomberie,Yes,,https://media.adeo.com/marketplace/LMFR/84851060/00000000000084851060_01c_FR_CF.avif,,,,,,,No,,,,No,,,,
Bonde lavabo clic-clac noire Ø66 EQUATION – Réf. 91664557,,,,,,,,,,Yes,0.00,,No,,No,,,,,,No,,,LM-91664557,,,À fournir par le client - Leroy Merlin - Réf. 91664557,Fournitures client - Plomberie,Yes,,https://media.adeo.com/marketplace/LMFR/91664557/00000000000091664557_01c_FR_CF.avif,,,,,,,No,,,,No,,,,
Bonde lavabo clic-clac dorée Ø66 EQUATION – Réf. 91664562,,,,,,,,,,Yes,0.00,,No,,No,,,,,,No,,,LM-91664562,,,À fournir par le client - Leroy Merlin - Réf. 91664562,Fournitures client - Plomberie,Yes,,https://media.adeo.com/marketplace/LMFR/91664562/00000000000091664562_01c_FR_CF.avif,,,,,,,No,,,,No,,,,
Robinet arrêt équerre M/F 12x17 EQUATION – Réf. 95653209,,,,,,,,,,Yes,0.00,,No,,No,,,,,,No,,,LM-95653209,,,À fournir par le client - Leroy Merlin - Réf. 95653209,Fournitures client - Plomberie,Yes,,https://media.adeo.com/marketplace/LMFR/95653209/00000000000095653209_01c_FR_CF.avif,,,,,,,No,,,,No,,,,
Tube multicouche nu Ø16 couronne 50 m EQUATION – Réf. 84850972,,,,,,,,,,Yes,0.00,,No,,No,,,,,,No,,,LM-84850972,,,À fournir par le client - Leroy Merlin - Réf. 84850972,Fournitures client - Plomberie,Yes,,https://media.adeo.com/marketplace/LMFR/84850972/00000000000084850972_01c_FR_CF.avif,,,,,,,No,,,,No,,,,
Raccord multicouche F15x21 x Ø16 autre EQUATION – Réf. 84851100,,,,,,,,,,Yes,0.00,,No,,No,,,,,,No,,,LM-84851100,,,À fournir par le client - Leroy Merlin - Réf. 84851100,Fournitures client - Plomberie,Yes,,https://media.adeo.com/marketplace/LMFR/84851100/00000000000084851100_01c_FR_CF.avif,,,,,,,No,,,,No,,,,
Tube multicouche nu Ø16 couronne 10 m EQUATION – Réf. 84850967,,,,,,,,,,Yes,0.00,,No,,No,,,,,,No,,,LM-84850967,,,À fournir par le client - Leroy Merlin - Réf. 84850967,Fournitures client - Plomberie,Yes,,https://media.adeo.com/marketplace/LMFR/84850967/00000000000084850967_01c_FR_CF.avif,,,,,,,No,,,,No,,,,
Vanne arrêt M/M 15x21 EQUATION – Réf. 83831902,,,,,,,,,,Yes,0.00,,No,,No,,,,,,No,,,LM-83831902,,,À fournir par le client - Leroy Merlin - Réf. 83831902,Fournitures client - Autres,Yes,,https://media.adeo.com/marketplace/LMFR/83831902/00000000000083831902_01c_FR_CF.avif,,,,,,,No,,,,No,,,,
Vanne arrêt M/M 12x17 EQUATION – Réf. 83831901,,,,,,,,,,Yes,0.00,,No,,No,,,,,,No,,,LM-83831901,,,À fournir par le client - Leroy Merlin - Réf. 83831901,Fournitures client - Autres,Yes,,https://media.adeo.com/marketplace/LMFR/83831901/00000000000083831901_01c_FR_CF.avif,,,,,,,No,,,,No,,,,
Flexible M/F 12x17 DN8 30 cm EQUATION – Réf. 82661573,,,,,,,,,,Yes,0.00,,No,,No,,,,,,No,,,LM-82661573,,,À fournir par le client - Leroy Merlin - Réf. 82661573,Fournitures client - Autres,Yes,,https://media.adeo.com/marketplace/LMFR/82661573/00000000000082661573_01c_FR_CF.avif,,,,,,,No,,,,No,,,,
Collecteur 4 voies 20x27 EQUATION – Réf. 93904298,,,,,,,,,,Yes,0.00,,No,,No,,,,,,No,,,LM-93904298,,,À fournir par le client - Leroy Merlin - Réf. 93904298,Fournitures client - Autres,Yes,,https://media.adeo.com/marketplace/LMFR/93904298/00000000000093904298_01c_FR_CF.avif,,,,,,,No,,,,No,,,,
Manchon multicouche F15x21 x Ø20 EQUATION – Réf. 84851056,,,,,,,,,,Yes,0.00,,No,,No,,,,,,No,,,LM-84851056,,,À fournir par le client - Leroy Merlin - Réf. 84851056,Fournitures client - Plomberie,Yes,,https://media.adeo.com/marketplace/LMFR/84851056/00000000000084851056_01c_FR_CF.avif,,,,,,,No,,,,No,,,,
Calibreur ébavureur multicouche Ø26 EQUATION – Réf. 84850963,,,,,,,,,,Yes,0.00,,No,,No,,,,,,No,,,LM-84850963,,,À fournir par le client - Leroy Merlin - Réf. 84850963,Fournitures client - Plomberie,Yes,,https://media.adeo.com/marketplace/LMFR/84850963/00000000000084850963_01c_FR_CF.avif,,,,,,,No,,,,No,,,,
Coude multicouche M15x21 x Ø16 EQUATION – Réf. 84850992,,,,,,,,,,Yes,0.00,,No,,No,,,,,,No,,,LM-84850992,,,À fournir par le client - Leroy Merlin - Réf. 84850992,Fournitures client - Plomberie,Yes,,https://media.adeo.com/marketplace/LMFR/84850992/00000000000084850992_01c_FR_CF.avif,,,,,,,No,,,,No,,,,
Vanne arrêt M/F 15x21 EQUATION – Réf. 83831915,,,,,,,,,,Yes,0.00,,No,,No,,,,,,No,,,LM-83831915,,,À fournir par le client - Leroy Merlin - Réf. 83831915,Fournitures client - Autres,Yes,,https://media.adeo.com/marketplace/LMFR/83831915/00000000000083831915_01c_FR_CF.avif,,,,,,,No,,,,No,,,,
Vanne arrêt M/M 20x27 EQUATION – Réf. 83831905,,,,,,,,,,Yes,0.00,,No,,No,,,,,,No,,,LM-83831905,,,À fournir par le client - Leroy Merlin - Réf. 83831905,Fournitures client - Autres,Yes,,https://media.adeo.com/marketplace/LMFR/83831905/00000000000083831905_01c_FR_CF.avif,,,,,,,No,,,,No,,,,
Vanne arrêt M/F 20x27 EQUATION – Réf. 83831903,,,,,,,,,,Yes,0.00,,No,,No,,,,,,No,,,LM-83831903,,,À fournir par le client - Leroy Merlin - Réf. 83831903,Fournitures client - Autres,Yes,,https://media.adeo.com/marketplace/LMFR/83831903/00000000000083831903_01c_FR_CF.avif,,,,,,,No,,,,No,,,,
Flexible M/F 12x17 DN8 15 cm EQUATION – Réf. 82661565,,,,,,,,,,Yes,0.00,,No,,No,,,,,,No,,,LM-82661565,,,À fournir par le client - Leroy Merlin - Réf. 82661565,Fournitures client - Autres,Yes,,https://media.adeo.com/marketplace/LMFR/82661565/00000000000082661565_01c_FR_CF.avif,,,,,,,No,,,,No,,,,
Raccord multicouche F20x27 x Ø20 EQUATION – Réf. 84851058,,,,,,,,,,Yes,0.00,,No,,No,,,,,,No,,,LM-84851058,,,À fournir par le client - Leroy Merlin - Réf. 84851058,Fournitures client - Plomberie,Yes,,https://media.adeo.com/marketplace/LMFR/84851058/00000000000084851058_01c_FR_CF.avif,,,,,,,No,,,,No,,,,
Manchon multicouche M20x27 x Ø26 EQUATION – Réf. 88763888,,,,,,,,,,Yes,0.00,,No,,No,,,,,,No,,,LM-88763888,,,À fournir par le client - Leroy Merlin - Réf. 88763888,Fournitures client - Plomberie,Yes,,https://media.adeo.com/marketplace/LMFR/88763888/00000000000088763888_01c_FR_CF.avif,,,,,,,No,,,,No,,,,
Colle fixation acrylique AXTON 200 ml – Réf. 90111016,,,,,,,,,,Yes,0.00,,No,,No,,,,,,No,,,LM-90111016,,,À fournir par le client - Leroy Merlin - Réf. 90111016,Fournitures client - Autres,Yes,,https://media.adeo.com/marketplace/LMFR/90111016/00000000000090111016_01c_FR_CF.avif,,,,,,,No,,,,No,,,,
Colle bois extérieur humide D3 AXTON 215 g – Réf. 90111048,,,,,,,,,,Yes,0.00,,No,,No,,,,,,No,,,LM-90111048,,,À fournir par le client - Leroy Merlin - Réf. 90111048,Fournitures client - Autres,Yes,,https://media.adeo.com/marketplace/LMFR/90111048/00000000000090111048_01c_FR_CF.avif,,,,,,,No,,,,No,,,,
Colle bois intérieur D2 AXTON 500 g – Réf. 90111033,,,,,,,,,,Yes,0.00,,No,,No,,,,,,No,,,LM-90111033,,,À fournir par le client - Leroy Merlin - Réf. 90111033,Fournitures client - Autres,Yes,,https://media.adeo.com/marketplace/LMFR/90111033/00000000000090111033_01c_FR_CF.avif,,,,,,,No,,,,No,,,,
Colle néoprène gel AXTON 125 ml – Réf. 90111072,,,,,,,,,,Yes,0.00,,No,,No,,,,,,No,,,LM-90111072,,,À fournir par le client - Leroy Merlin - Réf. 90111072,Fournitures client - Autres,Yes,,https://media.adeo.com/marketplace/LMFR/90111072/00000000000090111072_01c_FR_CF.avif,,,,,,,No,,,,No,,,,
Colle époxy AXTON seringue 26 g – Réf. 90111088,,,,,,,,,,Yes,0.00,,No,,No,,,,,,No,,,LM-90111088,,,À fournir par le client - Leroy Merlin - Réf. 90111088,Fournitures client - Autres,Yes,,https://media.adeo.com/marketplace/LMFR/90111088/00000000000090111088_01c_FR_CF.avif,,,,,,,No,,,,No,,,,
Colle fixation Superfix AXTON 200 ml – Réf. 90111050,,,,,,,,,,Yes,0.00,,No,,No,,,,,,No,,,LM-90111050,,,À fournir par le client - Leroy Merlin - Réf. 90111050,Fournitures client - Autres,Yes,,https://media.adeo.com/marketplace/LMFR/90111050/00000000000090111050_01c_FR_CF.avif,,,,,,,No,,,,No,,,,
Silicone neutre AXTON blanc 280 ml – Réf. 90201997,,,,,,,,,,Yes,0.00,,No,,No,,,,,,No,,,LM-90201997,,,À fournir par le client - Leroy Merlin - Réf. 90201997,Fournitures client - Autres,Yes,,https://media.adeo.com/marketplace/LMFR/90201997/00000000000090201997_01c_FR_CF.avif,,,,,,,No,,,,No,,,,
Colle bois rapide AXTON 100 g – Réf. 80104780,,,,,,,,,,Yes,0.00,,No,,No,,,,,,No,,,LM-80104780,,,À fournir par le client - Leroy Merlin - Réf. 80104780,Fournitures client - Autres,Yes,,https://media.adeo.com/marketplace/LMFR/80104780/00000000000080104780_01c_FR_CF.avif,,,,,,,No,,,,No,,,,
Colle bois SADER Pro D3 750 g – Réf. 69645366,,,,,,,,,,Yes,0.00,,No,,No,,,,,,No,,,LM-69645366,,,À fournir par le client - Leroy Merlin - Réf. 69645366,Fournitures client - Autres,Yes,,https://media.adeo.com/marketplace/LMFR/69645366/00000000000069645366_01c_FR_CF.avif,,,,,,,No,,,,No,,,,
Colle bois SADER Pro D3 250 g – Réf. 69645352,,,,,,,,,,Yes,0.00,,No,,No,,,,,,No,,,LM-69645352,,,À fournir par le client - Leroy Merlin - Réf. 69645352,Fournitures client - Autres,Yes,,https://media.adeo.com/marketplace/LMFR/69645352/00000000000069645352_01c_FR_CF.avif,,,,,,,No,,,,No,,,,
Colle néoprène SADER liquide 55 ml – Réf. 53132184,,,,,,,,,,Yes,0.00,,No,,No,,,,,,No,,,LM-53132184,,,À fournir par le client - Leroy Merlin - Réf. 53132184,Fournitures client - Autres,Yes,,https://media.adeo.com/marketplace/LMFR/53132184/00000000000053132184_01c_FR_CF.avif,,,,,,,No,,,,No,,,,
Super Glue LOCTITE universelle 3 g – Réf. 53162970,,,,,,,,,,Yes,0.00,,No,,No,,,,,,No,,,LM-53162970,,,À fournir par le client - Leroy Merlin - Réf. 53162970,Fournitures client - Autres,Yes,,https://media.adeo.com/marketplace/LMFR/53162970/00000000000053162970_01c_FR_CF.avif,,,,,,,No,,,,No,,,,
Colle époxy SADER rapide 25 ml – Réf. 68944106,,,,,,,,,,Yes,0.00,,No,,No,,,,,,No,,,LM-68944106,,,À fournir par le client - Leroy Merlin - Réf. 68944106,Fournitures client - Autres,Yes,,https://media.adeo.com/marketplace/LMFR/68944106/00000000000068944106_01c_FR_CF.avif,,,,,,,No,,,,No,,,,
Colle PATTEX Ni clou ni vis Crystal 290 g – Réf. 82216985,,,,,,,,,,Yes,0.00,,No,,No,,,,,,No,,,LM-82216985,,,À fournir par le client - Leroy Merlin - Réf. 82216985,Fournitures client - Fixation / Visserie,Yes,,https://media.adeo.com/marketplace/LMFR/82216985/00000000000082216985_01c_FR_CF.avif,,,,,,,No,,,,No,,,,
Mastic RUBSON salle de bain saine blanc 280 ml – Réf. 65544724,,,,,,,,,,Yes,0.00,,No,,No,,,,,,No,,,LM-65544724,,,À fournir par le client - Leroy Merlin - Réf. 65544724,Fournitures client - Autres,Yes,,https://media.adeo.com/marketplace/LMFR/65544724/00000000000065544724_01c_FR_CF.avif,,,,,,,No,,,,No,,,,
Mastic RUBSON baignoire acrylique blanc 280 ml – Réf. 89328177,,,,,,,,,,Yes,0.00,,No,,No,,,,,,No,,,LM-89328177,,,À fournir par le client - Leroy Merlin - Réf. 89328177,Fournitures client - Autres,Yes,,https://media.adeo.com/marketplace/LMFR/89328177/00000000000089328177_01c_FR_CF.avif,,,,,,,No,,,,No,,,,
Mastic RUBSON salle de bain Jointe & Colle 280 ml – Réf. 85443784,,,,,,,,,,Yes,0.00,,No,,No,,,,,,No,,,LM-85443784,,,À fournir par le client - Leroy Merlin - Réf. 85443784,Fournitures client - Autres,Yes,,https://media.adeo.com/marketplace/LMFR/85443784/00000000000085443784_01c_FR_CF.avif,,,,,,,No,,,,No,,,,
Mastic RUBSON Sanitaire Pure blanc 280 ml – Réf. 82751505,,,,,,,,,,Yes,0.00,,No,,No,,,,,,No,,,LM-82751505,,,À fournir par le client - Leroy Merlin - Réf. 82751505,Fournitures client - Autres,Yes,,https://media.adeo.com/marketplace/LMFR/82751505/00000000000082751505_01c_FR_CF.avif,,,,,,,No,,,,No,,,,
Mastic RUBSON salle de bain express blanc 280 ml – Réf. 89328179,,,,,,,,,,Yes,0.00,,No,,No,,,,,,No,,,LM-89328179,,,À fournir par le client - Leroy Merlin - Réf. 89328179,Fournitures client - Autres,Yes,,https://media.adeo.com/marketplace/LMFR/89328179/00000000000089328179_01c_FR_CF.avif,,,,,,,No,,,,No,,,,
Mastic RUBSON cuisine et bain blanc 280 ml – Réf. 69962781,,,,,,,,,,Yes,0.00,,No,,No,,,,,,No,,,LM-69962781,,,À fournir par le client - Leroy Merlin - Réf. 69962781,Fournitures client - Autres,Yes,,https://media.adeo.com/marketplace/LMFR/69962781/00000000000069962781_01c_FR_CF.avif,,,,,,,No,,,,No,,,,
Mastic RUBSON cuisine et bain beige 280 ml – Réf. 69962991,,,,,,,,,,Yes,0.00,,No,,No,,,,,,No,,,LM-69962991,,,À fournir par le client - Leroy Merlin - Réf. 69962991,Fournitures client - Autres,Yes,,https://media.adeo.com/marketplace/LMFR/69962991/00000000000069962991_01c_FR_CF.avif,,,,,,,No,,,,No,,,,
Mastic RUBSON blancheur protection blanc 280 ml – Réf. 82751508,,,,,,,,,,Yes,0.00,,No,,No,,,,,,No,,,LM-82751508,,,À fournir par le client - Leroy Merlin - Réf. 82751508,Fournitures client - Autres,Yes,,https://media.adeo.com/marketplace/LMFR/82751508/00000000000082751508_01c_FR_CF.avif,,,,,,,No,,,,No,,,,
Mastic RUBSON murs et fenêtres blanc 280 ml – Réf. 69963110,,,,,,,,,,Yes,0.00,,No,,No,,,,,,No,,,LM-69963110,,,À fournir par le client - Leroy Merlin - Réf. 69963110,Fournitures client - Autres,Yes,,https://media.adeo.com/marketplace/LMFR/69963110/00000000000069963110_01c_FR_CF.avif,,,,,,,No,,,,No,,,,
Mastic RUBSON Lissage Facile blanc 280 ml – Réf. 69963096,,,,,,,,,,Yes,0.00,,No,,No,,,,,,No,,,LM-69963096,,,À fournir par le client - Leroy Merlin - Réf. 69963096,Fournitures client - Autres,Yes,,https://media.adeo.com/marketplace/LMFR/69963096/00000000000069963096_01c_FR_CF.avif,,,,,,,No,,,,No,,,,
Mastic RUBSON cuisine et bain express blanc 280 ml – Réf. 69963075,,,,,,,,,,Yes,0.00,,No,,No,,,,,,No,,,LM-69963075,,,À fournir par le client - Leroy Merlin - Réf. 69963075,Fournitures client - Autres,Yes,,https://media.adeo.com/marketplace/LMFR/69963075/00000000000069963075_01c_FR_CF.avif,,,,,,,No,,,,No,,,,
Mastic RUBSON portes et fenêtres transparent 280 ml – Réf. 53110442,,,,,,,,,,Yes,0.00,,No,,No,,,,,,No,,,LM-53110442,,,À fournir par le client - Leroy Merlin - Réf. 53110442,Fournitures client - Autres,Yes,,https://media.adeo.com/marketplace/LMFR/53110442/00000000000053110442_01c_FR_CF.avif,,,,,,,No,,,,No,,,,
Mastic RUBSON façades blanc 280 ml – Réf. 69963215,,,,,,,,,,Yes,0.00,,No,,No,,,,,,No,,,LM-69963215,,,À fournir par le client - Leroy Merlin - Réf. 69963215,Fournitures client - Autres,Yes,,https://media.adeo.com/marketplace/LMFR/69963215/00000000000069963215_01c_FR_CF.avif,,,,,,,No,,,,No,,,,
Lisseur pour mastic RUBSON – Réf. 82609941,,,,,,,,,,Yes,0.00,,No,,No,,,,,,No,,,LM-82609941,,,À fournir par le client - Leroy Merlin - Réf. 82609941,Fournitures client - Autres,Yes,,https://media.adeo.com/marketplace/LMFR/82609941/00000000000082609941_01c_FR_CF.avif,,,,,,,No,,,,No,,,,
Fil H07VU 1.5 mm² rouge 100 m – Réf. 70398545,,,,,,,,,,Yes,0.00,,No,,No,,,,,,No,,,LM-70398545,,,À fournir par le client - Leroy Merlin - Réf. 70398545,Fournitures client - Autres,Yes,,https://media.adeo.com/marketplace/LMFR/70398545/00000000000070398545_01c_FR_CF.avif,,,,,,,No,,,,No,,,,
Fil H07VU 1.5 mm² vert/jaune 100 m – Réf. 70398566,,,,,,,,,,Yes,0.00,,No,,No,,,,,,No,,,LM-70398566,,,À fournir par le client - Leroy Merlin - Réf. 70398566,Fournitures client - Autres,Yes,,https://media.adeo.com/marketplace/LMFR/70398566/00000000000070398566_01c_FR_CF.avif,,,,,,,No,,,,No,,,,
Fil H07VU 2.5 mm² bleu 100 m – Réf. 70398594,,,,,,,,,,Yes,0.00,,No,,No,,,,,,No,,,LM-70398594,,,À fournir par le client - Leroy Merlin - Réf. 70398594,Fournitures client - Autres,Yes,,https://media.adeo.com/marketplace/LMFR/70398594/00000000000070398594_01c_FR_CF.avif,,,,,,,No,,,,No,,,,
Fil H07VU 1.5 mm² violet 100 m – Réf. 70753396,,,,,,,,,,Yes,0.00,,No,,No,,,,,,No,,,LM-70753396,,,À fournir par le client - Leroy Merlin - Réf. 70753396,Fournitures client - Autres,Yes,,https://media.adeo.com/marketplace/LMFR/70753396/00000000000070753396_01c_FR_CF.avif,,,,,,,No,,,,No,,,,
Fil H07VU 1.5 mm² bleu 100 m – Réf. 70398552,,,,,,,,,,Yes,0.00,,No,,No,,,,,,No,,,LM-70398552,,,À fournir par le client - Leroy Merlin - Réf. 70398552,Fournitures client - Autres,Yes,,https://media.adeo.com/marketplace/LMFR/70398552/00000000000070398552_01c_FR_CF.avif,,,,,,,No,,,,No,,,,
Fil H07VU 2.5 mm² rouge 100 m – Réf. 70398580,,,,,,,,,,Yes,0.00,,No,,No,,,,,,No,,,LM-70398580,,,À fournir par le client - Leroy Merlin - Réf. 70398580,Fournitures client - Autres,Yes,,https://media.adeo.com/marketplace/LMFR/70398580/00000000000070398580_01c_FR_CF.avif,,,,,,,No,,,,No,,,,
Fil H07VU 1.5 mm² orange 100 m – Réf. 70753403,,,,,,,,,,Yes,0.00,,No,,No,,,,,,No,,,LM-70753403,,,À fournir par le client - Leroy Merlin - Réf. 70753403,Fournitures client - Autres,Yes,,https://media.adeo.com/marketplace/LMFR/70753403/00000000000070753403_01c_FR_CF.avif,,,,,,,No,,,,No,,,,
Fil H07VU 2.5 mm² vert/jaune 100 m – Réf. 70398601,,,,,,,,,,Yes,0.00,,No,,No,,,,,,No,,,LM-70398601,,,À fournir par le client - Leroy Merlin - Réf. 70398601,Fournitures client - Autres,Yes,,https://media.adeo.com/marketplace/LMFR/70398601/00000000000070398601_01c_FR_CF.avif,,,,,,,No,,,,No,,,,
Fil H07VU 1.5 mm² marron 100 m – Réf. 70753382,,,,,,,,,,Yes,0.00,,No,,No,,,,,,No,,,LM-70753382,,,À fournir par le client - Leroy Merlin - Réf. 70753382,Fournitures client - Autres,Yes,,https://media.adeo.com/marketplace/LMFR/70753382/00000000000070753382_01c_FR_CF.avif,,,,,,,No,,,,No,,,,
Fil H07VU 1.5 mm² noir 100 m – Réf. 70753410,,,,,,,,,,Yes,0.00,,No,,No,,,,,,No,,,LM-70753410,,,À fournir par le client - Leroy Merlin - Réf. 70753410,Fournitures client - Autres,Yes,,https://media.adeo.com/marketplace/LMFR/70753410/00000000000070753410_01c_FR_CF.avif,,,,,,,No,,,,No,,,,
Fil H07VU 1.5 mm² rouge 25 m – Réf. 70811972,,,,,,,,,,Yes,0.00,,No,,No,,,,,,No,,,LM-70811972,,,À fournir par le client - Leroy Merlin - Réf. 70811972,Fournitures client - Autres,Yes,,https://media.adeo.com/marketplace/LMFR/70811972/00000000000070811972_01c_FR_CF.avif,,,,,,,No,,,,No,,,,
Fil H07VR 10 mm² rouge à la coupe – Réf. 70808843,,,,,,,,,,Yes,0.00,,No,,No,,,,,,No,,,LM-70808843,,,À fournir par le client - Leroy Merlin - Réf. 70808843,Fournitures client - Autres,Yes,,https://media.adeo.com/marketplace/LMFR/70808843/00000000000070808843_01c_FR_CF.avif,,,,,,,No,,,,No,,,,
Fil H07VU 2.5 mm² rouge 25 m – Réf. 70812294,,,,,,,,,,Yes,0.00,,No,,No,,,,,,No,,,LM-70812294,,,À fournir par le client - Leroy Merlin - Réf. 70812294,Fournitures client - Autres,Yes,,https://media.adeo.com/marketplace/LMFR/70812294/00000000000070812294_01c_FR_CF.avif,,,,,,,No,,,,No,,,,
Fil H07VU 1.5 mm² orange 25 m – Réf. 70812224,,,,,,,,,,Yes,0.00,,No,,No,,,,,,No,,,LM-70812224,,,À fournir par le client - Leroy Merlin - Réf. 70812224,Fournitures client - Autres,Yes,,https://media.adeo.com/marketplace/LMFR/70812224/00000000000070812224_01c_FR_CF.avif,,,,,,,No,,,,No,,,,
Fil H07VR 10 mm² bleu à la coupe – Réf. 70808766,,,,,,,,,,Yes,0.00,,No,,No,,,,,,No,,,LM-70808766,,,À fournir par le client - Leroy Merlin - Réf. 70808766,Fournitures client - Autres,Yes,,https://media.adeo.com/marketplace/LMFR/70808766/00000000000070808766_01c_FR_CF.avif,,,,,,,No,,,,No,,,,
Fil H07VU 1.5 mm² bleu 10 m – Réf. 70812105,,,,,,,,,,Yes,0.00,,No,,No,,,,,,No,,,LM-70812105,,,À fournir par le client - Leroy Merlin - Réf. 70812105,Fournitures client - Autres,Yes,,https://media.adeo.com/marketplace/LMFR/70812105/00000000000070812105_01c_FR_CF.avif,,,,,,,No,,,,No,,,,
Fil H07VU 2.5 mm² vert/jaune 25 m – Réf. 70812126,,,,,,,,,,Yes,0.00,,No,,No,,,,,,No,,,LM-70812126,,,À fournir par le client - Leroy Merlin - Réf. 70812126,Fournitures client - Autres,Yes,,https://media.adeo.com/marketplace/LMFR/70812126/00000000000070812126_01c_FR_CF.avif,,,,,,,No,,,,No,,,,
Fil H07VU 1.5 mm² vert/jaune 25 m – Réf. 70812063,,,,,,,,,,Yes,0.00,,No,,No,,,,,,No,,,LM-70812063,,,À fournir par le client - Leroy Merlin - Réf. 70812063,Fournitures client - Autres,Yes,,https://media.adeo.com/marketplace/LMFR/70812063/00000000000070812063_01c_FR_CF.avif,,,,,,,No,,,,No,,,,
Fil H07VU 1.5 mm² rouge 10 m – Réf. 70812035,,,,,,,,,,Yes,0.00,,No,,No,,,,,,No,,,LM-70812035,,,À fournir par le client - Leroy Merlin - Réf. 70812035,Fournitures client - Autres,Yes,,https://media.adeo.com/marketplace/LMFR/70812035/00000000000070812035_01c_FR_CF.avif,,,,,,,No,,,,No,,,,
Fil H07VR 10 mm² vert/jaune à la coupe – Réf. 70809060,,,,,,,,,,Yes,0.00,,No,,No,,,,,,No,,,LM-70809060,,,À fournir par le client - Leroy Merlin - Réf. 70809060,Fournitures client - Autres,Yes,,https://media.adeo.com/marketplace/LMFR/70809060/00000000000070809060_01c_FR_CF.avif,,,,,,,No,,,,No,,,,
Fil H07VR 16 mm² bleu à la coupe – Réf. 70809004,,,,,,,,,,Yes,0.00,,No,,No,,,,,,No,,,LM-70809004,,,À fournir par le client - Leroy Merlin - Réf. 70809004,Fournitures client - Autres,Yes,,https://media.adeo.com/marketplace/LMFR/70809004/00000000000070809004_01c_FR_CF.avif,,,,,,,No,,,,No,,,,
Fil H07VU 1.5 mm² violet 25 m – Réf. 70812301,,,,,,,,,,Yes,0.00,,No,,No,,,,,,No,,,LM-70812301,,,À fournir par le client - Leroy Merlin - Réf. 70812301,Fournitures client - Autres,Yes,,https://media.adeo.com/marketplace/LMFR/70812301/00000000000070812301_01c_FR_CF.avif,,,,,,,No,,,,No,,,,
Fil H07VR 16 mm² rouge à la coupe – Réf. 70809074,,,,,,,,,,Yes,0.00,,No,,No,,,,,,No,,,LM-70809074,,,À fournir par le client - Leroy Merlin - Réf. 70809074,Fournitures client - Autres,Yes,,https://media.adeo.com/marketplace/LMFR/70809074/00000000000070809074_01c_FR_CF.avif,,,,,,,No,,,,No,,,,
Fil H07VU 1.5 mm² bleu 25 m – Réf. 70812280,,,,,,,,,,Yes,0.00,,No,,No,,,,,,No,,,LM-70812280,,,À fournir par le client - Leroy Merlin - Réf. 70812280,Fournitures client - Autres,Yes,,https://media.adeo.com/marketplace/LMFR/70812280/00000000000070812280_01c_FR_CF.avif,,,,,,,No,,,,No,,,,
Fil H07VU 1.5 mm² vert/jaune 10 m – Réf. 70812161,,,,,,,,,,Yes,0.00,,No,,No,,,,,,No,,,LM-70812161,,,À fournir par le client - Leroy Merlin - Réf. 70812161,Fournitures client - Autres,Yes,,https://media.adeo.com/marketplace/LMFR/70812161/00000000000070812161_01c_FR_CF.avif,,,,,,,No,,,,No,,,,
Fil H07VU 1.5 mm² rouge 5 m – Réf. 70812322,,,,,,,,,,Yes,0.00,,No,,No,,,,,,No,,,LM-70812322,,,À fournir par le client - Leroy Merlin - Réf. 70812322,Fournitures client - Autres,Yes,,https://media.adeo.com/marketplace/LMFR/70812322/00000000000070812322_01c_FR_CF.avif,,,,,,,No,,,,No,,,,
Fil H07VR 16 mm² vert/jaune à la coupe – Réf. 70808892,,,,,,,,,,Yes,0.00,,No,,No,,,,,,No,,,LM-70808892,,,À fournir par le client - Leroy Merlin - Réf. 70808892,Fournitures client - Autres,Yes,,https://media.adeo.com/marketplace/LMFR/70808892/00000000000070808892_01c_FR_CF.avif,,,,,,,No,,,,No,,,,
Fil H07VU 1.5 mm² bleu 5 m – Réf. 70812266,,,,,,,,,,Yes,0.00,,No,,No,,,,,,No,,,LM-70812266,,,À fournir par le client - Leroy Merlin - Réf. 70812266,Fournitures client - Autres,Yes,,https://media.adeo.com/marketplace/LMFR/70812266/00000000000070812266_01c_FR_CF.avif,,,,,,,No,,,,No,,,,
Fil H07VU 1.5 mm² violet 10 m – Réf. 70812042,,,,,,,,,,Yes,0.00,,No,,No,,,,,,No,,,LM-70812042,,,À fournir par le client - Leroy Merlin - Réf. 70812042,Fournitures client - Autres,Yes,,https://media.adeo.com/marketplace/LMFR/70812042/00000000000070812042_01c_FR_CF.avif,,,,,,,No,,,,No,,,,
Fil H07VU 2.5 mm² vert/jaune 10 m – Réf. 70811993,,,,,,,,,,Yes,0.00,,No,,No,,,,,,No,,,LM-70811993,,,À fournir par le client - Leroy Merlin - Réf. 70811993,Fournitures client - Autres,Yes,,https://media.adeo.com/marketplace/LMFR/70811993/00000000000070811993_01c_FR_CF.avif,,,,,,,No,,,,No,,,,
Fil H07VU 2.5 mm² rouge 10 m – Réf. 70812021,,,,,,,,,,Yes,0.00,,No,,No,,,,,,No,,,LM-70812021,,,À fournir par le client - Leroy Merlin - Réf. 70812021,Fournitures client - Autres,Yes,,https://media.adeo.com/marketplace/LMFR/70812021/00000000000070812021_01c_FR_CF.avif,,,,,,,No,,,,No,,,,
Fil H07VR 6 mm² vert/jaune 25 m – Réf. 70812245,,,,,,,,,,Yes,0.00,,No,,No,,,,,,No,,,LM-70812245,,,À fournir par le client - Leroy Merlin - Réf. 70812245,Fournitures client - Autres,Yes,,https://media.adeo.com/marketplace/LMFR/70812245/00000000000070812245_01c_FR_CF.avif,,,,,,,No,,,,No,,,,
Fil H07VU 1.5 mm² orange 10 m – Réf. 70812133,,,,,,,,,,Yes,0.00,,No,,No,,,,,,No,,,LM-70812133,,,À fournir par le client - Leroy Merlin - Réf. 70812133,Fournitures client - Autres,Yes,,https://media.adeo.com/marketplace/LMFR/70812133/00000000000070812133_01c_FR_CF.avif,,,,,,,No,,,,No,,,,
Fil H07VU 2.5 mm² bleu 10 m – Réf. 70812140,,,,,,,,,,Yes,0.00,,No,,No,,,,,,No,,,LM-70812140,,,À fournir par le client - Leroy Merlin - Réf. 70812140,Fournitures client - Autres,Yes,,https://media.adeo.com/marketplace/LMFR/70812140/00000000000070812140_01c_FR_CF.avif,,,,,,,No,,,,No,,,,
Fil H07VU 1.5 mm² marron 25 m – Réf. 70812091,,,,,,,,,,Yes,0.00,,No,,No,,,,,,No,,,LM-70812091,,,À fournir par le client - Leroy Merlin - Réf. 70812091,Fournitures client - Autres,Yes,,https://media.adeo.com/marketplace/LMFR/70812091/00000000000070812091_01c_FR_CF.avif,,,,,,,No,,,,No,,,,
Fil H07VR 6 mm² rouge 25 m – Réf. 70812112,,,,,,,,,,Yes,0.00,,No,,No,,,,,,No,,,LM-70812112,,,À fournir par le client - Leroy Merlin - Réf. 70812112,Fournitures client - Autres,Yes,,https://media.adeo.com/marketplace/LMFR/70812112/00000000000070812112_01c_FR_CF.avif,,,,,,,No,,,,No,,,,
Fil H07VR 6 mm² rouge 10 m – Réf. 70812084,,,,,,,,,,Yes,0.00,,No,,No,,,,,,No,,,LM-70812084,,,À fournir par le client - Leroy Merlin - Réf. 70812084,Fournitures client - Autres,Yes,,https://media.adeo.com/marketplace/LMFR/70812084/00000000000070812084_01c_FR_CF.avif,,,,,,,No,,,,No,,,,
Fil H07VR 6 mm² vert/jaune 10 m – Réf. 70812336,,,,,,,,,,Yes,0.00,,No,,No,,,,,,No,,,LM-70812336,,,À fournir par le client - Leroy Merlin - Réf. 70812336,Fournitures client - Autres,Yes,,https://media.adeo.com/marketplace/LMFR/70812336/00000000000070812336_01c_FR_CF.avif,,,,,,,No,,,,No,,,,
Fil H07VR 6 mm² jaune à la coupe – Réf. 70809011,,,,,,,,,,Yes,0.00,,No,,No,,,,,,No,,,LM-70809011,,,À fournir par le client - Leroy Merlin - Réf. 70809011,Fournitures client - Autres,Yes,,https://media.adeo.com/marketplace/LMFR/70809011/00000000000070809011_01c_FR_CF.avif,,,,,,,No,,,,No,,,,
Fil H07VU 2.5 mm² vert/jaune 5 m – Réf. 70812056,,,,,,,,,,Yes,0.00,,No,,No,,,,,,No,,,LM-70812056,,,À fournir par le client - Leroy Merlin - Réf. 70812056,Fournitures client - Autres,Yes,,https://media.adeo.com/marketplace/LMFR/70812056/00000000000070812056_01c_FR_CF.avif,,,,,,,No,,,,No,,,,
Fil H07VU 2.5 mm² bleu 5 m – Réf. 70812196,,,,,,,,,,Yes,0.00,,No,,No,,,,,,No,,,LM-70812196,,,À fournir par le client - Leroy Merlin - Réf. 70812196,Fournitures client - Autres,Yes,,https://media.adeo.com/marketplace/LMFR/70812196/00000000000070812196_01c_FR_CF.avif,,,,,,,No,,,,No,,,,
Fil H07VR 6 mm² bleu à la coupe – Réf. 70808850,,,,,,,,,,Yes,0.00,,No,,No,,,,,,No,,,LM-70808850,,,À fournir par le client - Leroy Merlin - Réf. 70808850,Fournitures client - Autres,Yes,,https://media.adeo.com/marketplace/LMFR/70808850/00000000000070808850_01c_FR_CF.avif,,,,,,,No,,,,No,,,,
Kit fils H07VU 2.5 mm² rouge bleu vert/jaune 25 m – Réf. 70808710,,,,,,,,,,Yes,0.00,,No,,No,,,,,,No,,,LM-70808710,,,À fournir par le client - Leroy Merlin - Réf. 70808710,Fournitures client - Autres,Yes,,https://media.adeo.com/marketplace/LMFR/70808710/00000000000070808710_01c_FR_CF.avif,,,,,,,No,,,,No,,,,
Fil H07VR 6 mm² bleu 10 m – Réf. 70812182,,,,,,,,,,Yes,0.00,,No,,No,,,,,,No,,,LM-70812182,,,À fournir par le client - Leroy Merlin - Réf. 70812182,Fournitures client - Autres,Yes,,https://media.adeo.com/marketplace/LMFR/70812182/00000000000070812182_01c_FR_CF.avif,,,,,,,No,,,,No,,,,
Fil H07VR 6 mm² rouge à la coupe – Réf. 70808773,,,,,,,,,,Yes,0.00,,No,,No,,,,,,No,,,LM-70808773,,,À fournir par le client - Leroy Merlin - Réf. 70808773,Fournitures client - Autres,Yes,,https://media.adeo.com/marketplace/LMFR/70808773/00000000000070808773_01c_FR_CF.avif,,,,,,,No,,,,No,,,,
Kit fils H07VU 2.5 mm² rouge bleu vert/jaune 5 m – Réf. 70808871,,,,,,,,,,Yes,0.00,,No,,No,,,,,,No,,,LM-70808871,,,À fournir par le client - Leroy Merlin - Réf. 70808871,Fournitures client - Autres,Yes,,https://media.adeo.com/marketplace/LMFR/70808871/00000000000070808871_01c_FR_CF.avif,,,,,,,No,,,,No,,,,
Fil H07VU 1.5 mm² noir 10 m – Réf. 70812273,,,,,,,,,,Yes,0.00,,No,,No,,,,,,No,,,LM-70812273,,,À fournir par le client - Leroy Merlin - Réf. 70812273,Fournitures client - Autres,Yes,,https://media.adeo.com/marketplace/LMFR/70812273/00000000000070812273_01c_FR_CF.avif,,,,,,,No,,,,No,,,,
Fil H07VU 2.5 mm² rouge 5 m – Réf. 70812252,,,,,,,,,,Yes,0.00,,No,,No,,,,,,No,,,LM-70812252,,,À fournir par le client - Leroy Merlin - Réf. 70812252,Fournitures client - Autres,Yes,,https://media.adeo.com/marketplace/LMFR/70812252/00000000000070812252_01c_FR_CF.avif,,,,,,,No,,,,No,,,,
Équerres acier zingué 40x40x15x2 - lot 12 – Réf. 94885826,,,,,,,,,,Yes,0.00,,No,,No,,,,,,No,,,LM-94885826,,,À fournir par le client - Leroy Merlin - Réf. 94885826,Fournitures client - Autres,Yes,,https://media.adeo.com/marketplace/LMFR/94885826/00000000000094885826_01c_FR_CF.avif,,,,,,,No,,,,No,,,,
Équerres acier zingué 60x60x15x2 - lot 12 – Réf. 94885855,,,,,,,,,,Yes,0.00,,No,,No,,,,,,No,,,LM-94885855,,,À fournir par le client - Leroy Merlin - Réf. 94885855,Fournitures client - Autres,Yes,,https://media.adeo.com/marketplace/LMFR/94885855/00000000000094885855_01c_FR_CF.avif,,,,,,,No,,,,No,,,,
Équerres chaise acier zingué 30x30x15x2 - lot 12 – Réf. 94885814,,,,,,,,,,Yes,0.00,,No,,No,,,,,,No,,,LM-94885814,,,À fournir par le client - Leroy Merlin - Réf. 94885814,Fournitures client - Autres,Yes,,https://media.adeo.com/marketplace/LMFR/94885814/00000000000094885814_01c_FR_CF.avif,,,,,,,No,,,,No,,,,
Équerres chaise SUKI + vis - lot 50 – Réf. 85018293,,,,,,,,,,Yes,0.00,,No,,No,,,,,,No,,,LM-85018293,,,À fournir par le client - Leroy Merlin - Réf. 85018293,Fournitures client - Fixation / Visserie,Yes,,https://media.adeo.com/marketplace/LMFR/85018293/00000000000085018293_01c_FR_CF.avif,,,,,,,No,,,,No,,,,
Équerre plate HETTICH 60 mm – Réf. 67554711,,,,,,,,,,Yes,0.00,,No,,No,,,,,,No,,,LM-67554711,,,À fournir par le client - Leroy Merlin - Réf. 67554711,Fournitures client - Autres,Yes,,https://media.adeo.com/marketplace/LMFR/67554711/00000000000067554711_01c_FR_CF.avif,,,,,,,No,,,,No,,,,
Équerres angle HETTICH blanc 40 mm - lot 20 – Réf. 67553934,,,,,,,,,,Yes,0.00,,No,,No,,,,,,No,,,LM-67553934,,,À fournir par le client - Leroy Merlin - Réf. 67553934,Fournitures client - Autres,Yes,,https://media.adeo.com/marketplace/LMFR/67553934/00000000000067553934_01c_FR_CF.avif,,,,,,,No,,,,No,,,,
Équerres angle HETTICH blanc 30 mm - lot 20 – Réf. 67553920,,,,,,,,,,Yes,0.00,,No,,No,,,,,,No,,,LM-67553920,,,À fournir par le client - Leroy Merlin - Réf. 67553920,Fournitures client - Autres,Yes,,https://media.adeo.com/marketplace/LMFR/67553920/00000000000067553920_01c_FR_CF.avif,,,,,,,No,,,,No,,,,
Équerres plastique HETTICH 30 mm - lot 25 – Réf. 70207732,,,,,,,,,,Yes,0.00,,No,,No,,,,,,No,,,LM-70207732,,,À fournir par le client - Leroy Merlin - Réf. 70207732,Fournitures client - Autres,Yes,,https://media.adeo.com/marketplace/LMFR/70207732/00000000000070207732_01c_FR_CF.avif,,,,,,,No,,,,No,,,,
Équerres L panneaux bois 83x32 - lot 24 – Réf. 82547339,,,,,,,,,,Yes,0.00,,No,,No,,,,,,No,,,LM-82547339,,,À fournir par le client - Leroy Merlin - Réf. 82547339,Fournitures client - Autres,Yes,,https://media.adeo.com/marketplace/LMFR/82547339/00000000000082547339_01c_FR_CF.avif,,,,,,,No,,,,No,,,,
Équerre chaise HETTICH blanc 30x30 – Réf. 67554956,,,,,,,,,,Yes,0.00,,No,,No,,,,,,No,,,LM-67554956,,,À fournir par le client - Leroy Merlin - Réf. 67554956,Fournitures client - Autres,Yes,,https://media.adeo.com/marketplace/LMFR/67554956/00000000000067554956_01c_FR_CF.avif,,,,,,,No,,,,No,,,,
Équerres universelles acier gris 8x4x3 - lot 4 – Réf. 67429306,,,,,,,,,,Yes,0.00,,No,,No,,,,,,No,,,LM-67429306,,,À fournir par le client - Leroy Merlin - Réf. 67429306,Fournitures client - Autres,Yes,,https://media.adeo.com/marketplace/LMFR/67429306/00000000000067429306_01c_FR_CF.avif,,,,,,,No,,,,No,,,,
Équerre chaise HETTICH blanc 100 mm – Réf. 70870905,,,,,,,,,,Yes,0.00,,No,,No,,,,,,No,,,LM-70870905,,,À fournir par le client - Leroy Merlin - Réf. 70870905,Fournitures client - Autres,Yes,,https://media.adeo.com/marketplace/LMFR/70870905/00000000000070870905_01c_FR_CF.avif,,,,,,,No,,,,No,,,,
Équerre MAGNODUR extérieur 40x40x40 – Réf. 85262865,,,,,,,,,,Yes,0.00,,No,,No,,,,,,No,,,LM-85262865,,,À fournir par le client - Leroy Merlin - Réf. 85262865,Fournitures client - Autres,Yes,,https://media.adeo.com/marketplace/LMFR/85262865/00000000000085262865_01c_FR_CF.avif,,,,,,,No,,,,No,,,,
Équerre SUKI zinguée 50x50x35 – Réf. 85262821,,,,,,,,,,Yes,0.00,,No,,No,,,,,,No,,,LM-85262821,,,À fournir par le client - Leroy Merlin - Réf. 85262821,Fournitures client - Autres,Yes,,https://media.adeo.com/marketplace/LMFR/85262821/00000000000085262821_01c_FR_CF.avif,,,,,,,No,,,,No,,,,
Équerre HETTICH zinguée 32 mm – Réf. 67554606,,,,,,,,,,Yes,0.00,,No,,No,,,,,,No,,,LM-67554606,,,À fournir par le client - Leroy Merlin - Réf. 67554606,Fournitures client - Autres,Yes,,https://media.adeo.com/marketplace/LMFR/67554606/00000000000067554606_01c_FR_CF.avif,,,,,,,No,,,,No,,,,
Équerre renforcée MAGNODUR 70x70x55 – Réf. 85262820,,,,,,,,,,Yes,0.00,,No,,No,,,,,,No,,,LM-85262820,,,À fournir par le client - Leroy Merlin - Réf. 85262820,Fournitures client - Autres,Yes,,https://media.adeo.com/marketplace/LMFR/85262820/00000000000085262820_01c_FR_CF.avif,,,,,,,No,,,,No,,,,
Équerre réglage HETTICH 50 mm – Réf. 70207410,,,,,,,,,,Yes,0.00,,No,,No,,,,,,No,,,LM-70207410,,,À fournir par le client - Leroy Merlin - Réf. 70207410,Fournitures client - Autres,Yes,,https://media.adeo.com/marketplace/LMFR/70207410/00000000000070207410_01c_FR_CF.avif,,,,,,,No,,,,No,,,,
Équerre simple MAGNODUR 90x90x40 – Réf. 85262798,,,,,,,,,,Yes,0.00,,No,,No,,,,,,No,,,LM-85262798,,,À fournir par le client - Leroy Merlin - Réf. 85262798,Fournitures client - Autres,Yes,,https://media.adeo.com/marketplace/LMFR/85262798/00000000000085262798_01c_FR_CF.avif,,,,,,,No,,,,No,,,,
Équerre perforée MAGNODUR 50x50x40 – Réf. 85262836,,,,,,,,,,Yes,0.00,,No,,No,,,,,,No,,,LM-85262836,,,À fournir par le client - Leroy Merlin - Réf. 85262836,Fournitures client - Autres,Yes,,https://media.adeo.com/marketplace/LMFR/85262836/00000000000085262836_01c_FR_CF.avif,,,,,,,No,,,,No,,,,
Équerre chaise HETTICH 40 mm – Réf. 67554935,,,,,,,,,,Yes,0.00,,No,,No,,,,,,No,,,LM-67554935,,,À fournir par le client - Leroy Merlin - Réf. 67554935,Fournitures client - Autres,Yes,,https://media.adeo.com/marketplace/LMFR/67554935/00000000000067554935_01c_FR_CF.avif,,,,,,,No,,,,No,,,,
Équerres inox L panneaux bois 83x32 - lot 4 – Réf. 82547341,,,,,,,,,,Yes,0.00,,No,,No,,,,,,No,,,LM-82547341,,,À fournir par le client - Leroy Merlin - Réf. 82547341,Fournitures client - Autres,Yes,,https://media.adeo.com/marketplace/LMFR/82547341/00000000000082547341_01c_FR_CF.avif,,,,,,,No,,,,No,,,,
Équerre acier zingué 40x40x15x2 – Réf. 94885782,,,,,,,,,,Yes,0.00,,No,,No,,,,,,No,,,LM-94885782,,,À fournir par le client - Leroy Merlin - Réf. 94885782,Fournitures client - Autres,Yes,,https://media.adeo.com/marketplace/LMFR/94885782/00000000000094885782_01c_FR_CF.avif,,,,,,,No,,,,No,,,,
Équerre chaise HETTICH 30 mm – Réf. 67554970,,,,,,,,,,Yes,0.00,,No,,No,,,,,,No,,,LM-67554970,,,À fournir par le client - Leroy Merlin - Réf. 67554970,Fournitures client - Autres,Yes,,https://media.adeo.com/marketplace/LMFR/67554970/00000000000067554970_01c_FR_CF.avif,,,,,,,No,,,,No,,,,
Équerre acier zingué 30x30x15x2 – Réf. 94885743,,,,,,,,,,Yes,0.00,,No,,No,,,,,,No,,,LM-94885743,,,À fournir par le client - Leroy Merlin - Réf. 94885743,Fournitures client - Autres,Yes,,https://media.adeo.com/marketplace/LMFR/94885743/00000000000094885743_01c_FR_CF.avif,,,,,,,No,,,,No,,,,
Équerres chaise HETTICH noir 20x15 - lot 10 – Réf. 70870926,,,,,,,,,,Yes,0.00,,No,,No,,,,,,No,,,LM-70870926,,,À fournir par le client - Leroy Merlin - Réf. 70870926,Fournitures client - Autres,Yes,,https://media.adeo.com/marketplace/LMFR/70870926/00000000000070870926_01c_FR_CF.avif,,,,,,,No,,,,No,,,,
Équerre acier zingué 50x50x15x2 – Réf. 94885776,,,,,,,,,,Yes,0.00,,No,,No,,,,,,No,,,LM-94885776,,,À fournir par le client - Leroy Merlin - Réf. 94885776,Fournitures client - Autres,Yes,,https://media.adeo.com/marketplace/LMFR/94885776/00000000000094885776_01c_FR_CF.avif,,,,,,,No,,,,No,,,,
Équerres fixation 70x35x30 - lot 4 – Réf. 14458542,,,,,,,,,,Yes,0.00,,No,,No,,,,,,No,,,LM-14458542,,,À fournir par le client - Leroy Merlin - Réf. 14458542,Fournitures client - Autres,Yes,,https://media.adeo.com/marketplace/LMFR/14458542/00000000000014458542_01c_FR_CF.avif,,,,,,,No,,,,No,,,,
Raccords angle plastique HETTICH 23 mm - lot 20 – Réf. 68480636,,,,,,,,,,Yes,0.00,,No,,No,,,,,,No,,,LM-68480636,,,À fournir par le client - Leroy Merlin - Réf. 68480636,Fournitures client - Plomberie,Yes,,https://media.adeo.com/marketplace/LMFR/68480636/00000000000068480636_01c_FR_CF.avif,,,,,,,No,,,,No,,,,
Équerre assemblage HETTICH polie 40 mm – Réf. 70207865,,,,,,,,,,Yes,0.00,,No,,No,,,,,,No,,,LM-70207865,,,À fournir par le client - Leroy Merlin - Réf. 70207865,Fournitures client - Autres,Yes,,https://media.adeo.com/marketplace/LMFR/70207865/00000000000070207865_01c_FR_CF.avif,,,,,,,No,,,,No,,,,
Équerre acier zingué 70x70x15x2 – Réf. 94885756,,,,,,,,,,Yes,0.00,,No,,No,,,,,,No,,,LM-94885756,,,À fournir par le client - Leroy Merlin - Réf. 94885756,Fournitures client - Autres,Yes,,https://media.adeo.com/marketplace/LMFR/94885756/00000000000094885756_01c_FR_CF.avif,,,,,,,No,,,,No,,,,
Équerres HETTICH zinguées 80x15 - lot 12 – Réf. 70871241,,,,,,,,,,Yes,0.00,,No,,No,,,,,,No,,,LM-70871241,,,À fournir par le client - Leroy Merlin - Réf. 70871241,Fournitures client - Autres,Yes,,https://media.adeo.com/marketplace/LMFR/70871241/00000000000070871241_01c_FR_CF.avif,,,,,,,No,,,,No,,,,
Équerres ALBERTS galvanisées 60x60x40 - lot – Réf. 66957751,,,,,,,,,,Yes,0.00,,No,,No,,,,,,No,,,LM-66957751,,,À fournir par le client - Leroy Merlin - Réf. 66957751,Fournitures client - Autres,Yes,,https://media.adeo.com/marketplace/LMFR/66957751/00000000000066957751_01c_FR_CF.avif,,,,,,,No,,,,No,,,,
Équerres ALBERTS galvanisées 70x70x55 - lot – Réf. 66957765,,,,,,,,,,Yes,0.00,,No,,No,,,,,,No,,,LM-66957765,,,À fournir par le client - Leroy Merlin - Réf. 66957765,Fournitures client - Autres,Yes,,https://media.adeo.com/marketplace/LMFR/66957765/00000000000066957765_01c_FR_CF.avif,,,,,,,No,,,,No,,,,
Équerre acier zingué 100x100x18x3 – Réf. 94885742,,,,,,,,,,Yes,0.00,,No,,No,,,,,,No,,,LM-94885742,,,À fournir par le client - Leroy Merlin - Réf. 94885742,Fournitures client - Autres,Yes,,https://media.adeo.com/marketplace/LMFR/94885742/00000000000094885742_01c_FR_CF.avif,,,,,,,No,,,,No,,,,
Équerre acier zingué 80x80x18x2.5 – Réf. 94885770,,,,,,,,,,Yes,0.00,,No,,No,,,,,,No,,,LM-94885770,,,À fournir par le client - Leroy Merlin - Réf. 94885770,Fournitures client - Autres,Yes,,https://media.adeo.com/marketplace/LMFR/94885770/00000000000094885770_01c_FR_CF.avif,,,,,,,No,,,,No,,,,
Équerre MAGNODUR extérieur 120x180x40 – Réf. 85262827,,,,,,,,,,Yes,0.00,,No,,No,,,,,,No,,,LM-85262827,,,À fournir par le client - Leroy Merlin - Réf. 85262827,Fournitures client - Autres,Yes,,https://media.adeo.com/marketplace/LMFR/85262827/00000000000085262827_01c_FR_CF.avif,,,,,,,No,,,,No,,,,
Bloc béton 50x20x20 NF – Réf. 80127326,,,,,,,,,,Yes,0.00,,No,,No,,,,,,No,,,LM-80127326,,,À fournir par le client - Leroy Merlin - Réf. 80127326,Fournitures client - Maçonnerie,Yes,,https://media.adeo.com/marketplace/LMFR/80127326/00000000000080127326_01c_FR_CF.avif,,,,,,,No,,,,No,,,,
Parpaing chaînage vertical 50x20x20 – Réf. 80126495,,,,,,,,,,Yes,0.00,,No,,No,,,,,,No,,,LM-80126495,,,À fournir par le client - Leroy Merlin - Réf. 80126495,Fournitures client - Autres,Yes,,https://media.adeo.com/marketplace/LMFR/80126495/00000000000080126495_01c_FR_CF.avif,,,,,,,No,,,,No,,,,
Parpaing creux béton 50x10x20 – Réf. 80131323,,,,,,,,,,Yes,0.00,,No,,No,,,,,,No,,,LM-80131323,,,À fournir par le client - Leroy Merlin - Réf. 80131323,Fournitures client - Maçonnerie,Yes,,https://media.adeo.com/marketplace/LMFR/80131323/00000000000080131323_01c_FR_CF.avif,,,,,,,No,,,,No,,,,
Élément pilier WESER bosselé blanc 40x40x16.7 – Réf. 66371711,,,,,,,,,,Yes,0.00,,No,,No,,,,,,No,,,LM-66371711,,,À fournir par le client - Leroy Merlin - Réf. 66371711,Fournitures client - Autres,Yes,,https://media.adeo.com/marketplace/LMFR/66371711/00000000000066371711_01c_FR_CF.avif,,,,,,,No,,,,No,,,,
Bloc à bancher 50x20x20 – Réf. 80133040,,,,,,,,,,Yes,0.00,,No,,No,,,,,,No,,,LM-80133040,,,À fournir par le client - Leroy Merlin - Réf. 80133040,Fournitures client - Autres,Yes,,https://media.adeo.com/marketplace/LMFR/80133040/00000000000080133040_01c_FR_CF.avif,,,,,,,No,,,,No,,,,
Élément pilier WESER Unisliss blanc 29x29x16.7 – Réf. 69576633,,,,,,,,,,Yes,0.00,,No,,No,,,,,,No,,,LM-69576633,,,À fournir par le client - Leroy Merlin - Réf. 69576633,Fournitures client - Autres,Yes,,https://media.adeo.com/marketplace/LMFR/69576633/00000000000069576633_01c_FR_CF.avif,,,,,,,No,,,,No,,,,
Bloc béton 50x20x20 - variante – Réf. 80127328,,,,,,,,,,Yes,0.00,,No,,No,,,,,,No,,,LM-80127328,,,À fournir par le client - Leroy Merlin - Réf. 80127328,Fournitures client - Maçonnerie,Yes,,https://media.adeo.com/marketplace/LMFR/80127328/00000000000080127328_01c_FR_CF.avif,,,,,,,No,,,,No,,,,
Parpaing creux béton 50x15x20 – Réf. 80131150,,,,,,,,,,Yes,0.00,,No,,No,,,,,,No,,,LM-80131150,,,À fournir par le client - Leroy Merlin - Réf. 80131150,Fournitures client - Maçonnerie,Yes,,https://media.adeo.com/marketplace/LMFR/80131150/00000000000080131150_01c_FR_CF.avif,,,,,,,No,,,,No,,,,
Bloc à bancher 50x20x20 - variante 2 – Réf. 80133033,,,,,,,,,,Yes,0.00,,No,,No,,,,,,No,,,LM-80133033,,,À fournir par le client - Leroy Merlin - Réf. 80133033,Fournitures client - Autres,Yes,,https://media.adeo.com/marketplace/LMFR/80133033/00000000000080133033_01c_FR_CF.avif,,,,,,,No,,,,No,,,,
Bloc béton 50x10x20 – Réf. 80131335,,,,,,,,,,Yes,0.00,,No,,No,,,,,,No,,,LM-80131335,,,À fournir par le client - Leroy Merlin - Réf. 80131335,Fournitures client - Maçonnerie,Yes,,https://media.adeo.com/marketplace/LMFR/80131335/00000000000080131335_01c_FR_CF.avif,,,,,,,No,,,,No,,,,
Parpaing chaînage vertical 50x20x20 - variante – Réf. 80126484,,,,,,,,,,Yes,0.00,,No,,No,,,,,,No,,,LM-80126484,,,À fournir par le client - Leroy Merlin - Réf. 80126484,Fournitures client - Autres,Yes,,https://media.adeo.com/marketplace/LMFR/80126484/00000000000080126484_01c_FR_CF.avif,,,,,,,No,,,,No,,,,
Parpaing creux béton 50x15x25 – Réf. 82158118,,,,,,,,,,Yes,0.00,,No,,No,,,,,,No,,,LM-82158118,,,À fournir par le client - Leroy Merlin - Réf. 82158118,Fournitures client - Maçonnerie,Yes,,https://media.adeo.com/marketplace/LMFR/82158118/00000000000082158118_01c_FR_CF.avif,,,,,,,No,,,,No,,,,
Parpaing creux béton 50x15x20 - variante – Réf. 80131164,,,,,,,,,,Yes,0.00,,No,,No,,,,,,No,,,LM-80131164,,,À fournir par le client - Leroy Merlin - Réf. 80131164,Fournitures client - Maçonnerie,Yes,,https://media.adeo.com/marketplace/LMFR/80131164/00000000000080131164_01c_FR_CF.avif,,,,,,,No,,,,No,,,,
Bloc à bancher 50x20x20 - variante 3 – Réf. 80133050,,,,,,,,,,Yes,0.00,,No,,No,,,,,,No,,,LM-80133050,,,À fournir par le client - Leroy Merlin - Réf. 80133050,Fournitures client - Autres,Yes,,https://media.adeo.com/marketplace/LMFR/80133050/00000000000080133050_01c_FR_CF.avif,,,,,,,No,,,,No,,,,
Parpaing creux béton 50x7.5x20 – Réf. 80133011,,,,,,,,,,Yes,0.00,,No,,No,,,,,,No,,,LM-80133011,,,À fournir par le client - Leroy Merlin - Réf. 80133011,Fournitures client - Maçonnerie,Yes,,https://media.adeo.com/marketplace/LMFR/80133011/00000000000080133011_01c_FR_CF.avif,,,,,,,No,,,,No,,,,
Parpaing chaînage vertical 50x15x20 – Réf. 80133561,,,,,,,,,,Yes,0.00,,No,,No,,,,,,No,,,LM-80133561,,,À fournir par le client - Leroy Merlin - Réf. 80133561,Fournitures client - Autres,Yes,,https://media.adeo.com/marketplace/LMFR/80133561/00000000000080133561_01c_FR_CF.avif,,,,,,,No,,,,No,,,,
Parpaing creux béton 50x25x20 – Réf. 80133078,,,,,,,,,,Yes,0.00,,No,,No,,,,,,No,,,LM-80133078,,,À fournir par le client - Leroy Merlin - Réf. 80133078,Fournitures client - Maçonnerie,Yes,,https://media.adeo.com/marketplace/LMFR/80133078/00000000000080133078_01c_FR_CF.avif,,,,,,,No,,,,No,,,,
Parpaing creux ALKERN 50x20x25 – Réf. 82144721,,,,,,,,,,Yes,0.00,,No,,No,,,,,,No,,,LM-82144721,,,À fournir par le client - Leroy Merlin - Réf. 82144721,Fournitures client - Autres,Yes,,https://media.adeo.com/marketplace/LMFR/82144721/00000000000082144721_01c_FR_CF.avif,,,,,,,No,,,,No,,,,
Parpaing chaînage horizontal 50x20x20 – Réf. 80133318,,,,,,,,,,Yes,0.00,,No,,No,,,,,,No,,,LM-80133318,,,À fournir par le client - Leroy Merlin - Réf. 80133318,Fournitures client - Autres,Yes,,https://media.adeo.com/marketplace/LMFR/80133318/00000000000080133318_01c_FR_CF.avif,,,,,,,No,,,,No,,,,
Parpaing chaînage vertical béton 50x15 – Réf. 82176027,,,,,,,,,,Yes,0.00,,No,,No,,,,,,No,,,LM-82176027,,,À fournir par le client - Leroy Merlin - Réf. 82176027,Fournitures client - Maçonnerie,Yes,,https://media.adeo.com/marketplace/LMFR/82176027/00000000000082176027_01c_FR_CF.avif,,,,,,,No,,,,No,,,,
Parpaing creux béton 50x20x25 – Réf. 80133351,,,,,,,,,,Yes,0.00,,No,,No,,,,,,No,,,LM-80133351,,,À fournir par le client - Leroy Merlin - Réf. 80133351,Fournitures client - Maçonnerie,Yes,,https://media.adeo.com/marketplace/LMFR/80133351/00000000000080133351_01c_FR_CF.avif,,,,,,,No,,,,No,,,,
Parpaing creux ALKERN 50x20x25 - autre – Réf. 82144720,,,,,,,,,,Yes,0.00,,No,,No,,,,,,No,,,LM-82144720,,,À fournir par le client - Leroy Merlin - Réf. 82144720,Fournitures client - Autres,Yes,,https://media.adeo.com/marketplace/LMFR/82144720/00000000000082144720_01c_FR_CF.avif,,,,,,,No,,,,No,,,,
Parpaing creux béton 50x25x20 - variante – Réf. 80133084,,,,,,,,,,Yes,0.00,,No,,No,,,,,,No,,,LM-80133084,,,À fournir par le client - Leroy Merlin - Réf. 80133084,Fournitures client - Maçonnerie,Yes,,https://media.adeo.com/marketplace/LMFR/80133084/00000000000080133084_01c_FR_CF.avif,,,,,,,No,,,,No,,,,
Parpaing creux béton NF ALKERN 50x20x20 – Réf. 80127296,,,,,,,,,,Yes,0.00,,No,,No,,,,,,No,,,LM-80127296,,,À fournir par le client - Leroy Merlin - Réf. 80127296,Fournitures client - Maçonnerie,Yes,,https://media.adeo.com/marketplace/LMFR/80127296/00000000000080127296_01c_FR_CF.avif,,,,,,,No,,,,No,,,,
Parpaing creux béton 50x15x20 - variante 3 – Réf. 80131148,,,,,,,,,,Yes,0.00,,No,,No,,,,,,No,,,LM-80131148,,,À fournir par le client - Leroy Merlin - Réf. 80131148,Fournitures client - Maçonnerie,Yes,,https://media.adeo.com/marketplace/LMFR/80131148/00000000000080131148_01c_FR_CF.avif,,,,,,,No,,,,No,,,,
Bloc béton 50x20x20 - variante 3 – Réf. 80127325,,,,,,,,,,Yes,0.00,,No,,No,,,,,,No,,,LM-80127325,,,À fournir par le client - Leroy Merlin - Réf. 80127325,Fournitures client - Maçonnerie,Yes,,https://media.adeo.com/marketplace/LMFR/80127325/00000000000080127325_01c_FR_CF.avif,,,,,,,No,,,,No,,,,
Parpaing creux béton 50x15x20 - variante 4 – Réf. 80131118,,,,,,,,,,Yes,0.00,,No,,No,,,,,,No,,,LM-80131118,,,À fournir par le client - Leroy Merlin - Réf. 80131118,Fournitures client - Maçonnerie,Yes,,https://media.adeo.com/marketplace/LMFR/80131118/00000000000080131118_01c_FR_CF.avif,,,,,,,No,,,,No,,,,
Bloc béton 50x20x20 - variante 4 – Réf. 80127313,,,,,,,,,,Yes,0.00,,No,,No,,,,,,No,,,LM-80127313,,,À fournir par le client - Leroy Merlin - Réf. 80127313,Fournitures client - Maçonnerie,Yes,,https://media.adeo.com/marketplace/LMFR/80127313/00000000000080127313_01c_FR_CF.avif,,,,,,,No,,,,No,,,,
Parpaing creux béton 50x15x20 - variante 5 – Réf. 80131147,,,,,,,,,,Yes,0.00,,No,,No,,,,,,No,,,LM-80131147,,,À fournir par le client - Leroy Merlin - Réf. 80131147,Fournitures client - Maçonnerie,Yes,,https://media.adeo.com/marketplace/LMFR/80131147/00000000000080131147_01c_FR_CF.avif,,,,,,,No,,,,No,,,,
Parpaing creux béton 50x10x20 - variante 2 – Réf. 80131344,,,,,,,,,,Yes,0.00,,No,,No,,,,,,No,,,LM-80131344,,,À fournir par le client - Leroy Merlin - Réf. 80131344,Fournitures client - Maçonnerie,Yes,,https://media.adeo.com/marketplace/LMFR/80131344/00000000000080131344_01c_FR_CF.avif,,,,,,,No,,,,No,,,,
Parpaing creux béton 50x10x20 - variante 3 – Réf. 80131313,,,,,,,,,,Yes,0.00,,No,,No,,,,,,No,,,LM-80131313,,,À fournir par le client - Leroy Merlin - Réf. 80131313,Fournitures client - Maçonnerie,Yes,,https://media.adeo.com/marketplace/LMFR/80131313/00000000000080131313_01c_FR_CF.avif,,,,,,,No,,,,No,,,,
Bloc béton 50x20x20 - variante 5 – Réf. 80127323,,,,,,,,,,Yes,0.00,,No,,No,,,,,,No,,,LM-80127323,,,À fournir par le client - Leroy Merlin - Réf. 80127323,Fournitures client - Maçonnerie,Yes,,https://media.adeo.com/marketplace/LMFR/80127323/00000000000080127323_01c_FR_CF.avif,,,,,,,No,,,,No,,,,
Parpaing creux béton 50x10x20 - variante 4 – Réf. 80131353,,,,,,,,,,Yes,0.00,,No,,No,,,,,,No,,,LM-80131353,,,À fournir par le client - Leroy Merlin - Réf. 80131353,Fournitures client - Maçonnerie,Yes,,https://media.adeo.com/marketplace/LMFR/80131353/00000000000080131353_01c_FR_CF.avif,,,,,,,No,,,,No,,,,
Bloc béton 50x20x20 - variante 6 – Réf. 80131107,,,,,,,,,,Yes,0.00,,No,,No,,,,,,No,,,LM-80131107,,,À fournir par le client - Leroy Merlin - Réf. 80131107,Fournitures client - Maçonnerie,Yes,,https://media.adeo.com/marketplace/LMFR/80131107/00000000000080131107_01c_FR_CF.avif,,,,,,,No,,,,No,,,,
Parpaing creux béton 50x20x20 – Réf. 80150387,,,,,,,,,,Yes,0.00,,No,,No,,,,,,No,,,LM-80150387,,,À fournir par le client - Leroy Merlin - Réf. 80150387,Fournitures client - Maçonnerie,Yes,,https://media.adeo.com/marketplace/LMFR/80150387/00000000000080150387_01c_FR_CF.avif,,,,,,,No,,,,No,,,,
Parpaing creux béton 50x20x20 - variante 2 – Réf. 80141603,,,,,,,,,,Yes,0.00,,No,,No,,,,,,No,,,LM-80141603,,,À fournir par le client - Leroy Merlin - Réf. 80141603,Fournitures client - Maçonnerie,Yes,,https://media.adeo.com/marketplace/LMFR/80141603/00000000000080141603_01c_FR_CF.avif,,,,,,,No,,,,No,,,,
Bloc béton 50x20x20 - variante 7 – Réf. 80127318,,,,,,,,,,Yes,0.00,,No,,No,,,,,,No,,,LM-80127318,,,À fournir par le client - Leroy Merlin - Réf. 80127318,Fournitures client - Maçonnerie,Yes,,https://media.adeo.com/marketplace/LMFR/80127318/00000000000080127318_01c_FR_CF.avif,,,,,,,No,,,,No,,,,
Parpaing creux béton 50x15x20 - variante 6 – Réf. 80154450,,,,,,,,,,Yes,0.00,,No,,No,,,,,,No,,,LM-80154450,,,À fournir par le client - Leroy Merlin - Réf. 80154450,Fournitures client - Maçonnerie,Yes,,https://media.adeo.com/marketplace/LMFR/80154450/00000000000080154450_01c_FR_CF.avif,,,,,,,No,,,,No,,,,
Bloc béton 50x20x20 - variante 8 – Réf. 80127312,,,,,,,,,,Yes,0.00,,No,,No,,,,,,No,,,LM-80127312,,,À fournir par le client - Leroy Merlin - Réf. 80127312,Fournitures client - Maçonnerie,Yes,,https://media.adeo.com/marketplace/LMFR/80127312/00000000000080127312_01c_FR_CF.avif,,,,,,,No,,,,No,,,,
Bloc à bancher 50x20x20 - variante 4 – Réf. 80133061,,,,,,,,,,Yes,0.00,,No,,No,,,,,,No,,,LM-80133061,,,À fournir par le client - Leroy Merlin - Réf. 80133061,Fournitures client - Autres,Yes,,https://media.adeo.com/marketplace/LMFR/80133061/00000000000080133061_01c_FR_CF.avif,,,,,,,No,,,,No,,,,
Bloc à bancher 50x20x20 - variante 5 – Réf. 80133056,,,,,,,,,,Yes,0.00,,No,,No,,,,,,No,,,LM-80133056,,,À fournir par le client - Leroy Merlin - Réf. 80133056,Fournitures client - Autres,Yes,,https://media.adeo.com/marketplace/LMFR/80133056/00000000000080133056_01c_FR_CF.avif,,,,,,,No,,,,No,,,,
Bloc béton 50x20x20 - variante 9 – Réf. 80127330,,,,,,,,,,Yes,0.00,,No,,No,,,,,,No,,,LM-80127330,,,À fournir par le client - Leroy Merlin - Réf. 80127330,Fournitures client - Maçonnerie,Yes,,https://media.adeo.com/marketplace/LMFR/80127330/00000000000080127330_01c_FR_CF.avif,,,,,,,No,,,,No,,,,
Bloc béton 50x20x20 - variante 10 – Réf. 80127319,,,,,,,,,,Yes,0.00,,No,,No,,,,,,No,,,LM-80127319,,,À fournir par le client - Leroy Merlin - Réf. 80127319,Fournitures client - Maçonnerie,Yes,,https://media.adeo.com/marketplace/LMFR/80127319/00000000000080127319_01c_FR_CF.avif,,,,,,,No,,,,No,,,,
Bloc béton 50x20x20 - variante 11 – Réf. 80127339,,,,,,,,,,Yes,0.00,,No,,No,,,,,,No,,,LM-80127339,,,À fournir par le client - Leroy Merlin - Réf. 80127339,Fournitures client - Maçonnerie,Yes,,https://media.adeo.com/marketplace/LMFR/80127339/00000000000080127339_01c_FR_CF.avif,,,,,,,No,,,,No,,,,
Mortier bas carbone SACAMAT gris 30 kg – Réf. 94612186,,,,,,,,,,Yes,0.00,,No,,No,,,,,,No,,,LM-94612186,,,À fournir par le client - Leroy Merlin - Réf. 94612186,Fournitures client - Maçonnerie,Yes,,https://media.adeo.com/marketplace/LMFR/94612186/00000000000094612186_01c_FR_CF.avif,,,,,,,No,,,,No,,,,
Mortier bas carbone SACAMAT prêt à l'emploi 25 kg – Réf. 92525183,,,,,,,,,,Yes,0.00,,No,,No,,,,,,No,,,LM-92525183,,,À fournir par le client - Leroy Merlin - Réf. 92525183,Fournitures client - Maçonnerie,Yes,,https://media.adeo.com/marketplace/LMFR/92525183/00000000000092525183_01c_FR_CF.avif,,,,,,,No,,,,No,,,,
Mortier colle PRB VRD 25+5 kg – Réf. 93181687,,,,,,,,,,Yes,0.00,,No,,No,,,,,,No,,,LM-93181687,,,À fournir par le client - Leroy Merlin - Réf. 93181687,Fournitures client - Maçonnerie,Yes,,https://media.adeo.com/marketplace/LMFR/93181687/00000000000093181687_01c_FR_CF.avif,,,,,,,No,,,,No,,,,
Mortier montage PRB 25 kg – Réf. 88943745,,,,,,,,,,Yes,0.00,,No,,No,,,,,,No,,,LM-88943745,,,À fournir par le client - Leroy Merlin - Réf. 88943745,Fournitures client - Maçonnerie,Yes,,https://media.adeo.com/marketplace/LMFR/88943745/00000000000088943745_01c_FR_CF.avif,,,,,,,No,,,,No,,,,
Mortier bas carbone VPI 25 kg – Réf. 92291265,,,,,,,,,,Yes,0.00,,No,,No,,,,,,No,,,LM-92291265,,,À fournir par le client - Leroy Merlin - Réf. 92291265,Fournitures client - Maçonnerie,Yes,,https://media.adeo.com/marketplace/LMFR/92291265/00000000000092291265_01c_FR_CF.avif,,,,,,,No,,,,No,,,,
Mortier courant PRB VRD 25 kg – Réf. 93181694,,,,,,,,,,Yes,0.00,,No,,No,,,,,,No,,,LM-93181694,,,À fournir par le client - Leroy Merlin - Réf. 93181694,Fournitures client - Maçonnerie,Yes,,https://media.adeo.com/marketplace/LMFR/93181694/00000000000093181694_01c_FR_CF.avif,,,,,,,No,,,,No,,,,
Mortier gris LE MORTIER FRANCAIS 25 kg – Réf. 82671835,,,,,,,,,,Yes,0.00,,No,,No,,,,,,No,,,LM-82671835,,,À fournir par le client - Leroy Merlin - Réf. 82671835,Fournitures client - Maçonnerie,Yes,,https://media.adeo.com/marketplace/LMFR/82671835/00000000000082671835_01c_FR_CF.avif,,,,,,,No,,,,No,,,,
Mortier gris PRB 25 kg – Réf. 62227774,,,,,,,,,,Yes,0.00,,No,,No,,,,,,No,,,LM-62227774,,,À fournir par le client - Leroy Merlin - Réf. 62227774,Fournitures client - Maçonnerie,Yes,,https://media.adeo.com/marketplace/LMFR/62227774/00000000000062227774_01c_FR_CF.avif,,,,,,,No,,,,No,,,,
Mortier prise rapide AXTON gris 5 kg – Réf. 83972877,,,,,,,,,,Yes,0.00,,No,,No,,,,,,No,,,LM-83972877,,,À fournir par le client - Leroy Merlin - Réf. 83972877,Fournitures client - Électricité,Yes,,https://media.adeo.com/marketplace/LMFR/83972877/00000000000083972877_01c_FR_CF.avif,,,,,,,No,,,,No,,,,
Mortier réparation fibré AXTON gris 5 kg – Réf. 83992442,,,,,,,,,,Yes,0.00,,No,,No,,,,,,No,,,LM-83992442,,,À fournir par le client - Leroy Merlin - Réf. 83992442,Fournitures client - Maçonnerie,Yes,,https://media.adeo.com/marketplace/LMFR/83992442/00000000000083992442_01c_FR_CF.avif,,,,,,,No,,,,No,,,,
Mortier réparation AXTON gris 5 kg – Réf. 83992449,,,,,,,,,,Yes,0.00,,No,,No,,,,,,No,,,LM-83992449,,,À fournir par le client - Leroy Merlin - Réf. 83992449,Fournitures client - Maçonnerie,Yes,,https://media.adeo.com/marketplace/LMFR/83992449/00000000000083992449_01c_FR_CF.avif,,,,,,,No,,,,No,,,,
Chaux hydraulique NF PRB 25 kg – Réf. 82036225,,,,,,,,,,Yes,0.00,,No,,No,,,,,,No,,,LM-82036225,,,À fournir par le client - Leroy Merlin - Réf. 82036225,Fournitures client - Autres,Yes,,https://media.adeo.com/marketplace/LMFR/82036225/00000000000082036225_01c_FR_CF.avif,,,,,,,No,,,,No,,,,
Mortier réparation AXTON blanc 5 kg – Réf. 83992454,,,,,,,,,,Yes,0.00,,No,,No,,,,,,No,,,LM-83992454,,,À fournir par le client - Leroy Merlin - Réf. 83992454,Fournitures client - Maçonnerie,Yes,,https://media.adeo.com/marketplace/LMFR/83992454/00000000000083992454_01c_FR_CF.avif,,,,,,,No,,,,No,,,,
Chaux blanche CE PRB 15 kg – Réf. 67638991,,,,,,,,,,Yes,0.00,,No,,No,,,,,,No,,,LM-67638991,,,À fournir par le client - Leroy Merlin - Réf. 67638991,Fournitures client - Autres,Yes,,https://media.adeo.com/marketplace/LMFR/67638991/00000000000067638991_01c_FR_CF.avif,,,,,,,No,,,,No,,,,
Mortier réparation fibré AXTON gris 10 kg – Réf. 83992444,,,,,,,,,,Yes,0.00,,No,,No,,,,,,No,,,LM-83992444,,,À fournir par le client - Leroy Merlin - Réf. 83992444,Fournitures client - Maçonnerie,Yes,,https://media.adeo.com/marketplace/LMFR/83992444/00000000000083992444_01c_FR_CF.avif,,,,,,,No,,,,No,,,,
Mortier réparation fibré AXTON gris 1.5 kg – Réf. 83992443,,,,,,,,,,Yes,0.00,,No,,No,,,,,,No,,,LM-83992443,,,À fournir par le client - Leroy Merlin - Réf. 83992443,Fournitures client - Maçonnerie,Yes,,https://media.adeo.com/marketplace/LMFR/83992443/00000000000083992443_01c_FR_CF.avif,,,,,,,No,,,,No,,,,
Béton prêt à l'emploi PRB VRD 25 kg – Réf. 93181688,,,,,,,,,,Yes,0.00,,No,,No,,,,,,No,,,LM-93181688,,,À fournir par le client - Leroy Merlin - Réf. 93181688,Fournitures client - Maçonnerie,Yes,,https://media.adeo.com/marketplace/LMFR/93181688/00000000000093181688_01c_FR_CF.avif,,,,,,,No,,,,No,,,,
Plaque BA13 NORGIPS standard 250x120 – Réf. 70505960,,,,,,,,,,Yes,0.00,,No,,No,,,,,,No,,,LM-70505960,,,À fournir par le client - Leroy Merlin - Réf. 70505960,Fournitures client - Autres,Yes,,https://media.adeo.com/media/1196780/media.jpg?width=640,,,,,,,No,,,,No,,,,
Plaque BA13 RESI standard 250x60 – Réf. 70966154,,,,,,,,,,Yes,0.00,,No,,No,,,,,,No,,,LM-70966154,,,À fournir par le client - Leroy Merlin - Réf. 70966154,Fournitures client - Autres,Yes,,https://media.adeo.com/marketplace/LMFR/70966154/00000000000070966154_01c_FR_CF.avif,,,,,,,No,,,,No,,,,
Plaque BA13 FASSA hydro feu 300x120 – Réf. 68610101,,,,,,,,,,Yes,0.00,,No,,No,,,,,,No,,,LM-68610101,,,À fournir par le client - Leroy Merlin - Réf. 68610101,Fournitures client - Autres,Yes,,https://media.adeo.com/marketplace/LMFR/68610101/00000000000068610101_01c_FR_CF.avif,,,,,,,No,,,,No,,,,
Plaque BA13 BATIPLAC standard 260x120 – Réf. 88132962,,,,,,,,,,Yes,0.00,,No,,No,,,,,,No,,,LM-88132962,,,À fournir par le client - Leroy Merlin - Réf. 88132962,Fournitures client - Autres,Yes,,https://media.adeo.com/marketplace/LMFR/88132962/00000000000088132962_01c_FR_CF.avif,,,,,,,No,,,,No,,,,
Plaque BA13 RESI hydro H1 260x120 – Réf. 80153048,,,,,,,,,,Yes,0.00,,No,,No,,,,,,No,,,LM-80153048,,,À fournir par le client - Leroy Merlin - Réf. 80153048,Fournitures client - Autres,Yes,,https://media.adeo.com/marketplace/LMFR/80153048/00000000000080153048_01c_FR_CF.avif,,,,,,,No,,,,No,,,,
Plaque BA13 FASSA phonique feu 260x120 – Réf. 69331584,,,,,,,,,,Yes,0.00,,No,,No,,,,,,No,,,LM-69331584,,,À fournir par le client - Leroy Merlin - Réf. 69331584,Fournitures client - Autres,Yes,,https://media.adeo.com/marketplace/LMFR/69331584/00000000000069331584_01c_FR_CF.avif,,,,,,,No,,,,No,,,,
Plaque BA13 PLACO standard 250x60 – Réf. 88132900,,,,,,,,,,Yes,0.00,,No,,No,,,,,,No,,,LM-88132900,,,À fournir par le client - Leroy Merlin - Réf. 88132900,Fournitures client - Autres,Yes,,https://media.adeo.com/marketplace/LMFR/88132900/00000000000088132900_01c_FR_CF.avif,,,,,,,No,,,,No,,,,
Bloc-porte postformé 73 gauche huisserie 65 – Réf. 66738553,,,,,,,,,,Yes,0.00,,No,,No,,,,,,No,,,LM-66738553,,,À fournir par le client - Leroy Merlin - Réf. 66738553,Fournitures client - Autres,Yes,,https://media.adeo.com/marketplace/LMFR/66738553/00000000000066738553_01c_FR_CF.avif,,,,,,,No,,,,No,,,,
Bloc-porte Isoplane 73 gauche huisserie 65 – Réf. 61564573,,,,,,,,,,Yes,0.00,,No,,No,,,,,,No,,,LM-61564573,,,À fournir par le client - Leroy Merlin - Réf. 61564573,Fournitures client - Autres,Yes,,https://media.adeo.com/marketplace/LMFR/61564573/00000000000061564573_01c_FR_CF.avif,,,,,,,No,,,,No,,,,
Bloc-porte Isoplane 73 droit huisserie 65 – Réf. 61564545,,,,,,,,,,Yes,0.00,,No,,No,,,,,,No,,,LM-61564545,,,À fournir par le client - Leroy Merlin - Réf. 61564545,Fournitures client - Autres,Yes,,https://media.adeo.com/marketplace/LMFR/61564545/00000000000061564545_01c_FR_CF.avif,,,,,,,No,,,,No,,,,
Porte coulissante Atelier vitrée 63 + rail Indus – Réf. 96958415,,,,,,,,,,Yes,0.00,,No,,No,,,,,,No,,,LM-96958415,,,À fournir par le client - Leroy Merlin - Réf. 96958415,Fournitures client - Autres,Yes,,https://media.adeo.com/marketplace/LMFR/96958415/00000000000096958415_01c_FR_CF.avif,,,,,,,No,,,,No,,,,
Bloc-porte postformé 73 droit huisserie 65 – Réf. 66738532,,,,,,,,,,Yes,0.00,,No,,No,,,,,,No,,,LM-66738532,,,À fournir par le client - Leroy Merlin - Réf. 66738532,Fournitures client - Autres,Yes,,https://media.adeo.com/marketplace/LMFR/66738532/00000000000066738532_01c_FR_CF.avif,,,,,,,No,,,,No,,,,
Porte coulissante Séville chêne 83 + rail Indus – Réf. 87425257,,,,,,,,,,Yes,0.00,,No,,No,,,,,,No,,,LM-87425257,,,À fournir par le client - Leroy Merlin - Réf. 87425257,Fournitures client - Autres,Yes,,https://media.adeo.com/marketplace/LMFR/87425257/00000000000087425257_01c_FR_CF.avif,,,,,,,No,,,,No,,,,
Porte coulissante Lia anthracite 63 + rail Loft – Réf. 96958426,,,,,,,,,,Yes,0.00,,No,,No,,,,,,No,,,LM-96958426,,,À fournir par le client - Leroy Merlin - Réf. 96958426,Fournitures client - Autres,Yes,,https://media.adeo.com/marketplace/LMFR/96958426/00000000000096958426_01c_FR_CF.avif,,,,,,,No,,,,No,,,,
Porte coulissante Atelier vitrée 83 + rail Indus – Réf. 96958413,,,,,,,,,,Yes,0.00,,No,,No,,,,,,No,,,LM-96958413,,,À fournir par le client - Leroy Merlin - Réf. 96958413,Fournitures client - Autres,Yes,,https://media.adeo.com/marketplace/LMFR/96958413/00000000000096958413_01c_FR_CF.avif,,,,,,,No,,,,No,,,,
Porte coulissante Atelier vitrée 93 + rail Indus – Réf. 96958412,,,,,,,,,,Yes,0.00,,No,,No,,,,,,No,,,LM-96958412,,,À fournir par le client - Leroy Merlin - Réf. 96958412,Fournitures client - Autres,Yes,,https://media.adeo.com/marketplace/LMFR/96958412/00000000000096958412_01c_FR_CF.avif,,,,,,,No,,,,No,,,,
Porte coulissante Lali 83 + rail Yumbo blanc – Réf. 87425246,,,,,,,,,,Yes,0.00,,No,,No,,,,,,No,,,LM-87425246,,,À fournir par le client - Leroy Merlin - Réf. 87425246,Fournitures client - Autres,Yes,,https://media.adeo.com/marketplace/LMFR/87425246/00000000000087425246_01c_FR_CF.avif,,,,,,,No,,,,No,,,,
Porte coulissante Lali 73 + rail Yumbo blanc – Réf. 87425245,,,,,,,,,,Yes,0.00,,No,,No,,,,,,No,,,LM-87425245,,,À fournir par le client - Leroy Merlin - Réf. 87425245,Fournitures client - Autres,Yes,,https://media.adeo.com/marketplace/LMFR/87425245/00000000000087425245_01c_FR_CF.avif,,,,,,,No,,,,No,,,,
Porte coulissante Atelier vitrée 73 + rail Indus – Réf. 96958414,,,,,,,,,,Yes,0.00,,No,,No,,,,,,No,,,LM-96958414,,,À fournir par le client - Leroy Merlin - Réf. 96958414,Fournitures client - Autres,Yes,,https://media.adeo.com/marketplace/LMFR/96958414/00000000000096958414_01c_FR_CF.avif,,,,,,,No,,,,No,,,,
Porte coulissante Madrid vitrée 83 + rail Yumbo – Réf. 87422581,,,,,,,,,,Yes,0.00,,No,,No,,,,,,No,,,LM-87422581,,,À fournir par le client - Leroy Merlin - Réf. 87422581,Fournitures client - Autres,Yes,,https://media.adeo.com/marketplace/LMFR/87422581/00000000000087422581_01c_FR_CF.avif,,,,,,,No,,,,No,,,,
Bloc-porte postformé 83 gauche huisserie 65 – Réf. 66738511,,,,,,,,,,Yes,0.00,,No,,No,,,,,,No,,,LM-66738511,,,À fournir par le client - Leroy Merlin - Réf. 66738511,Fournitures client - Autres,Yes,,https://media.adeo.com/marketplace/LMFR/66738511/00000000000066738511_01c_FR_CF.avif,,,,,,,No,,,,No,,,,
Porte coulissante Zélie vitrée 73 + rail Grapho – Réf. 96958373,,,,,,,,,,Yes,0.00,,No,,No,,,,,,No,,,LM-96958373,,,À fournir par le client - Leroy Merlin - Réf. 96958373,Fournitures client - Autres,Yes,,https://media.adeo.com/marketplace/LMFR/96958373/00000000000096958373_01c_FR_CF.avif,,,,,,,No,,,,No,,,,
Porte coulissante Zélie vitrée 83 + rail Grapho – Réf. 96958372,,,,,,,,,,Yes,0.00,,No,,No,,,,,,No,,,LM-96958372,,,À fournir par le client - Leroy Merlin - Réf. 96958372,Fournitures client - Autres,Yes,,https://media.adeo.com/marketplace/LMFR/96958372/00000000000096958372_01c_FR_CF.avif,,,,,,,No,,,,No,,,,
Bloc-porte Madrid 2 MDF 73 gauche – Réf. 73733590,,,,,,,,,,Yes,0.00,,No,,No,,,,,,No,,,LM-73733590,,,À fournir par le client - Leroy Merlin - Réf. 73733590,Fournitures client - Autres,Yes,,https://media.adeo.com/marketplace/LMFR/73733590/00000000000073733590_01c_FR_CF.avif,,,,,,,No,,,,No,,,,
Porte coulissante Madrid vitrée 73 + rail Yumbo – Réf. 87422583,,,,,,,,,,Yes,0.00,,No,,No,,,,,,No,,,LM-87422583,,,À fournir par le client - Leroy Merlin - Réf. 87422583,Fournitures client - Autres,Yes,,https://media.adeo.com/marketplace/LMFR/87422583/00000000000087422583_01c_FR_CF.avif,,,,,,,No,,,,No,,,,
Bloc-porte acoustique Plénitude 73 gauche – Réf. 63024780,,,,,,,,,,Yes,0.00,,No,,No,,,,,,No,,,LM-63024780,,,À fournir par le client - Leroy Merlin - Réf. 63024780,Fournitures client - Autres,Yes,,https://media.adeo.com/marketplace/LMFR/63024780/00000000000063024780_01c_FR_CF.avif,,,,,,,No,,,,No,,,,
Kit porte Atelier ARTENS 83 + rail Yumbo noir – Réf. 86677318,,,,,,,,,,Yes,0.00,,No,,No,,,,,,No,,,LM-86677318,,,À fournir par le client - Leroy Merlin - Réf. 86677318,Fournitures client - Autres,Yes,,https://media.adeo.com/marketplace/LMFR/86677318/00000000000086677318_01c_FR_CF.avif,,,,,,,No,,,,No,,,,
Bloc-porte fin chantier Madrid 2 MDF 83 gauche – Réf. 73733646,,,,,,,,,,Yes,0.00,,No,,No,,,,,,No,,,LM-73733646,,,À fournir par le client - Leroy Merlin - Réf. 73733646,Fournitures client - Autres,Yes,,https://media.adeo.com/marketplace/LMFR/73733646/00000000000073733646_01c_FR_CF.avif,,,,,,,No,,,,No,,,,
Galandage ECLISSE Unique 100 prémonté 83 – Réf. 70768810,,,,,,,,,,Yes,0.00,,No,,No,,,,,,No,,,LM-70768810,,,À fournir par le client - Leroy Merlin - Réf. 70768810,Fournitures client - Autres,Yes,,https://media.adeo.com/marketplace/LMFR/70768810/00000000000070768810_01c_FR_CF.avif,,,,,,,No,,,,No,,,,
Galandage ECLISSE Unique 100 à monter 123 – Réf. 70768775,,,,,,,,,,Yes,0.00,,No,,No,,,,,,No,,,LM-70768775,,,À fournir par le client - Leroy Merlin - Réf. 70768775,Fournitures client - Autres,Yes,,https://media.adeo.com/marketplace/LMFR/70768775/00000000000070768775_01c_FR_CF.avif,,,,,,,No,,,,No,,,,
Galandage ECLISSE Unique 100 prémonté 73 – Réf. 70768726,,,,,,,,,,Yes,0.00,,No,,No,,,,,,No,,,LM-70768726,,,À fournir par le client - Leroy Merlin - Réf. 70768726,Fournitures client - Autres,Yes,,https://media.adeo.com/marketplace/LMFR/70768726/00000000000070768726_01c_FR_CF.avif,,,,,,,No,,,,No,,,,
Galandage ECLISSE Unique 100 à monter 63 – Réf. 70768866,,,,,,,,,,Yes,0.00,,No,,No,,,,,,No,,,LM-70768866,,,À fournir par le client - Leroy Merlin - Réf. 70768866,Fournitures client - Autres,Yes,,https://media.adeo.com/marketplace/LMFR/70768866/00000000000070768866_01c_FR_CF.avif,,,,,,,No,,,,No,,,,
Galandage ECLISSE Unique 100 à monter 93 – Réf. 70768845,,,,,,,,,,Yes,0.00,,No,,No,,,,,,No,,,LM-70768845,,,À fournir par le client - Leroy Merlin - Réf. 70768845,Fournitures client - Autres,Yes,,https://media.adeo.com/marketplace/LMFR/70768845/00000000000070768845_01c_FR_CF.avif,,,,,,,No,,,,No,,,,
Galandage ECLISSE Unique 100 prémonté 93 – Réf. 70768740,,,,,,,,,,Yes,0.00,,No,,No,,,,,,No,,,LM-70768740,,,À fournir par le client - Leroy Merlin - Réf. 70768740,Fournitures client - Autres,Yes,,https://media.adeo.com/marketplace/LMFR/70768740/00000000000070768740_01c_FR_CF.avif,,,,,,,No,,,,No,,,,
Plaque simple Dooxie blanc – Réf. 80164942,,,,,,,,,,Yes,0.00,,No,,No,,,,,,No,,,LM-80164942,,,À fournir par le client - Leroy Merlin - Réf. 80164942,Fournitures client - Autres,Yes,,https://media.adeo.com/marketplace/LMFR/80164942/00000000000080164942_01c_FR_CF.avif,,,,,,,No,,,,No,,,,
Prise Dooxie blanc à composer – Réf. 80165104,,,,,,,,,,Yes,0.00,,No,,No,,,,,,No,,,LM-80165104,,,À fournir par le client - Leroy Merlin - Réf. 80165104,Fournitures client - Électricité,Yes,,https://media.adeo.com/marketplace/LMFR/80165104/00000000000080165104_01c_FR_CF.avif,,,,,,,No,,,,No,,,,
Plaque simple Dooxie noir velours – Réf. 80164953,,,,,,,,,,Yes,0.00,,No,,No,,,,,,No,,,LM-80164953,,,À fournir par le client - Leroy Merlin - Réf. 80164953,Fournitures client - Autres,Yes,,https://media.adeo.com/marketplace/LMFR/80164953/00000000000080164953_01c_FR_CF.avif,,,,,,,No,,,,No,,,,
Plaque quadruple Dooxie blanc – Réf. 80164945,,,,,,,,,,Yes,0.00,,No,,No,,,,,,No,,,LM-80164945,,,À fournir par le client - Leroy Merlin - Réf. 80164945,Fournitures client - Autres,Yes,,https://media.adeo.com/marketplace/LMFR/80164945/00000000000080164945_01c_FR_CF.avif,,,,,,,No,,,,No,,,,
Plaque double Dooxie noir velours – Réf. 80164954,,,,,,,,,,Yes,0.00,,No,,No,,,,,,No,,,LM-80164954,,,À fournir par le client - Leroy Merlin - Réf. 80164954,Fournitures client - Autres,Yes,,https://media.adeo.com/marketplace/LMFR/80164954/00000000000080164954_01c_FR_CF.avif,,,,,,,No,,,,No,,,,
Prise TV passante Dooxie blanc – Réf. 80165119,,,,,,,,,,Yes,0.00,,No,,No,,,,,,No,,,LM-80165119,,,À fournir par le client - Leroy Merlin - Réf. 80165119,Fournitures client - Électricité,Yes,,https://media.adeo.com/marketplace/LMFR/80165119/00000000000080165119_01c_FR_CF.avif,,,,,,,No,,,,No,,,,
Lot 20 plaques Dooxie blanc – Réf. 92016341,,,,,,,,,,Yes,0.00,,No,,No,,,,,,No,,,LM-92016341,,,À fournir par le client - Leroy Merlin - Réf. 92016341,Fournitures client - Autres,Yes,,https://media.adeo.com/marketplace/LMFR/92016341/00000000000092016341_01c_FR_CF.avif,,,,,,,No,,,,No,,,,
Plaque triple Dooxie noir velours – Réf. 80164955,,,,,,,,,,Yes,0.00,,No,,No,,,,,,No,,,LM-80164955,,,À fournir par le client - Leroy Merlin - Réf. 80164955,Fournitures client - Autres,Yes,,https://media.adeo.com/marketplace/LMFR/80164955/00000000000080164955_01c_FR_CF.avif,,,,,,,No,,,,No,,,,
Interrupteur va-et-vient Dooxie noir – Réf. 80165048,,,,,,,,,,Yes,0.00,,No,,No,,,,,,No,,,LM-80165048,,,À fournir par le client - Leroy Merlin - Réf. 80165048,Fournitures client - Électricité,Yes,,https://media.adeo.com/marketplace/LMFR/80165048/00000000000080165048_01c_FR_CF.avif,,,,,,,No,,,,No,,,,
Interrupteur va-et-vient Dooxie blanc – Réf. 80164986,,,,,,,,,,Yes,0.00,,No,,No,,,,,,No,,,LM-80164986,,,À fournir par le client - Leroy Merlin - Réf. 80164986,Fournitures client - Électricité,Yes,,https://media.adeo.com/marketplace/LMFR/80164986/00000000000080164986_01c_FR_CF.avif,,,,,,,No,,,,No,,,,
Lot 6 interrupteurs va-et-vient Dooxie blanc – Réf. 80165043,,,,,,,,,,Yes,0.00,,No,,No,,,,,,No,,,LM-80165043,,,À fournir par le client - Leroy Merlin - Réf. 80165043,Fournitures client - Électricité,Yes,,https://media.adeo.com/marketplace/LMFR/80165043/00000000000080165043_01c_FR_CF.avif,,,,,,,No,,,,No,,,,
Double interrupteur va-et-vient Dooxie noir – Réf. 80165063,,,,,,,,,,Yes,0.00,,No,,No,,,,,,No,,,LM-80165063,,,À fournir par le client - Leroy Merlin - Réf. 80165063,Fournitures client - Électricité,Yes,,https://media.adeo.com/marketplace/LMFR/80165063/00000000000080165063_01c_FR_CF.avif,,,,,,,No,,,,No,,,,
Lot 5 interrupteurs va-et-vient Dooxie blanc – Réf. 80164984,,,,,,,,,,Yes,0.00,,No,,No,,,,,,No,,,LM-80164984,,,À fournir par le client - Leroy Merlin - Réf. 80164984,Fournitures client - Électricité,Yes,,https://media.adeo.com/marketplace/LMFR/80164984/00000000000080164984_01c_FR_CF.avif,,,,,,,No,,,,No,,,,
Lot 10 prises Dooxie blanc à composer – Réf. 78923895,,,,,,,,,,Yes,0.00,,No,,No,,,,,,No,,,LM-78923895,,,À fournir par le client - Leroy Merlin - Réf. 78923895,Fournitures client - Électricité,Yes,,https://media.adeo.com/marketplace/LMFR/78923895/00000000000078923895_01c_FR_CF.avif,,,,,,,No,,,,No,,,,
Lot 5 prises terre complètes Dooxie blanc – Réf. 80164985,,,,,,,,,,Yes,0.00,,No,,No,,,,,,No,,,LM-80164985,,,À fournir par le client - Leroy Merlin - Réf. 80164985,Fournitures client - Électricité,Yes,,https://media.adeo.com/marketplace/LMFR/80164985/00000000000080164985_01c_FR_CF.avif,,,,,,,No,,,,No,,,,
Plaque simple Dooxie aluminium – Réf. 80164949,,,,,,,,,,Yes,0.00,,No,,No,,,,,,No,,,LM-80164949,,,À fournir par le client - Leroy Merlin - Réf. 80164949,Fournitures client - Autres,Yes,,https://media.adeo.com/marketplace/LMFR/80164949/00000000000080164949_01c_FR_CF.avif,,,,,,,No,,,,No,,,,
Interrupteur Dooxie blanc va-et-vient à voyant – Réf. 80165055,,,,,,,,,,Yes,0.00,,No,,No,,,,,,No,,,LM-80165055,,,À fournir par le client - Leroy Merlin - Réf. 80165055,Fournitures client - Électricité,Yes,,https://media.adeo.com/marketplace/LMFR/80165055/00000000000080165055_01c_FR_CF.avif,,,,,,,No,,,,No,,,,
Lot 10 interrupteurs Dooxie va-et-vient blanc – Réf. 78923893,,,,,,,,,,Yes,0.00,,No,,No,,,,,,No,,,LM-78923893,,,À fournir par le client - Leroy Merlin - Réf. 78923893,Fournitures client - Électricité,Yes,,https://media.adeo.com/marketplace/LMFR/78923893/00000000000078923893_01c_FR_CF.avif,,,,,,,No,,,,No,,,,
Interrupteur va-et-vient + poussoir Dooxie blanc – Réf. 80165052,,,,,,,,,,Yes,0.00,,No,,No,,,,,,No,,,LM-80165052,,,À fournir par le client - Leroy Merlin - Réf. 80165052,Fournitures client - Électricité,Yes,,https://media.adeo.com/marketplace/LMFR/80165052/00000000000080165052_01c_FR_CF.avif,,,,,,,No,,,,No,,,,
Prise Dooxie aluminium à composer – Réf. 80165105,,,,,,,,,,Yes,0.00,,No,,No,,,,,,No,,,LM-80165105,,,À fournir par le client - Leroy Merlin - Réf. 80165105,Fournitures client - Électricité,Yes,,https://media.adeo.com/marketplace/LMFR/80165105/00000000000080165105_01c_FR_CF.avif,,,,,,,No,,,,No,,,,
Prise Dooxie blanc autre version – Réf. 80165107,,,,,,,,,,Yes,0.00,,No,,No,,,,,,No,,,LM-80165107,,,À fournir par le client - Leroy Merlin - Réf. 80165107,Fournitures client - Électricité,Yes,,https://media.adeo.com/marketplace/LMFR/80165107/00000000000080165107_01c_FR_CF.avif,,,,,,,No,,,,No,,,,
Poussoir Dooxie noir à assembler – Réf. 80165066,,,,,,,,,,Yes,0.00,,No,,No,,,,,,No,,,LM-80165066,,,À fournir par le client - Leroy Merlin - Réf. 80165066,Fournitures client - Autres,Yes,,https://media.adeo.com/marketplace/LMFR/80165066/00000000000080165066_01c_FR_CF.avif,,,,,,,No,,,,No,,,,
Laine de roche ROCKWOOL panneau 100 mm 1.35x0.6 m – Réf. 82140162,,,,,,,,,,Yes,0.00,,No,,No,,,,,,No,,,LM-82140162,,,À fournir par le client - Leroy Merlin - Réf. 82140162,Fournitures client - Autres,Yes,,https://media.adeo.com/marketplace/LMFR/82140162/00000000000082140162_01c_FR_CF.avif,,,,,,,No,,,,No,,,,
Laine de roche ROCKWOOL panneau 75 mm 1.35x0.6 m – Réf. 82140148,,,,,,,,,,Yes,0.00,,No,,No,,,,,,No,,,LM-82140148,,,À fournir par le client - Leroy Merlin - Réf. 82140148,Fournitures client - Autres,Yes,,https://media.adeo.com/marketplace/LMFR/82140148/00000000000082140148_01c_FR_CF.avif,,,,,,,No,,,,No,,,,
Laine de verre ISOVER GR32 kraft 100 mm 2.7x1.2 m – Réf. 67630556,,,,,,,,,,Yes,0.00,,No,,No,,,,,,No,,,LM-67630556,,,À fournir par le client - Leroy Merlin - Réf. 67630556,Fournitures client - Autres,Yes,,https://media.adeo.com/marketplace/LMFR/67630556/00000000000067630556_01c_FR_CF.avif,,,,,,,No,,,,No,,,,
Laine de verre ISOVER Par Phonic 70 mm 12 m² – Réf. 76410670,,,,,,,,,,Yes,0.00,,No,,No,,,,,,No,,,LM-76410670,,,À fournir par le client - Leroy Merlin - Réf. 76410670,Fournitures client - Autres,Yes,,https://media.adeo.com/marketplace/LMFR/76410670/00000000000076410670_01c_FR_CF.avif,,,,,,,No,,,,No,,,,
Laine de verre URSA Pure 32 120 mm 2.7x1.2 m – Réf. 68253696,,,,,,,,,,Yes,0.00,,No,,No,,,,,,No,,,LM-68253696,,,À fournir par le client - Leroy Merlin - Réf. 68253696,Fournitures client - Autres,Yes,,https://media.adeo.com/marketplace/LMFR/68253696/00000000000068253696_01c_FR_CF.avif,,,,,,,No,,,,No,,,,
Laine de roche ROCKWOOL Rockfaçade 100 mm 1.35x0.6 m – Réf. 69205556,,,,,,,,,,Yes,0.00,,No,,No,,,,,,No,,,LM-69205556,,,À fournir par le client - Leroy Merlin - Réf. 69205556,Fournitures client - Autres,Yes,,https://media.adeo.com/marketplace/LMFR/69205556/00000000000069205556_01c_FR_CF.avif,,,,,,,No,,,,No,,,,
Laine de roche ROCKWOOL Firerock 50 mm 1x0.6 m – Réf. 69466712,,,,,,,,,,Yes,0.00,,No,,No,,,,,,No,,,LM-69466712,,,À fournir par le client - Leroy Merlin - Réf. 69466712,Fournitures client - Autres,Yes,,https://media.adeo.com/marketplace/LMFR/69466712/00000000000069466712_01c_FR_CF.avif,,,,,,,No,,,,No,,,,
Laine de roche ROCKWOOL Mbrock 120 mm 1.35x0.36 m – Réf. 68398883,,,,,,,,,,Yes,0.00,,No,,No,,,,,,No,,,LM-68398883,,,À fournir par le client - Leroy Merlin - Réf. 68398883,Fournitures client - Autres,Yes,,https://media.adeo.com/marketplace/LMFR/68398883/00000000000068398883_01c_FR_CF.avif,,,,,,,No,,,,No,,,,
Laine de verre KNAUF comble 035 nu 100 mm 7.4x1.2 m – Réf. 70511602,,,,,,,,,,Yes,0.00,,No,,No,,,,,,No,,,LM-70511602,,,À fournir par le client - Leroy Merlin - Réf. 70511602,Fournitures client - Autres,Yes,,https://media.adeo.com/marketplace/LMFR/70511602/00000000000070511602_01c_FR_CF.avif,,,,,,,No,,,,No,,,,
Laine de verre URSA 45 mm 2 rouleaux 16.2x0.6 m – Réf. 77953386,,,,,,,,,,Yes,0.00,,No,,No,,,,,,No,,,LM-77953386,,,À fournir par le client - Leroy Merlin - Réf. 77953386,Fournitures client - Autres,Yes,,https://media.adeo.com/marketplace/LMFR/77953386/00000000000077953386_01c_FR_CF.avif,,,,,,,No,,,,No,,,,
Laine de roche ROCKWOOL Mbrock 145 mm 1.35x0.56 m – Réf. 68398953,,,,,,,,,,Yes,0.00,,No,,No,,,,,,No,,,LM-68398953,,,À fournir par le client - Leroy Merlin - Réf. 68398953,Fournitures client - Autres,Yes,,https://media.adeo.com/marketplace/LMFR/68398953/00000000000068398953_01c_FR_CF.avif,,,,,,,No,,,,No,,,,
Laine de roche ROCKWOOL Rockfaçade 70 mm 1.35x0.6 m – Réf. 69205423,,,,,,,,,,Yes,0.00,,No,,No,,,,,,No,,,LM-69205423,,,À fournir par le client - Leroy Merlin - Réf. 69205423,Fournitures client - Autres,Yes,,https://media.adeo.com/marketplace/LMFR/69205423/00000000000069205423_01c_FR_CF.avif,,,,,,,No,,,,No,,,,
Laine de verre KNAUF comble aménagé kraft 240 mm 2.6x1.2 m – Réf. 91910417,,,,,,,,,,Yes,0.00,,No,,No,,,,,,No,,,LM-91910417,,,À fournir par le client - Leroy Merlin - Réf. 91910417,Fournitures client - Autres,Yes,,https://media.adeo.com/marketplace/LMFR/91910417/00000000000091910417_01c_FR_CF.avif,,,,,,,No,,,,No,,,,
Laine de roche ROCKWOOL Mbrock 145 mm 1.35x0.36 m – Réf. 68398946,,,,,,,,,,Yes,0.00,,No,,No,,,,,,No,,,LM-68398946,,,À fournir par le client - Leroy Merlin - Réf. 68398946,Fournitures client - Autres,Yes,,https://media.adeo.com/marketplace/LMFR/68398946/00000000000068398946_01c_FR_CF.avif,,,,,,,No,,,,No,,,,
Laine de verre KNAUF comble 040 nu 100 mm 8.3x1.2 m – Réf. 69955242,,,,,,,,,,Yes,0.00,,No,,No,,,,,,No,,,LM-69955242,,,À fournir par le client - Leroy Merlin - Réf. 69955242,Fournitures client - Autres,Yes,,https://media.adeo.com/marketplace/LMFR/69955242/00000000000069955242_01c_FR_CF.avif,,,,,,,No,,,,No,,,,
Laine de roche ROCKWOOL Rocksol Expert 30 mm 1.2x0.6 m – Réf. 68399072,,,,,,,,,,Yes,0.00,,No,,No,,,,,,No,,,LM-68399072,,,À fournir par le client - Leroy Merlin - Réf. 68399072,Fournitures client - Autres,Yes,,https://media.adeo.com/marketplace/LMFR/68399072/00000000000068399072_01c_FR_CF.avif,,,,,,,No,,,,No,,,,
Laine de verre URSA Pure 35 200 mm 3x1.2 m – Réf. 68253654,,,,,,,,,,Yes,0.00,,No,,No,,,,,,No,,,LM-68253654,,,À fournir par le client - Leroy Merlin - Réf. 68253654,Fournitures client - Autres,Yes,,https://media.adeo.com/marketplace/LMFR/68253654/00000000000068253654_01c_FR_CF.avif,,,,,,,No,,,,No,,,,
Laine de roche ROCKWOOL Rockmur 100 mm 1.35x0.6 m – Réf. 68398981,,,,,,,,,,Yes,0.00,,No,,No,,,,,,No,,,LM-68398981,,,À fournir par le client - Leroy Merlin - Réf. 68398981,Fournitures client - Autres,Yes,,https://media.adeo.com/marketplace/LMFR/68398981/00000000000068398981_01c_FR_CF.avif,,,,,,,No,,,,No,,,,
Laine de roche ROCKWOOL Rockfaçade 80 mm 1.35x0.6 m – Réf. 69205465,,,,,,,,,,Yes,0.00,,No,,No,,,,,,No,,,LM-69205465,,,À fournir par le client - Leroy Merlin - Réf. 69205465,Fournitures client - Autres,Yes,,https://media.adeo.com/marketplace/LMFR/69205465/00000000000069205465_01c_FR_CF.avif,,,,,,,No,,,,No,,,,
Kit VMC ALDES EasyHome Auto + Colorline – Réf. 90685489,,,,,,,,,,Yes,0.00,,No,,No,,,,,,No,,,LM-90685489,,,À fournir par le client - Leroy Merlin - Réf. 90685489,Fournitures client - VMC / Ventilation,Yes,,https://media.adeo.com/marketplace/LMFR/90685489/00000000000090685489_01c_FR_CF.avif,,,,,,,No,,,,No,,,,
Bouche VMC ALDES Bio carrée Ø80 – Réf. 82557396,,,,,,,,,,Yes,0.00,,No,,No,,,,,,No,,,LM-82557396,,,À fournir par le client - Leroy Merlin - Réf. 82557396,Fournitures client - VMC / Ventilation,Yes,,https://media.adeo.com/marketplace/LMFR/82557396/00000000000082557396_01c_FR_CF.avif,,,,,,,No,,,,No,,,,
Bouche VMC ALDES hygro salle de bain Ø80 – Réf. 99394707,,,,,,,,,,Yes,0.00,,No,,No,,,,,,No,,,LM-99394707,,,À fournir par le client - Leroy Merlin - Réf. 99394707,Fournitures client - VMC / Ventilation,Yes,,https://media.adeo.com/marketplace/LMFR/99394707/00000000000099394707_01c_FR_CF.avif,,,,,,,No,,,,No,,,,
Kit VMC ALDES EasyHome Autosens – Réf. 84376620,,,,,,,,,,Yes,0.00,,No,,No,,,,,,No,,,LM-84376620,,,À fournir par le client - Leroy Merlin - Réf. 84376620,Fournitures client - VMC / Ventilation,Yes,,https://media.adeo.com/marketplace/LMFR/84376620/00000000000084376620_01c_FR_CF.avif,,,,,,,No,,,,No,,,,
Plaque ALDES ColorLINE transparente – Réf. 80125396,,,,,,,,,,Yes,0.00,,No,,No,,,,,,No,,,LM-80125396,,,À fournir par le client - Leroy Merlin - Réf. 80125396,Fournitures client - Autres,Yes,,https://media.adeo.com/marketplace/LMFR/80125396/00000000000080125396_01c_FR_CF.avif,,,,,,,No,,,,No,,,,
Kit grille ventilation ALDES ColorLINE Ø125 blanc – Réf. 80136720,,,,,,,,,,Yes,0.00,,No,,No,,,,,,No,,,LM-80136720,,,À fournir par le client - Leroy Merlin - Réf. 80136720,Fournitures client - VMC / Ventilation,Yes,,https://media.adeo.com/marketplace/LMFR/80136720/00000000000080136720_01c_FR_CF.avif,,,,,,,No,,,,No,,,,
Membrane pare-vapeur ISOVER STOPVAP 30 m² – Réf. 97276304,,,,,,,,,,Yes,0.00,,No,,No,,,,,,No,,,LM-97276304,,,À fournir par le client - Leroy Merlin - Réf. 97276304,Fournitures client - Autres,Yes,,https://media.adeo.com/marketplace/LMFR/97276304/00000000000097276304_01c_FR_CF.avif,,,,,,,No,,,,No,,,,
Pare-vapeur translucide 20x1.5 m – Réf. 84127154,,,,,,,,,,Yes,0.00,,No,,No,,,,,,No,,,LM-84127154,,,À fournir par le client - Leroy Merlin - Réf. 84127154,Fournitures client - Autres,Yes,,https://media.adeo.com/marketplace/LMFR/84127154/00000000000084127154_01c_FR_CF.avif,,,,,,,No,,,,No,,,,
Rouleau pare-vapeur SEMIN 1.5x25 m – Réf. 68256454,,,,,,,,,,Yes,0.00,,No,,No,,,,,,No,,,LM-68256454,,,À fournir par le client - Leroy Merlin - Réf. 68256454,Fournitures client - Autres,Yes,,https://media.adeo.com/marketplace/LMFR/68256454/00000000000068256454_01c_FR_CF.avif,,,,,,,No,,,,No,,,,
Chape bitume aluminium 1x8 m – Réf. 65175173,,,,,,,,,,Yes,0.00,,No,,No,,,,,,No,,,LM-65175173,,,À fournir par le client - Leroy Merlin - Réf. 65175173,Fournitures client - Autres,Yes,,https://media.adeo.com/marketplace/LMFR/65175173/00000000000065175173_01c_FR_CF.avif,,,,,,,No,,,,No,,,,
Chape bitume 50 TV aluminium 1x8 m – Réf. 61647075,,,,,,,,,,Yes,0.00,,No,,No,,,,,,No,,,LM-61647075,,,À fournir par le client - Leroy Merlin - Réf. 61647075,Fournitures client - Autres,Yes,,https://media.adeo.com/marketplace/LMFR/61647075/00000000000061647075_01c_FR_CF.avif,,,,,,,No,,,,No,,,,
Bardeau rouleau rouge ASPHALTCO 1x7.5 m – Réf. 63245672,,,,,,,,,,Yes,0.00,,No,,No,,,,,,No,,,LM-63245672,,,À fournir par le client - Leroy Merlin - Réf. 63245672,Fournitures client - Autres,Yes,,https://media.adeo.com/marketplace/LMFR/63245672/00000000000063245672_01c_FR_CF.avif,,,,,,,No,,,,No,,,,
Membrane toiture plate SOPREMA 1x10 m – Réf. 88942446,,,,,,,,,,Yes,0.00,,No,,No,,,,,,No,,,LM-88942446,,,À fournir par le client - Leroy Merlin - Réf. 88942446,Fournitures client - Autres,Yes,,https://media.adeo.com/marketplace/LMFR/88942446/00000000000088942446_01c_FR_CF.avif,,,,,,,No,,,,No,,,,
Bardeau bitume noir IKO 1x8 m – Réf. 91945540,,,,,,,,,,Yes,0.00,,No,,No,,,,,,No,,,LM-91945540,,,À fournir par le client - Leroy Merlin - Réf. 91945540,Fournitures client - Autres,Yes,,https://media.adeo.com/marketplace/LMFR/91945540/00000000000091945540_01c_FR_CF.avif,,,,,,,No,,,,No,,,,
Plaque bitumée imitation tuile ONDULINE 0.4x1.07 m – Réf. 68913173,,,,,,,,,,Yes,0.00,,No,,No,,,,,,No,,,LM-68913173,,,À fournir par le client - Leroy Merlin - Réf. 68913173,Fournitures client - Autres,Yes,,https://media.adeo.com/marketplace/LMFR/68913173/00000000000068913173_01c_FR_CF.avif,,,,,,,No,,,,No,,,,
Radiateur eau chaude EQUATION Adapt 1012W 60x60 – Réf. 66272136,,,,,,,,,,Yes,0.00,,No,,No,,,,,,No,,,LM-66272136,,,À fournir par le client - Leroy Merlin - Réf. 66272136,Fournitures client - Chauffage,Yes,,https://media.adeo.com/marketplace/LMFR/66272136/00000000000066272136_01c_FR_CF.avif,,,,,,,No,,,,No,,,,
Radiateur eau chaude EQUATION Adapt 754W 30x80 – Réf. 69704131,,,,,,,,,,Yes,0.00,,No,,No,,,,,,No,,,LM-69704131,,,À fournir par le client - Leroy Merlin - Réf. 69704131,Fournitures client - Chauffage,Yes,,https://media.adeo.com/marketplace/LMFR/69704131/00000000000069704131_01c_FR_CF.avif,,,,,,,No,,,,No,,,,
Radiateur eau chaude EQUATION Adapt 750W 70x50 – Réf. 66272031,,,,,,,,,,Yes,0.00,,No,,No,,,,,,No,,,LM-66272031,,,À fournir par le client - Leroy Merlin - Réf. 66272031,Fournitures client - Chauffage,Yes,,https://media.adeo.com/marketplace/LMFR/66272031/00000000000066272031_01c_FR_CF.avif,,,,,,,No,,,,No,,,,
Radiateur eau chaude EQUATION Adapt 794W 60x60 – Réf. 66271933,,,,,,,,,,Yes,0.00,,No,,No,,,,,,No,,,LM-66271933,,,À fournir par le client - Leroy Merlin - Réf. 66271933,Fournitures client - Chauffage,Yes,,https://media.adeo.com/marketplace/LMFR/66271933/00000000000066271933_01c_FR_CF.avif,,,,,,,No,,,,No,,,,
Radiateur eau chaude EQUATION Adapt 1181W 60x70 – Réf. 66272171,,,,,,,,,,Yes,0.00,,No,,No,,,,,,No,,,LM-66272171,,,À fournir par le client - Leroy Merlin - Réf. 66272171,Fournitures client - Chauffage,Yes,,https://media.adeo.com/marketplace/LMFR/66272171/00000000000066272171_01c_FR_CF.avif,,,,,,,No,,,,No,,,,
Radiateur eau chaude EQUATION Adapt 1396W 90x60 – Réf. 66272346,,,,,,,,,,Yes,0.00,,No,,No,,,,,,No,,,LM-66272346,,,À fournir par le client - Leroy Merlin - Réf. 66272346,Fournitures client - Chauffage,Yes,,https://media.adeo.com/marketplace/LMFR/66272346/00000000000066272346_01c_FR_CF.avif,,,,,,,No,,,,No,,,,
Radiateur eau chaude EQUATION Adapt 1718W 70x90 – Réf. 66272311,,,,,,,,,,Yes,0.00,,No,,No,,,,,,No,,,LM-66272311,,,À fournir par le client - Leroy Merlin - Réf. 66272311,Fournitures client - Chauffage,Yes,,https://media.adeo.com/marketplace/LMFR/66272311/00000000000066272311_01c_FR_CF.avif,,,,,,,No,,,,No,,,,
Radiateur eau chaude EQUATION Adapt 2024W 60x120 – Réf. 66272234,,,,,,,,,,Yes,0.00,,No,,No,,,,,,No,,,LM-66272234,,,À fournir par le client - Leroy Merlin - Réf. 66272234,Fournitures client - Chauffage,Yes,,https://media.adeo.com/marketplace/LMFR/66272234/00000000000066272234_01c_FR_CF.avif,,,,,,,No,,,,No,,,,
Corps robinet thermostatique EQUATION M1/2 M30x1.5 – Réf. 85091111,,,,,,,,,,Yes,0.00,,No,,No,,,,,,No,,,LM-85091111,,,À fournir par le client - Leroy Merlin - Réf. 85091111,Fournitures client - Plomberie,Yes,,https://media.adeo.com/marketplace/LMFR/85091111/00000000000085091111_01c_FR_CF.avif,,,,,,,No,,,,No,,,,
Kit thermostatique EQUATION M1/2 M28x1.5 – Réf. 85091129,,,,,,,,,,Yes,0.00,,No,,No,,,,,,No,,,LM-85091129,,,À fournir par le client - Leroy Merlin - Réf. 85091129,Fournitures client - Chauffage,Yes,,https://media.adeo.com/marketplace/LMFR/85091129/00000000000085091129_01c_FR_CF.avif,,,,,,,No,,,,No,,,,
Kit bitube thermostatique EQUATION 133A – Réf. 65562490,,,,,,,,,,Yes,0.00,,No,,No,,,,,,No,,,LM-65562490,,,À fournir par le client - Leroy Merlin - Réf. 65562490,Fournitures client - Chauffage,Yes,,https://media.adeo.com/marketplace/LMFR/65562490/00000000000065562490_01c_FR_CF.avif,,,,,,,No,,,,No,,,,
Radiateur électrique EQUATION Alidea inertie fluide 1500W – Réf. 69489434,,,,,,,,,,Yes,0.00,,No,,No,,,,,,No,,,LM-69489434,,,À fournir par le client - Leroy Merlin - Réf. 69489434,Fournitures client - Chauffage,Yes,,https://media.adeo.com/marketplace/LMFR/69489434/00000000000069489434_01c_FR_CF.avif,,,,,,,No,,,,No,,,,
Récepteur radiateur électrique sans fil EQUATION – Réf. 68449955,,,,,,,,,,Yes,0.00,,No,,No,,,,,,No,,,LM-68449955,,,À fournir par le client - Leroy Merlin - Réf. 68449955,Fournitures client - Chauffage,Yes,,https://media.adeo.com/marketplace/LMFR/68449955/00000000000068449955_01c_FR_CF.avif,,,,,,,No,,,,No,,,,
Tête thermostatique connectée SOMATHERM – Réf. 82283824,,,,,,,,,,Yes,0.00,,No,,No,,,,,,No,,,LM-82283824,,,À fournir par le client - Leroy Merlin - Réf. 82283824,Fournitures client - Chauffage,Yes,,https://media.adeo.com/marketplace/LMFR/82283824/00000000000082283824_01c_FR_CF.avif,,,,,,,No,,,,No,,,,
Liteau sapin traité 27x40 mm L.4 m classe 2 – Réf. 70028063,,,,,,,,,,Yes,0.00,,No,,No,,,,,,No,,,LM-70028063,,,À fournir par le client - Leroy Merlin - Réf. 70028063,Fournitures client - Autres,Yes,,https://media.adeo.com/marketplace/LMFR/70028063/00000000000070028063_01c_FR_CF.avif,,,,,,,No,,,,No,,,,
Lambourde sapin épicéa traité 38x63 mm L.4 m – Réf. 67006471,,,,,,,,,,Yes,0.00,,No,,No,,,,,,No,,,LM-67006471,,,À fournir par le client - Leroy Merlin - Réf. 67006471,Fournitures client - Bois / Panneaux,Yes,,https://media.adeo.com/marketplace/LMFR/67006471/00000000000067006471_01c_FR_CF.avif,,,,,,,No,,,,No,,,,
Poutre pin traité raboté 70x70 mm L.3 m classe 4 – Réf. 70499625,,,,,,,,,,Yes,0.00,,No,,No,,,,,,No,,,LM-70499625,,,À fournir par le client - Leroy Merlin - Réf. 70499625,Fournitures client - Autres,Yes,,https://media.adeo.com/marketplace/LMFR/70499625/00000000000070499625_01c_FR_CF.avif,,,,,,,No,,,,No,,,,
Madrier sapin traité 75x225 mm L.3 m – Réf. 70028525,,,,,,,,,,Yes,0.00,,No,,No,,,,,,No,,,LM-70028525,,,À fournir par le client - Leroy Merlin - Réf. 70028525,Fournitures client - Bois / Panneaux,Yes,,https://media.adeo.com/marketplace/LMFR/70028525/00000000000070028525_01c_FR_CF.avif,,,,,,,No,,,,No,,,,
Poutre sapin traité raboté 145x145 mm L.3 m – Réf. 70027832,,,,,,,,,,Yes,0.00,,No,,No,,,,,,No,,,LM-70027832,,,À fournir par le client - Leroy Merlin - Réf. 70027832,Fournitures client - Autres,Yes,,https://media.adeo.com/marketplace/LMFR/70027832/00000000000070027832_01c_FR_CF.avif,,,,,,,No,,,,No,,,,
Madrier sapin épicéa traité 75x225 mm L.4 m – Réf. 67012736,,,,,,,,,,Yes,0.00,,No,,No,,,,,,No,,,LM-67012736,,,À fournir par le client - Leroy Merlin - Réf. 67012736,Fournitures client - Bois / Panneaux,Yes,,https://media.adeo.com/marketplace/LMFR/67012736/00000000000067012736_01c_FR_CF.avif,,,,,,,No,,,,No,,,,
Lambourde sapin épicéa traité 38x63 mm L.3 m – Réf. 67014731,,,,,,,,,,Yes,0.00,,No,,No,,,,,,No,,,LM-67014731,,,À fournir par le client - Leroy Merlin - Réf. 67014731,Fournitures client - Bois / Panneaux,Yes,,https://media.adeo.com/marketplace/LMFR/67014731/00000000000067014731_01c_FR_CF.avif,,,,,,,No,,,,No,,,,
Liteau sapin traité 27x40 mm L.3 m – Réf. 70028322,,,,,,,,,,Yes,0.00,,No,,No,,,,,,No,,,LM-70028322,,,À fournir par le client - Leroy Merlin - Réf. 70028322,Fournitures client - Autres,Yes,,https://media.adeo.com/marketplace/LMFR/70028322/00000000000070028322_01c_FR_CF.avif,,,,,,,No,,,,No,,,,
Chevron sapin épicéa traité 50x50 mm L.3 m – Réf. 67013191,,,,,,,,,,Yes,0.00,,No,,No,,,,,,No,,,LM-67013191,,,À fournir par le client - Leroy Merlin - Réf. 67013191,Fournitures client - Autres,Yes,,https://media.adeo.com/marketplace/LMFR/67013191/00000000000067013191_01c_FR_CF.avif,,,,,,,No,,,,No,,,,
Bastaing sapin épicéa traité 50x150 mm L.4 m – Réf. 67006331,,,,,,,,,,Yes,0.00,,No,,No,,,,,,No,,,LM-67006331,,,À fournir par le client - Leroy Merlin - Réf. 67006331,Fournitures client - Autres,Yes,,https://media.adeo.com/marketplace/LMFR/67006331/00000000000067006331_01c_FR_CF.avif,,,,,,,No,,,,No,,,,
Solivette sapin épicéa traité 38x200 mm L.4 m – Réf. 67005813,,,,,,,,,,Yes,0.00,,No,,No,,,,,,No,,,LM-67005813,,,À fournir par le client - Leroy Merlin - Réf. 67005813,Fournitures client - Autres,Yes,,https://media.adeo.com/marketplace/LMFR/67005813/00000000000067005813_01c_FR_CF.avif,,,,,,,No,,,,No,,,,
Bois ossature sec sapin 45x120 mm L.3 m – Réf. 67798892,,,,,,,,,,Yes,0.00,,No,,No,,,,,,No,,,LM-67798892,,,À fournir par le client - Leroy Merlin - Réf. 67798892,Fournitures client - Autres,Yes,,https://media.adeo.com/marketplace/LMFR/67798892/00000000000067798892_01c_FR_CF.avif,,,,,,,No,,,,No,,,,
Chevron sapin épicéa traité 60x80 mm L.4 m – Réf. 67005295,,,,,,,,,,Yes,0.00,,No,,No,,,,,,No,,,LM-67005295,,,À fournir par le client - Leroy Merlin - Réf. 67005295,Fournitures client - Autres,Yes,,https://media.adeo.com/marketplace/LMFR/67005295/00000000000067005295_01c_FR_CF.avif,,,,,,,No,,,,No,,,,
Chevron sapin épicéa traité 50x50 mm L.4 m – Réf. 67013212,,,,,,,,,,Yes,0.00,,No,,No,,,,,,No,,,LM-67013212,,,À fournir par le client - Leroy Merlin - Réf. 67013212,Fournitures client - Autres,Yes,,https://media.adeo.com/marketplace/LMFR/67013212/00000000000067013212_01c_FR_CF.avif,,,,,,,No,,,,No,,,,
Solivette sapin épicéa traité 32x160 mm L.3 m réf 67005610 – Réf. 67005610,,,,,,,,,,Yes,0.00,,No,,No,,,,,,No,,,LM-67005610,,,À fournir par le client - Leroy Merlin - Réf. 67005610,Fournitures client - Autres,Yes,,https://media.adeo.com/marketplace/LMFR/67005610/00000000000067005610_01c_FR_CF.avif,,,,,,,No,,,,No,,,,
Bastaing sapin traité 63x175 mm L.6 m – Réf. 70028203,,,,,,,,,,Yes,0.00,,No,,No,,,,,,No,,,LM-70028203,,,À fournir par le client - Leroy Merlin - Réf. 70028203,Fournitures client - Autres,Yes,,https://media.adeo.com/marketplace/LMFR/70028203/00000000000070028203_01c_FR_CF.avif,,,,,,,No,,,,No,,,,
Bastaing sapin épicéa traité 63x160 mm L.4 m – Réf. 67012960,,,,,,,,,,Yes,0.00,,No,,No,,,,,,No,,,LM-67012960,,,À fournir par le client - Leroy Merlin - Réf. 67012960,Fournitures client - Autres,Yes,,https://media.adeo.com/marketplace/LMFR/67012960/00000000000067012960_01c_FR_CF.avif,,,,,,,No,,,,No,,,,
Solivette sapin épicéa traité 32x175 mm L.3 m réf 67006751 – Réf. 67006751,,,,,,,,,,Yes,0.00,,No,,No,,,,,,No,,,LM-67006751,,,À fournir par le client - Leroy Merlin - Réf. 67006751,Fournitures client - Autres,Yes,,https://media.adeo.com/marketplace/LMFR/67006751/00000000000067006751_01c_FR_CF.avif,,,,,,,No,,,,No,,,,
Madrier sapin traité 75x200 mm L.4 m – Réf. 70028630,,,,,,,,,,Yes,0.00,,No,,No,,,,,,No,,,LM-70028630,,,À fournir par le client - Leroy Merlin - Réf. 70028630,Fournitures client - Bois / Panneaux,Yes,,https://media.adeo.com/marketplace/LMFR/70028630/00000000000070028630_01c_FR_CF.avif,,,,,,,No,,,,No,,,,
Poutre sapin épicéa traité raboté 145x145 mm L.4 m réf 66889753 – Réf. 66889753,,,,,,,,,,Yes,0.00,,No,,No,,,,,,No,,,LM-66889753,,,À fournir par le client - Leroy Merlin - Réf. 66889753,Fournitures client - Autres,Yes,,https://media.adeo.com/marketplace/LMFR/66889753/00000000000066889753_01c_FR_CF.avif,,,,,,,No,,,,No,,,,
Liteau sapin épicéa traité 27x40 mm L.3 m réf 67014353 – Réf. 67014353,,,,,,,,,,Yes,0.00,,No,,No,,,,,,No,,,LM-67014353,,,À fournir par le client - Leroy Merlin - Réf. 67014353,Fournitures client - Autres,Yes,,https://media.adeo.com/marketplace/LMFR/67014353/00000000000067014353_01c_FR_CF.avif,,,,,,,No,,,,No,,,,
Lambourde sapin épicéa traité 38x63 mm L.4 m réf 67014801 – Réf. 67014801,,,,,,,,,,Yes,0.00,,No,,No,,,,,,No,,,LM-67014801,,,À fournir par le client - Leroy Merlin - Réf. 67014801,Fournitures client - Bois / Panneaux,Yes,,https://media.adeo.com/marketplace/LMFR/67014801/00000000000067014801_01c_FR_CF.avif,,,,,,,No,,,,No,,,,
Liteau sapin épicéa traité 18x40 mm L.4 m réf 67013863 – Réf. 67013863,,,,,,,,,,Yes,0.00,,No,,No,,,,,,No,,,LM-67013863,,,À fournir par le client - Leroy Merlin - Réf. 67013863,Fournitures client - Autres,Yes,,https://media.adeo.com/marketplace/LMFR/67013863/00000000000067013863_01c_FR_CF.avif,,,,,,,No,,,,No,,,,
Liteau sapin épicéa traité 27x27 mm L.3 m réf 67014024 – Réf. 67014024,,,,,,,,,,Yes,0.00,,No,,No,,,,,,No,,,LM-67014024,,,À fournir par le client - Leroy Merlin - Réf. 67014024,Fournitures client - Autres,Yes,,https://media.adeo.com/marketplace/LMFR/67014024/00000000000067014024_01c_FR_CF.avif,,,,,,,No,,,,No,,,,
Liteau sapin épicéa traité 27x40 mm L.4 m réf 67005351 – Réf. 67005351,,,,,,,,,,Yes,0.00,,No,,No,,,,,,No,,,LM-67005351,,,À fournir par le client - Leroy Merlin - Réf. 67005351,Fournitures client - Autres,Yes,,https://media.adeo.com/marketplace/LMFR/67005351/00000000000067005351_01c_FR_CF.avif,,,,,,,No,,,,No,,,,
Liteau sapin épicéa traité 18x40 mm L.3 m réf 67013835 – Réf. 67013835,,,,,,,,,,Yes,0.00,,No,,No,,,,,,No,,,LM-67013835,,,À fournir par le client - Leroy Merlin - Réf. 67013835,Fournitures client - Autres,Yes,,https://media.adeo.com/marketplace/LMFR/67013835/00000000000067013835_01c_FR_CF.avif,,,,,,,No,,,,No,,,,
Lambourde sapin traité 38x63 mm L.4 m réf 70028252 – Réf. 70028252,,,,,,,,,,Yes,0.00,,No,,No,,,,,,No,,,LM-70028252,,,À fournir par le client - Leroy Merlin - Réf. 70028252,Fournitures client - Bois / Panneaux,Yes,,https://media.adeo.com/marketplace/LMFR/70028252/00000000000070028252_01c_FR_CF.avif,,,,,,,No,,,,No,,,,
Liteau sapin épicéa traité 27x27 mm L.4 m réf 67015074 – Réf. 67015074,,,,,,,,,,Yes,0.00,,No,,No,,,,,,No,,,LM-67015074,,,À fournir par le client - Leroy Merlin - Réf. 67015074,Fournitures client - Autres,Yes,,https://media.adeo.com/marketplace/LMFR/67015074/00000000000067015074_01c_FR_CF.avif,,,,,,,No,,,,No,,,,
Liteau sapin épicéa traité 38x40 mm L.3 m réf 67014472 – Réf. 67014472,,,,,,,,,,Yes,0.00,,No,,No,,,,,,No,,,LM-67014472,,,À fournir par le client - Leroy Merlin - Réf. 67014472,Fournitures client - Autres,Yes,,https://media.adeo.com/marketplace/LMFR/67014472/00000000000067014472_01c_FR_CF.avif,,,,,,,No,,,,No,,,,
Chevron sapin épicéa traité 50x70 mm L.3 m réf 67013254 – Réf. 67013254,,,,,,,,,,Yes,0.00,,No,,No,,,,,,No,,,LM-67013254,,,À fournir par le client - Leroy Merlin - Réf. 67013254,Fournitures client - Autres,Yes,,https://media.adeo.com/marketplace/LMFR/67013254/00000000000067013254_01c_FR_CF.avif,,,,,,,No,,,,No,,,,
Bastaing sapin traité 63x175 mm L.4 m – Réf. 70028336,,,,,,,,,,Yes,0.00,,No,,No,,,,,,No,,,LM-70028336,,,À fournir par le client - Leroy Merlin - Réf. 70028336,Fournitures client - Autres,Yes,,https://media.adeo.com/marketplace/LMFR/70028336/00000000000070028336_01c_FR_CF.avif,,,,,,,No,,,,No,,,,
Bastaing sapin épicéa traité 50x150 mm L.3 m réf 67012806 – Réf. 67012806,,,,,,,,,,Yes,0.00,,No,,No,,,,,,No,,,LM-67012806,,,À fournir par le client - Leroy Merlin - Réf. 67012806,Fournitures client - Autres,Yes,,https://media.adeo.com/marketplace/LMFR/67012806/00000000000067012806_01c_FR_CF.avif,,,,,,,No,,,,No,,,,
Liteau sapin traité 18x40 mm L.4 m réf 70028784 – Réf. 70028784,,,,,,,,,,Yes,0.00,,No,,No,,,,,,No,,,LM-70028784,,,À fournir par le client - Leroy Merlin - Réf. 70028784,Fournitures client - Autres,Yes,,https://media.adeo.com/marketplace/LMFR/70028784/00000000000070028784_01c_FR_CF.avif,,,,,,,No,,,,No,,,,
Liteau sapin épicéa traité 27x27 mm L.3 m réf 67005211 – Réf. 67005211,,,,,,,,,,Yes,0.00,,No,,No,,,,,,No,,,LM-67005211,,,À fournir par le client - Leroy Merlin - Réf. 67005211,Fournitures client - Autres,Yes,,https://media.adeo.com/marketplace/LMFR/67005211/00000000000067005211_01c_FR_CF.avif,,,,,,,No,,,,No,,,,
Liteau sapin traité 27x27 mm L.4 m – Réf. 70028553,,,,,,,,,,Yes,0.00,,No,,No,,,,,,No,,,LM-70028553,,,À fournir par le client - Leroy Merlin - Réf. 70028553,Fournitures client - Autres,Yes,,https://media.adeo.com/marketplace/LMFR/70028553/00000000000070028553_01c_FR_CF.avif,,,,,,,No,,,,No,,,,
Liteau sapin traité 27x27 mm L.3 m – Réf. 70028623,,,,,,,,,,Yes,0.00,,No,,No,,,,,,No,,,LM-70028623,,,À fournir par le client - Leroy Merlin - Réf. 70028623,Fournitures client - Autres,Yes,,https://media.adeo.com/marketplace/LMFR/70028623/00000000000070028623_01c_FR_CF.avif,,,,,,,No,,,,No,,,,
Bastaing sapin épicéa traité 50x150 mm L.4 m réf 67012820 – Réf. 67012820,,,,,,,,,,Yes,0.00,,No,,No,,,,,,No,,,LM-67012820,,,À fournir par le client - Leroy Merlin - Réf. 67012820,Fournitures client - Autres,Yes,,https://media.adeo.com/marketplace/LMFR/67012820/00000000000067012820_01c_FR_CF.avif,,,,,,,No,,,,No,,,,
Chevron sapin traité 50x70 mm L.3 m – Réf. 70028161,,,,,,,,,,Yes,0.00,,No,,No,,,,,,No,,,LM-70028161,,,À fournir par le client - Leroy Merlin - Réf. 70028161,Fournitures client - Autres,Yes,,https://media.adeo.com/marketplace/LMFR/70028161/00000000000070028161_01c_FR_CF.avif,,,,,,,No,,,,No,,,,
Volige sapin épicéa traité 14x105 mm L.3 m réf 67007080 – Réf. 67007080,,,,,,,,,,Yes,0.00,,No,,No,,,,,,No,,,LM-67007080,,,À fournir par le client - Leroy Merlin - Réf. 67007080,Fournitures client - Autres,Yes,,https://media.adeo.com/marketplace/LMFR/67007080/00000000000067007080_01c_FR_CF.avif,,,,,,,No,,,,No,,,,
Liteau sapin traité 15x40 mm L.3 m – Réf. 70028931,,,,,,,,,,Yes,0.00,,No,,No,,,,,,No,,,LM-70028931,,,À fournir par le client - Leroy Merlin - Réf. 70028931,Fournitures client - Autres,Yes,,https://media.adeo.com/marketplace/LMFR/70028931/00000000000070028931_01c_FR_CF.avif,,,,,,,No,,,,No,,,,
Chevron sapin épicéa traité 63x75 mm L.6 m réf 67013730 – Réf. 67013730,,,,,,,,,,Yes,0.00,,No,,No,,,,,,No,,,LM-67013730,,,À fournir par le client - Leroy Merlin - Réf. 67013730,Fournitures client - Autres,Yes,,https://media.adeo.com/marketplace/LMFR/67013730/00000000000067013730_01c_FR_CF.avif,,,,,,,No,,,,No,,,,
Bastaing sapin épicéa traité 63x175 mm L.5 m réf 67013002 – Réf. 67013002,,,,,,,,,,Yes,0.00,,No,,No,,,,,,No,,,LM-67013002,,,À fournir par le client - Leroy Merlin - Réf. 67013002,Fournitures client - Autres,Yes,,https://media.adeo.com/marketplace/LMFR/67013002/00000000000067013002_01c_FR_CF.avif,,,,,,,No,,,,No,,,,
Bastaing sapin traité 63x175 mm L.5 m – Réf. 70028280,,,,,,,,,,Yes,0.00,,No,,No,,,,,,No,,,LM-70028280,,,À fournir par le client - Leroy Merlin - Réf. 70028280,Fournitures client - Autres,Yes,,https://media.adeo.com/marketplace/LMFR/70028280/00000000000070028280_01c_FR_CF.avif,,,,,,,No,,,,No,,,,
Chevron sapin traité 50x70 mm L.4 m – Réf. 70028182,,,,,,,,,,Yes,0.00,,No,,No,,,,,,No,,,LM-70028182,,,À fournir par le client - Leroy Merlin - Réf. 70028182,Fournitures client - Autres,Yes,,https://media.adeo.com/marketplace/LMFR/70028182/00000000000070028182_01c_FR_CF.avif,,,,,,,No,,,,No,,,,
Madrier sapin traité 75x225 mm L.4 m – Réf. 70028560,,,,,,,,,,Yes,0.00,,No,,No,,,,,,No,,,LM-70028560,,,À fournir par le client - Leroy Merlin - Réf. 70028560,Fournitures client - Bois / Panneaux,Yes,,https://media.adeo.com/marketplace/LMFR/70028560/00000000000070028560_01c_FR_CF.avif,,,,,,,No,,,,No,,,,
Liteau sapin épicéa traité 25x40 mm L.4 m – Réf. 67014430,,,,,,,,,,Yes,0.00,,No,,No,,,,,,No,,,LM-67014430,,,À fournir par le client - Leroy Merlin - Réf. 67014430,Fournitures client - Autres,Yes,,https://media.adeo.com/marketplace/LMFR/67014430/00000000000067014430_01c_FR_CF.avif,,,,,,,No,,,,No,,,,
Liteau sapin traité 38x40 mm L.4 m – Réf. 70027993,,,,,,,,,,Yes,0.00,,No,,No,,,,,,No,,,LM-70027993,,,À fournir par le client - Leroy Merlin - Réf. 70027993,Fournitures client - Autres,Yes,,https://media.adeo.com/marketplace/LMFR/70027993/00000000000070027993_01c_FR_CF.avif,,,,,,,No,,,,No,,,,
Bastaing sapin traité 50x150 mm L.3 m – Réf. 70028441,,,,,,,,,,Yes,0.00,,No,,No,,,,,,No,,,LM-70028441,,,À fournir par le client - Leroy Merlin - Réf. 70028441,Fournitures client - Autres,Yes,,https://media.adeo.com/marketplace/LMFR/70028441/00000000000070028441_01c_FR_CF.avif,,,,,,,No,,,,No,,,,
Liteau sapin épicéa traité 25x27 mm L.3 m – Réf. 67014031,,,,,,,,,,Yes,0.00,,No,,No,,,,,,No,,,LM-67014031,,,À fournir par le client - Leroy Merlin - Réf. 67014031,Fournitures client - Autres,Yes,,https://media.adeo.com/marketplace/LMFR/67014031/00000000000067014031_01c_FR_CF.avif,,,,,,,No,,,,No,,,,
Liteau sapin traité 27x40 mm L.3 m classe 3 – Réf. 70028392,,,,,,,,,,Yes,0.00,,No,,No,,,,,,No,,,LM-70028392,,,À fournir par le client - Leroy Merlin - Réf. 70028392,Fournitures client - Autres,Yes,,https://media.adeo.com/marketplace/LMFR/70028392/00000000000070028392_01c_FR_CF.avif,,,,,,,No,,,,No,,,,
Chevron sapin épicéa traité 50x70 mm L.4 m réf 67013282 – Réf. 67013282,,,,,,,,,,Yes,0.00,,No,,No,,,,,,No,,,LM-67013282,,,À fournir par le client - Leroy Merlin - Réf. 67013282,Fournitures client - Autres,Yes,,https://media.adeo.com/marketplace/LMFR/67013282/00000000000067013282_01c_FR_CF.avif,,,,,,,No,,,,No,,,,
Liteau sapin traité 15x40 mm L.4 m – Réf. 70028952,,,,,,,,,,Yes,0.00,,No,,No,,,,,,No,,,LM-70028952,,,À fournir par le client - Leroy Merlin - Réf. 70028952,Fournitures client - Autres,Yes,,https://media.adeo.com/marketplace/LMFR/70028952/00000000000070028952_01c_FR_CF.avif,,,,,,,No,,,,No,,,,
Madrier sapin épicéa traité 75x225 mm L.6 m – Réf. 67012785,,,,,,,,,,Yes,0.00,,No,,No,,,,,,No,,,LM-67012785,,,À fournir par le client - Leroy Merlin - Réf. 67012785,Fournitures client - Bois / Panneaux,Yes,,https://media.adeo.com/marketplace/LMFR/67012785/00000000000067012785_01c_FR_CF.avif,,,,,,,No,,,,No,,,,
Liteau sapin épicéa traité 18x40 mm L.3 m réf 67005372 – Réf. 67005372,,,,,,,,,,Yes,0.00,,No,,No,,,,,,No,,,LM-67005372,,,À fournir par le client - Leroy Merlin - Réf. 67005372,Fournitures client - Autres,Yes,,https://media.adeo.com/marketplace/LMFR/67005372/00000000000067005372_01c_FR_CF.avif,,,,,,,No,,,,No,,,,
Bastaing sapin épicéa traité 63x175 mm L.6 m réf 67013030 – Réf. 67013030,,,,,,,,,,Yes,0.00,,No,,No,,,,,,No,,,LM-67013030,,,À fournir par le client - Leroy Merlin - Réf. 67013030,Fournitures client - Autres,Yes,,https://media.adeo.com/marketplace/LMFR/67013030/00000000000067013030_01c_FR_CF.avif,,,,,,,No,,,,No,,,,
Volige sapin épicéa traité 18x150 mm L.4 m – Réf. 69415262,,,,,,,,,,Yes,0.00,,No,,No,,,,,,No,,,LM-69415262,,,À fournir par le client - Leroy Merlin - Réf. 69415262,Fournitures client - Autres,Yes,,https://media.adeo.com/marketplace/LMFR/69415262/00000000000069415262_01c_FR_CF.avif,,,,,,,No,,,,No,,,,
Liteau sapin épicéa traité 15x40 mm L.4 m – Réf. 67013870,,,,,,,,,,Yes,0.00,,No,,No,,,,,,No,,,LM-67013870,,,À fournir par le client - Leroy Merlin - Réf. 67013870,Fournitures client - Autres,Yes,,https://media.adeo.com/marketplace/LMFR/67013870/00000000000067013870_01c_FR_CF.avif,,,,,,,No,,,,No,,,,
Madrier sapin épicéa traité 75x225 mm L.3 m – Réf. 67012701,,,,,,,,,,Yes,0.00,,No,,No,,,,,,No,,,LM-67012701,,,À fournir par le client - Leroy Merlin - Réf. 67012701,Fournitures client - Bois / Panneaux,Yes,,https://media.adeo.com/marketplace/LMFR/67012701/00000000000067012701_01c_FR_CF.avif,,,,,,,No,,,,No,,,,
Volige sapin épicéa traité 18x200 mm L.3 m – Réf. 70854861,,,,,,,,,,Yes,0.00,,No,,No,,,,,,No,,,LM-70854861,,,À fournir par le client - Leroy Merlin - Réf. 70854861,Fournitures client - Autres,Yes,,https://media.adeo.com/marketplace/LMFR/70854861/00000000000070854861_01c_FR_CF.avif,,,,,,,No,,,,No,,,,
Bastaing sapin traité 50x150 mm L.4 m – Réf. 70028483,,,,,,,,,,Yes,0.00,,No,,No,,,,,,No,,,LM-70028483,,,À fournir par le client - Leroy Merlin - Réf. 70028483,Fournitures client - Autres,Yes,,https://media.adeo.com/marketplace/LMFR/70028483/00000000000070028483_01c_FR_CF.avif,,,,,,,No,,,,No,,,,
Liteau sapin épicéa traité 38x40 mm L.4 m réf 67014493 – Réf. 67014493,,,,,,,,,,Yes,0.00,,No,,No,,,,,,No,,,LM-67014493,,,À fournir par le client - Leroy Merlin - Réf. 67014493,Fournitures client - Autres,Yes,,https://media.adeo.com/marketplace/LMFR/67014493/00000000000067014493_01c_FR_CF.avif,,,,,,,No,,,,No,,,,
Liteau sapin traité 25x40 mm L.3 m – Réf. 70028301,,,,,,,,,,Yes,0.00,,No,,No,,,,,,No,,,LM-70028301,,,À fournir par le client - Leroy Merlin - Réf. 70028301,Fournitures client - Autres,Yes,,https://media.adeo.com/marketplace/LMFR/70028301/00000000000070028301_01c_FR_CF.avif,,,,,,,No,,,,No,,,,
Poutre pin traité raboté 90x90 mm L.3 m classe 4 – Réf. 70612052,,,,,,,,,,Yes,0.00,,No,,No,,,,,,No,,,LM-70612052,,,À fournir par le client - Leroy Merlin - Réf. 70612052,Fournitures client - Autres,Yes,,https://media.adeo.com/marketplace/LMFR/70612052/00000000000070612052_01c_FR_CF.avif,,,,,,,No,,,,No,,,,
Poutre sapin épicéa traité 150x150 mm L.3 m – Réf. 67007192,,,,,,,,,,Yes,0.00,,No,,No,,,,,,No,,,LM-67007192,,,À fournir par le client - Leroy Merlin - Réf. 67007192,Fournitures client - Autres,Yes,,https://media.adeo.com/marketplace/LMFR/67007192/00000000000067007192_01c_FR_CF.avif,,,,,,,No,,,,No,,,,
Madrier sapin épicéa traité 75x225 mm L.4 m réf 67005764 – Réf. 67005764,,,,,,,,,,Yes,0.00,,No,,No,,,,,,No,,,LM-67005764,,,À fournir par le client - Leroy Merlin - Réf. 67005764,Fournitures client - Bois / Panneaux,Yes,,https://media.adeo.com/marketplace/LMFR/67005764/00000000000067005764_01c_FR_CF.avif,,,,,,,No,,,,No,,,,
Bois ossature sec sapin 45x145 mm L.3 m réf 67798934 – Réf. 67798934,,,,,,,,,,Yes,0.00,,No,,No,,,,,,No,,,LM-67798934,,,À fournir par le client - Leroy Merlin - Réf. 67798934,Fournitures client - Autres,Yes,,https://media.adeo.com/marketplace/LMFR/67798934/00000000000067798934_01c_FR_CF.avif,,,,,,,No,,,,No,,,,
Lambourde sapin traité 38x60 mm L.3 m – Réf. 70028574,,,,,,,,,,Yes,0.00,,No,,No,,,,,,No,,,LM-70028574,,,À fournir par le client - Leroy Merlin - Réf. 70028574,Fournitures client - Bois / Panneaux,Yes,,https://media.adeo.com/marketplace/LMFR/70028574/00000000000070028574_01c_FR_CF.avif,,,,,,,No,,,,No,,,,
Volige sapin épicéa traité 14x105 mm L.3 m réf 67006576 – Réf. 67006576,,,,,,,,,,Yes,0.00,,No,,No,,,,,,No,,,LM-67006576,,,À fournir par le client - Leroy Merlin - Réf. 67006576,Fournitures client - Autres,Yes,,https://media.adeo.com/marketplace/LMFR/67006576/00000000000067006576_01c_FR_CF.avif,,,,,,,No,,,,No,,,,
Liteau sapin épicéa traité 18x40 mm L.4 m réf 67005386 – Réf. 67005386,,,,,,,,,,Yes,0.00,,No,,No,,,,,,No,,,LM-67005386,,,À fournir par le client - Leroy Merlin - Réf. 67005386,Fournitures client - Autres,Yes,,https://media.adeo.com/marketplace/LMFR/67005386/00000000000067005386_01c_FR_CF.avif,,,,,,,No,,,,No,,,,
Chevron sapin traité raboté 60x70 mm L.4 m classe 3 – Réf. 70028224,,,,,,,,,,Yes,0.00,,No,,No,,,,,,No,,,LM-70028224,,,À fournir par le client - Leroy Merlin - Réf. 70028224,Fournitures client - Autres,Yes,,https://media.adeo.com/marketplace/LMFR/70028224/00000000000070028224_01c_FR_CF.avif,,,,,,,No,,,,No,,,,
Bastaing sapin épicéa traité 63x175 mm L.5 m réf 67006233 – Réf. 67006233,,,,,,,,,,Yes,0.00,,No,,No,,,,,,No,,,LM-67006233,,,À fournir par le client - Leroy Merlin - Réf. 67006233,Fournitures client - Autres,Yes,,https://media.adeo.com/marketplace/LMFR/67006233/00000000000067006233_01c_FR_CF.avif,,,,,,,No,,,,No,,,,
Chevron sapin épicéa traité 63x75 mm L.5 m – Réf. 67005281,,,,,,,,,,Yes,0.00,,No,,No,,,,,,No,,,LM-67005281,,,À fournir par le client - Leroy Merlin - Réf. 67005281,Fournitures client - Autres,Yes,,https://media.adeo.com/marketplace/LMFR/67005281/00000000000067005281_01c_FR_CF.avif,,,,,,,No,,,,No,,,,
Madrier sapin traité 75x225 mm L.5 m – Réf. 70028581,,,,,,,,,,Yes,0.00,,No,,No,,,,,,No,,,LM-70028581,,,À fournir par le client - Leroy Merlin - Réf. 70028581,Fournitures client - Bois / Panneaux,Yes,,https://media.adeo.com/marketplace/LMFR/70028581/00000000000070028581_01c_FR_CF.avif,,,,,,,No,,,,No,,,,
Bois ossature sec sapin 45x145 mm L.3 m réf 70028462 – Réf. 70028462,,,,,,,,,,Yes,0.00,,No,,No,,,,,,No,,,LM-70028462,,,À fournir par le client - Leroy Merlin - Réf. 70028462,Fournitures client - Autres,Yes,,https://media.adeo.com/marketplace/LMFR/70028462/00000000000070028462_01c_FR_CF.avif,,,,,,,No,,,,No,,,,
Liteau sapin traité 25x40 mm L.4 m – Réf. 70028231,,,,,,,,,,Yes,0.00,,No,,No,,,,,,No,,,LM-70028231,,,À fournir par le client - Leroy Merlin - Réf. 70028231,Fournitures client - Autres,Yes,,https://media.adeo.com/marketplace/LMFR/70028231/00000000000070028231_01c_FR_CF.avif,,,,,,,No,,,,No,,,,
Madrier sapin traité 75x225 mm L.6 m – Réf. 70028364,,,,,,,,,,Yes,0.00,,No,,No,,,,,,No,,,LM-70028364,,,À fournir par le client - Leroy Merlin - Réf. 70028364,Fournitures client - Bois / Panneaux,Yes,,https://media.adeo.com/marketplace/LMFR/70028364/00000000000070028364_01c_FR_CF.avif,,,,,,,No,,,,No,,,,
Lambourde sapin traité raboté 34x55 mm L.4 m classe 3 – Réf. 70028070,,,,,,,,,,Yes,0.00,,No,,No,,,,,,No,,,LM-70028070,,,À fournir par le client - Leroy Merlin - Réf. 70028070,Fournitures client - Bois / Panneaux,Yes,,https://media.adeo.com/marketplace/LMFR/70028070/00000000000070028070_01c_FR_CF.avif,,,,,,,No,,,,No,,,,
Poutre sapin épicéa traité raboté 145x145 mm L.3 m réf 67594961 – Réf. 67594961,,,,,,,,,,Yes,0.00,,No,,No,,,,,,No,,,LM-67594961,,,À fournir par le client - Leroy Merlin - Réf. 67594961,Fournitures client - Autres,Yes,,https://media.adeo.com/marketplace/LMFR/67594961/00000000000067594961_01c_FR_CF.avif,,,,,,,No,,,,No,,,,
Solivette sapin traité 32x175 mm L.3 m – Réf. 70028490,,,,,,,,,,Yes,0.00,,No,,No,,,,,,No,,,LM-70028490,,,À fournir par le client - Leroy Merlin - Réf. 70028490,Fournitures client - Autres,Yes,,https://media.adeo.com/marketplace/LMFR/70028490/00000000000070028490_01c_FR_CF.avif,,,,,,,No,,,,No,,,,
Solivette sapin traité 32x175 mm L.4 m – Réf. 70028714,,,,,,,,,,Yes,0.00,,No,,No,,,,,,No,,,LM-70028714,,,À fournir par le client - Leroy Merlin - Réf. 70028714,Fournitures client - Autres,Yes,,https://media.adeo.com/marketplace/LMFR/70028714/00000000000070028714_01c_FR_CF.avif,,,,,,,No,,,,No,,,,
Chevron sapin épicéa traité 50x70 mm L.3 m réf 67005365 – Réf. 67005365,,,,,,,,,,Yes,0.00,,No,,No,,,,,,No,,,LM-67005365,,,À fournir par le client - Leroy Merlin - Réf. 67005365,Fournitures client - Autres,Yes,,https://media.adeo.com/marketplace/LMFR/67005365/00000000000067005365_01c_FR_CF.avif,,,,,,,No,,,,No,,,,
Solivette sapin épicéa traité 32x175 mm L.3 m réf 67014591 – Réf. 67014591,,,,,,,,,,Yes,0.00,,No,,No,,,,,,No,,,LM-67014591,,,À fournir par le client - Leroy Merlin - Réf. 67014591,Fournitures client - Autres,Yes,,https://media.adeo.com/marketplace/LMFR/67014591/00000000000067014591_01c_FR_CF.avif,,,,,,,No,,,,No,,,,
Chevron sapin épicéa traité 63x75 mm L.2.5 m – Réf. 67013653,,,,,,,,,,Yes,0.00,,No,,No,,,,,,No,,,LM-67013653,,,À fournir par le client - Leroy Merlin - Réf. 67013653,Fournitures client - Autres,Yes,,https://media.adeo.com/marketplace/LMFR/67013653/00000000000067013653_01c_FR_CF.avif,,,,,,,No,,,,No,,,,
Bastaing sapin épicéa traité 63x175 mm L.6 m réf 67006296 – Réf. 67006296,,,,,,,,,,Yes,0.00,,No,,No,,,,,,No,,,LM-67006296,,,À fournir par le client - Leroy Merlin - Réf. 67006296,Fournitures client - Autres,Yes,,https://media.adeo.com/marketplace/LMFR/67006296/00000000000067006296_01c_FR_CF.avif,,,,,,,No,,,,No,,,,
Madrier sapin épicéa traité 75x225 mm L.5 m – Réf. 67005855,,,,,,,,,,Yes,0.00,,No,,No,,,,,,No,,,LM-67005855,,,À fournir par le client - Leroy Merlin - Réf. 67005855,Fournitures client - Bois / Panneaux,Yes,,https://media.adeo.com/marketplace/LMFR/67005855/00000000000067005855_01c_FR_CF.avif,,,,,,,No,,,,No,,,,
Chevron sapin traité 63x75 mm L.6 m – Réf. 70027972,,,,,,,,,,Yes,0.00,,No,,No,,,,,,No,,,LM-70027972,,,À fournir par le client - Leroy Merlin - Réf. 70027972,Fournitures client - Autres,Yes,,https://media.adeo.com/marketplace/LMFR/70027972/00000000000070027972_01c_FR_CF.avif,,,,,,,No,,,,No,,,,
Liteau sapin épicéa traité 38x40 mm L.3 m réf 67005603 – Réf. 67005603,,,,,,,,,,Yes,0.00,,No,,No,,,,,,No,,,LM-67005603,,,À fournir par le client - Leroy Merlin - Réf. 67005603,Fournitures client - Autres,Yes,,https://media.adeo.com/marketplace/LMFR/67005603/00000000000067005603_01c_FR_CF.avif,,,,,,,No,,,,No,,,,
Poutre sapin épicéa traité 150x150 mm L.3 m choix 1 – Réf. 67006681,,,,,,,,,,Yes,0.00,,No,,No,,,,,,No,,,LM-67006681,,,À fournir par le client - Leroy Merlin - Réf. 67006681,Fournitures client - Autres,Yes,,https://media.adeo.com/marketplace/LMFR/67006681/00000000000067006681_01c_FR_CF.avif,,,,,,,No,,,,No,,,,
Solivette sapin épicéa traité 32x160 mm L.3 m réf 67014514 – Réf. 67014514,,,,,,,,,,Yes,0.00,,No,,No,,,,,,No,,,LM-67014514,,,À fournir par le client - Leroy Merlin - Réf. 67014514,Fournitures client - Autres,Yes,,https://media.adeo.com/marketplace/LMFR/67014514/00000000000067014514_01c_FR_CF.avif,,,,,,,No,,,,No,,,,
Liteau sapin épicéa traité 38x40 mm L.4 m réf 67005400 – Réf. 67005400,,,,,,,,,,Yes,0.00,,No,,No,,,,,,No,,,LM-67005400,,,À fournir par le client - Leroy Merlin - Réf. 67005400,Fournitures client - Autres,Yes,,https://media.adeo.com/marketplace/LMFR/67005400/00000000000067005400_01c_FR_CF.avif,,,,,,,No,,,,No,,,,
Gaine ICTA Ø20 mm L.100 m réf 70413791 – Réf. 70413791,,,,,,,,,,Yes,0.00,,No,,No,,,,,,No,,,LM-70413791,,,À fournir par le client - Leroy Merlin - Réf. 70413791,Fournitures client - Électricité,Yes,,https://media.adeo.com/marketplace/LMFR/70413791/00000000000070413791_01c_FR_CF.avif,,,,,,,No,,,,No,,,,
Gaine ICTA Ø32 mm L.10 m – Réf. 62900733,,,,,,,,,,Yes,0.00,,No,,No,,,,,,No,,,LM-62900733,,,À fournir par le client - Leroy Merlin - Réf. 62900733,Fournitures client - Électricité,Yes,,https://media.adeo.com/marketplace/LMFR/62900733/00000000000062900733_01c_FR_CF.avif,,,,,,,No,,,,No,,,,
Gaine ICTA Ø16 mm L.5 m réf 62900131 – Réf. 62900131,,,,,,,,,,Yes,0.00,,No,,No,,,,,,No,,,LM-62900131,,,À fournir par le client - Leroy Merlin - Réf. 62900131,Fournitures client - Électricité,Yes,,https://media.adeo.com/marketplace/LMFR/62900131/00000000000062900131_01c_FR_CF.avif,,,,,,,No,,,,No,,,,
Gaine ICTA Ø32 mm L.50 m – Réf. 62900873,,,,,,,,,,Yes,0.00,,No,,No,,,,,,No,,,LM-62900873,,,À fournir par le client - Leroy Merlin - Réf. 62900873,Fournitures client - Électricité,Yes,,https://media.adeo.com/marketplace/LMFR/62900873/00000000000062900873_01c_FR_CF.avif,,,,,,,No,,,,No,,,,
Gaine ICTA Ø20 mm L.5 m – Réf. 62900355,,,,,,,,,,Yes,0.00,,No,,No,,,,,,No,,,LM-62900355,,,À fournir par le client - Leroy Merlin - Réf. 62900355,Fournitures client - Électricité,Yes,,https://media.adeo.com/marketplace/LMFR/62900355/00000000000062900355_01c_FR_CF.avif,,,,,,,No,,,,No,,,,
Gaine ICTA Ø25 mm L.25 m – Réf. 82857324,,,,,,,,,,Yes,0.00,,No,,No,,,,,,No,,,LM-82857324,,,À fournir par le client - Leroy Merlin - Réf. 82857324,Fournitures client - Électricité,Yes,,https://media.adeo.com/marketplace/LMFR/82857324/00000000000082857324_01c_FR_CF.avif,,,,,,,No,,,,No,,,,
Gaine ICTA Ø25 mm L.50 m – Réf. 82857326,,,,,,,,,,Yes,0.00,,No,,No,,,,,,No,,,LM-82857326,,,À fournir par le client - Leroy Merlin - Réf. 82857326,Fournitures client - Électricité,Yes,,https://media.adeo.com/marketplace/LMFR/82857326/00000000000082857326_01c_FR_CF.avif,,,,,,,No,,,,No,,,,
Gaine ICTA Ø16 mm L.50 m – Réf. 82857313,,,,,,,,,,Yes,0.00,,No,,No,,,,,,No,,,LM-82857313,,,À fournir par le client - Leroy Merlin - Réf. 82857313,Fournitures client - Électricité,Yes,,https://media.adeo.com/marketplace/LMFR/82857313/00000000000082857313_01c_FR_CF.avif,,,,,,,No,,,,No,,,,
Gaine ICTA Ø16 mm L.100 m réf 70413784 – Réf. 70413784,,,,,,,,,,Yes,0.00,,No,,No,,,,,,No,,,LM-70413784,,,À fournir par le client - Leroy Merlin - Réf. 70413784,Fournitures client - Électricité,Yes,,https://media.adeo.com/marketplace/LMFR/70413784/00000000000070413784_01c_FR_CF.avif,,,,,,,No,,,,No,,,,
Gaine ICTA Ø20 mm L.25 m réf 70350266 – Réf. 70350266,,,,,,,,,,Yes,0.00,,No,,No,,,,,,No,,,LM-70350266,,,À fournir par le client - Leroy Merlin - Réf. 70350266,Fournitures client - Électricité,Yes,,https://media.adeo.com/marketplace/LMFR/70350266/00000000000070350266_01c_FR_CF.avif,,,,,,,No,,,,No,,,,
Gaine ICTA Ø20 mm L.50 m réf 70350301 – Réf. 70350301,,,,,,,,,,Yes,0.00,,No,,No,,,,,,No,,,LM-70350301,,,À fournir par le client - Leroy Merlin - Réf. 70350301,Fournitures client - Électricité,Yes,,https://media.adeo.com/marketplace/LMFR/70350301/00000000000070350301_01c_FR_CF.avif,,,,,,,No,,,,No,,,,
Gaine ICTA Ø25 mm L.5 m – Réf. 82857322,,,,,,,,,,Yes,0.00,,No,,No,,,,,,No,,,LM-82857322,,,À fournir par le client - Leroy Merlin - Réf. 82857322,Fournitures client - Électricité,Yes,,https://media.adeo.com/marketplace/LMFR/82857322/00000000000082857322_01c_FR_CF.avif,,,,,,,No,,,,No,,,,
Assortiment 100 bornes WAGO rigide 2.5 mm² – Réf. 70280455,,,,,,,,,,Yes,0.00,,No,,No,,,,,,No,,,LM-70280455,,,À fournir par le client - Leroy Merlin - Réf. 70280455,Fournitures client - Électricité,Yes,,https://media.adeo.com/marketplace/LMFR/70280455/00000000000070280455_01c_FR_CF.avif,,,,,,,No,,,,No,,,,
Assortiment bornes WAGO 2.5 mm² réf 82754517 – Réf. 82754517,,,,,,,,,,Yes,0.00,,No,,No,,,,,,No,,,LM-82754517,,,À fournir par le client - Leroy Merlin - Réf. 82754517,Fournitures client - Électricité,Yes,,https://media.adeo.com/marketplace/LMFR/82754517/00000000000082754517_01c_FR_CF.avif,,,,,,,No,,,,No,,,,
Mastic murs et fissures blanc 280 ml – Réf. 90201987,,,,,,,,,,Yes,0.00,,No,,No,,,,,,No,,,LM-90201987,,,À fournir par le client - Leroy Merlin - Réf. 90201987,Fournitures client - Autres,Yes,,https://media.adeo.com/marketplace/LMFR/90201987/00000000000090201987_01c_FR_CF.avif,,,,,,,No,,,,No,,,,
Lot 2 mastics murs et fenêtres AXTON blanc 280 ml – Réf. 90202018,,,,,,,,,,Yes,0.00,,No,,No,,,,,,No,,,LM-90202018,,,À fournir par le client - Leroy Merlin - Réf. 90202018,Fournitures client - Autres,Yes,,https://media.adeo.com/marketplace/LMFR/90202018/00000000000090202018_01c_FR_CF.avif,,,,,,,No,,,,No,,,,
Mastic murs et fenêtres AXTON blanc 280 ml – Réf. 90202000,,,,,,,,,,Yes,0.00,,No,,No,,,,,,No,,,LM-90202000,,,À fournir par le client - Leroy Merlin - Réf. 90202000,Fournitures client - Autres,Yes,,https://media.adeo.com/marketplace/LMFR/90202000/00000000000090202000_01c_FR_CF.avif,,,,,,,No,,,,No,,,,
Lot 3 mastics murs et fenêtres RUBSON blanc 280 ml – Réf. 69963131,,,,,,,,,,Yes,0.00,,No,,No,,,,,,No,,,LM-69963131,,,À fournir par le client - Leroy Merlin - Réf. 69963131,Fournitures client - Autres,Yes,,https://media.adeo.com/marketplace/LMFR/69963131/00000000000069963131_01c_FR_CF.avif,,,,,,,No,,,,No,,,,
Joint finition acrylique AXTON chêne moyen 280 ml – Réf. 90201966,,,,,,,,,,Yes,0.00,,No,,No,,,,,,No,,,LM-90201966,,,À fournir par le client - Leroy Merlin - Réf. 90201966,Fournitures client - Autres,Yes,,https://media.adeo.com/marketplace/LMFR/90201966/00000000000090201966_01c_FR_CF.avif,,,,,,,No,,,,No,,,,
Mastic bois et parquet AXTON chêne clair 280 ml – Réf. 90201957,,,,,,,,,,Yes,0.00,,No,,No,,,,,,No,,,LM-90201957,,,À fournir par le client - Leroy Merlin - Réf. 90201957,Fournitures client - Autres,Yes,,https://media.adeo.com/marketplace/LMFR/90201957/00000000000090201957_01c_FR_CF.avif,,,,,,,No,,,,No,,,,
Mastic bois et parquet AXTON blanc 280 ml – Réf. 90318765,,,,,,,,,,Yes,0.00,,No,,No,,,,,,No,,,LM-90318765,,,À fournir par le client - Leroy Merlin - Réf. 90318765,Fournitures client - Autres,Yes,,https://media.adeo.com/marketplace/LMFR/90318765/00000000000090318765_01c_FR_CF.avif,,,,,,,No,,,,No,,,,
Mastic bois et parquet AXTON chêne moyen 280 ml – Réf. 90202023,,,,,,,,,,Yes,0.00,,No,,No,,,,,,No,,,LM-90202023,,,À fournir par le client - Leroy Merlin - Réf. 90202023,Fournitures client - Autres,Yes,,https://media.adeo.com/marketplace/LMFR/90202023/00000000000090202023_01c_FR_CF.avif,,,,,,,No,,,,No,,,,
Joint finition acrylique AXTON blanc 280 ml – Réf. 90202030,,,,,,,,,,Yes,0.00,,No,,No,,,,,,No,,,LM-90202030,,,À fournir par le client - Leroy Merlin - Réf. 90202030,Fournitures client - Autres,Yes,,https://media.adeo.com/marketplace/LMFR/90202030/00000000000090202030_01c_FR_CF.avif,,,,,,,No,,,,No,,,,
Mastic murs et fenêtres intérieur AXTON blanc 280 ml – Réf. 90202033,,,,,,,,,,Yes,0.00,,No,,No,,,,,,No,,,LM-90202033,,,À fournir par le client - Leroy Merlin - Réf. 90202033,Fournitures client - Autres,Yes,,https://media.adeo.com/marketplace/LMFR/90202033/00000000000090202033_01c_FR_CF.avif,,,,,,,No,,,,No,,,,
Mastic joint finition PATTEX chêne clair 280 ml – Réf. 83242416,,,,,,,,,,Yes,0.00,,No,,No,,,,,,No,,,LM-83242416,,,À fournir par le client - Leroy Merlin - Réf. 83242416,Fournitures client - Autres,Yes,,https://media.adeo.com/marketplace/LMFR/83242416/00000000000083242416_01c_FR_CF.avif,,,,,,,No,,,,No,,,,
Mastic joint finition PATTEX blanc 280 ml – Réf. 83242422,,,,,,,,,,Yes,0.00,,No,,No,,,,,,No,,,LM-83242422,,,À fournir par le client - Leroy Merlin - Réf. 83242422,Fournitures client - Autres,Yes,,https://media.adeo.com/marketplace/LMFR/83242422/00000000000083242422_01c_FR_CF.avif,,,,,,,No,,,,No,,,,
Mastic maçonnerie blanc 280 ml – Réf. 90201970,,,,,,,,,,Yes,0.00,,No,,No,,,,,,No,,,LM-90201970,,,À fournir par le client - Leroy Merlin - Réf. 90201970,Fournitures client - Autres,Yes,,https://media.adeo.com/marketplace/LMFR/90201970/00000000000090201970_01c_FR_CF.avif,,,,,,,No,,,,No,,,,
Mastic murs et fenêtres PVC AXTON blanc 280 ml – Réf. 90304375,,,,,,,,,,Yes,0.00,,No,,No,,,,,,No,,,LM-90304375,,,À fournir par le client - Leroy Merlin - Réf. 90304375,Fournitures client - Autres,Yes,,https://media.adeo.com/marketplace/LMFR/90304375/00000000000090304375_01c_FR_CF.avif,,,,,,,No,,,,No,,,,
Mastic bois et parquet RUBSON blanc 280 ml – Réf. 82751510,,,,,,,,,,Yes,0.00,,No,,No,,,,,,No,,,LM-82751510,,,À fournir par le client - Leroy Merlin - Réf. 82751510,Fournitures client - Autres,Yes,,https://media.adeo.com/marketplace/LMFR/82751510/00000000000082751510_01c_FR_CF.avif,,,,,,,No,,,,No,,,,
Mastic joint finition PATTEX chêne moyen 280 ml – Réf. 83242418,,,,,,,,,,Yes,0.00,,No,,No,,,,,,No,,,LM-83242418,,,À fournir par le client - Leroy Merlin - Réf. 83242418,Fournitures client - Autres,Yes,,https://media.adeo.com/marketplace/LMFR/83242418/00000000000083242418_01c_FR_CF.avif,,,,,,,No,,,,No,,,,
Mastic murs et fenêtres RUBSON gris 280 ml – Réf. 69963124,,,,,,,,,,Yes,0.00,,No,,No,,,,,,No,,,LM-69963124,,,À fournir par le client - Leroy Merlin - Réf. 69963124,Fournitures client - Autres,Yes,,https://media.adeo.com/media/5592067/media.png?fit=bounds&format=jpg&height=1000&quality=80&width=1000,,,,,,,No,,,,No,,,,
Mastic murs et fenêtres AXTON gris 280 ml – Réf. 90201979,,,,,,,,,,Yes,0.00,,No,,No,,,,,,No,,,LM-90201979,,,À fournir par le client - Leroy Merlin - Réf. 90201979,Fournitures client - Autres,Yes,,https://media.adeo.com/media/4122816/media.png?fit=bounds&format=jpg&height=1000&quality=80&width=1000,,,,,,,No,,,,No,,,,
Mastic bois et parquet RUBSON chêne moyen 280 ml – Réf. 69963152,,,,,,,,,,Yes,0.00,,No,,No,,,,,,No,,,LM-69963152,,,À fournir par le client - Leroy Merlin - Réf. 69963152,Fournitures client - Autres,Yes,,https://media.adeo.com/media/5592126/media.png?fit=bounds&format=jpg&height=1000&quality=80&width=1000,,,,,,,No,,,,No,,,,
Mastic bois et parquet RUBSON chêne clair 280 ml – Réf. 69963145,,,,,,,,,,Yes,0.00,,No,,No,,,,,,No,,,LM-69963145,,,À fournir par le client - Leroy Merlin - Réf. 69963145,Fournitures client - Autres,Yes,,https://media.adeo.com/media/5592113/media.png?fit=bounds&format=jpg&height=1000&quality=80&width=1000,,,,,,,No,,,,No,,,,
Mastic joint finition PATTEX gris clair 280 ml – Réf. 83242423,,,,,,,,,,Yes,0.00,,No,,No,,,,,,No,,,LM-83242423,,,À fournir par le client - Leroy Merlin - Réf. 83242423,Fournitures client - Autres,Yes,,https://media.adeo.com/marketplace/LMFR/83242423/00000000000083242423_01c_FR_CF.avif,,,,,,,No,,,,No,,,,
Mastic bois et parquet RUBSON gris clair 280 ml – Réf. 69963180,,,,,,,,,,Yes,0.00,,No,,No,,,,,,No,,,LM-69963180,,,À fournir par le client - Leroy Merlin - Réf. 69963180,Fournitures client - Autres,Yes,,https://media.adeo.com/marketplace/LMFR/69963180/00000000000069963180_01c_FR_CF.avif,,,,,,,No,,,,No,,,,
Mastic bois et parquet AXTON chêne foncé 280 ml – Réf. 90201943,,,,,,,,,,Yes,0.00,,No,,No,,,,,,No,,,LM-90201943,,,À fournir par le client - Leroy Merlin - Réf. 90201943,Fournitures client - Autres,Yes,,https://media.adeo.com/marketplace/LMFR/90201943/00000000000090201943_01c_FR_CF.avif,,,,,,,No,,,,No,,,,
Mastic peintre plaquiste RUBSON AP30 blanc 300 ml – Réf. 82751497,,,,,,,,,,Yes,0.00,,No,,No,,,,,,No,,,LM-82751497,,,À fournir par le client - Leroy Merlin - Réf. 82751497,Fournitures client - Autres,Yes,,https://media.adeo.com/marketplace/LMFR/82751497/00000000000082751497_01c_FR_CF.avif,,,,,,,No,,,,No,,,,
Joint finition acrylique AXTON chêne clair 280 ml – Réf. 90201941,,,,,,,,,,Yes,0.00,,No,,No,,,,,,No,,,LM-90201941,,,À fournir par le client - Leroy Merlin - Réf. 90201941,Fournitures client - Autres,Yes,,https://media.adeo.com/media/4122828/media.png?fit=bounds&format=jpg&height=1000&quality=80&width=1000,,,,,,,No,,,,No,,,,
Mastic joint finition PATTEX chêne 280 ml – Réf. 83242420,,,,,,,,,,Yes,0.00,,No,,No,,,,,,No,,,LM-83242420,,,À fournir par le client - Leroy Merlin - Réf. 83242420,Fournitures client - Autres,Yes,,https://media.adeo.com/marketplace/LMFR/83242420/00000000000083242420_01c_FR_CF.avif,,,,,,,No,,,,No,,,,
Mastic murs et fenêtres AXTON pierre 280 ml – Réf. 90201951,,,,,,,,,,Yes,0.00,,No,,No,,,,,,No,,,LM-90201951,,,À fournir par le client - Leroy Merlin - Réf. 90201951,Fournitures client - Autres,Yes,,https://media.adeo.com/media/4122794/media.png?fit=bounds&format=jpg&height=1000&quality=80&width=1000,,,,,,,No,,,,No,,,,
Mastic façade effet crépi RUBSON beige 280 ml – Réf. 69963201,,,,,,,,,,Yes,0.00,,No,,No,,,,,,No,,,LM-69963201,,,À fournir par le client - Leroy Merlin - Réf. 69963201,Fournitures client - Autres,Yes,,https://media.adeo.com/media/3894625/media.jpg?fit=bounds&format=jpg&height=1000&quality=80&width=1000,,,,,,,No,,,,No,,,,
Lot 3 mastics SOUDAL blanc 840 ml – Réf. 94872547,,,,,,,,,,Yes,0.00,,No,,No,,,,,,No,,,LM-94872547,,,À fournir par le client - Leroy Merlin - Réf. 94872547,Fournitures client - Autres,Yes,,https://media.adeo.com/marketplace/LMFR/94872547/00000000000094872547_01c_FR_CF.avif,,,,,,,No,,,,No,,,,
Mastic joint finition PATTEX gris foncé 280 ml – Réf. 83242424,,,,,,,,,,Yes,0.00,,No,,No,,,,,,No,,,LM-83242424,,,À fournir par le client - Leroy Merlin - Réf. 83242424,Fournitures client - Autres,Yes,,https://media.adeo.com/marketplace/LMFR/83242424/00000000000083242424_01c_FR_CF.avif,,,,,,,No,,,,No,,,,
Mastic joint finition PATTEX gris 280 ml – Réf. 83242421,,,,,,,,,,Yes,0.00,,No,,No,,,,,,No,,,LM-83242421,,,À fournir par le client - Leroy Merlin - Réf. 83242421,Fournitures client - Autres,Yes,,https://media.adeo.com/marketplace/LMFR/83242421/00000000000083242421_01c_FR_CF.avif,,,,,,,No,,,,No,,,,
Mastic SOUDAL blanc 280 ml – Réf. 83185611,,,,,,,,,,Yes,0.00,,No,,No,,,,,,No,,,LM-83185611,,,À fournir par le client - Leroy Merlin - Réf. 83185611,Fournitures client - Autres,Yes,,https://media.adeo.com/marketplace/LMFR/83185611/00000000000083185611_01c_FR_CF.avif,,,,,,,No,,,,No,,,,
Mastic bois et parquet RUBSON gris 280 ml – Réf. 69963166,,,,,,,,,,Yes,0.00,,No,,No,,,,,,No,,,LM-69963166,,,À fournir par le client - Leroy Merlin - Réf. 69963166,Fournitures client - Autres,Yes,,https://media.adeo.com/marketplace/LMFR/69963166/00000000000069963166_01c_FR_CF.avif,,,,,,,No,,,,No,,,,
Mastic silicone AXTON blanc 280 ml – Réf. 90201964,,,,,,,,,,Yes,0.00,,No,,No,,,,,,No,,,LM-90201964,,,À fournir par le client - Leroy Merlin - Réf. 90201964,Fournitures client - Autres,Yes,,https://media.adeo.com/marketplace/LMFR/90201964/00000000000090201964_01c_FR_CF.avif,,,,,,,No,,,,No,,,,
Mastic silicone neutre AXTON transparent 280 ml – Réf. 90201953,,,,,,,,,,Yes,0.00,,No,,No,,,,,,No,,,LM-90201953,,,À fournir par le client - Leroy Merlin - Réf. 90201953,Fournitures client - Autres,Yes,,https://media.adeo.com/media/4258441/media.png?fit=bounds&format=jpg&height=1000&quality=80&width=1000,,,,,,,No,,,,No,,,,
Vis bois STANDERS 5x80 - boîte 200 – Réf. 87401797,,,,,,,,,,Yes,0.00,,No,,No,,,,,,No,,,LM-87401797,,,À fournir par le client - Leroy Merlin - Réf. 87401797,Fournitures client - Fixation / Visserie,Yes,,https://media.adeo.com/marketplace/LMFR/87401797/00000000000087401797_01c_FR_CF.avif,,,,,,,No,,,,No,,,,
Vis bois STANDERS Ttap 4x60 - boîte 100 – Réf. 82184782,,,,,,,,,,Yes,0.00,,No,,No,,,,,,No,,,LM-82184782,,,À fournir par le client - Leroy Merlin - Réf. 82184782,Fournitures client - Fixation / Visserie,Yes,,https://media.adeo.com/marketplace/LMFR/82184782/00000000000082184782_01c_FR_CF.avif,,,,,,,No,,,,No,,,,
Vis bois STANDERS Ttap 5x60 - boîte 70 – Réf. 82184785,,,,,,,,,,Yes,0.00,,No,,No,,,,,,No,,,LM-82184785,,,À fournir par le client - Leroy Merlin - Réf. 82184785,Fournitures client - Fixation / Visserie,Yes,,https://media.adeo.com/marketplace/LMFR/82184785/00000000000082184785_01c_FR_CF.avif,,,,,,,No,,,,No,,,,
Vis terrasse inox STANDERS Torx 5x60 - boîte 1000 – Réf. 91850378,,,,,,,,,,Yes,0.00,,No,,No,,,,,,No,,,LM-91850378,,,À fournir par le client - Leroy Merlin - Réf. 91850378,Fournitures client - Fixation / Visserie,Yes,,https://media.adeo.com/marketplace/LMFR/91850378/00000000000091850378_01c_FR_CF.avif,,,,,,,No,,,,No,,,,
Vis bois STANDERS 5x70 - boîte 60 – Réf. 82231863,,,,,,,,,,Yes,0.00,,No,,No,,,,,,No,,,LM-82231863,,,À fournir par le client - Leroy Merlin - Réf. 82231863,Fournitures client - Fixation / Visserie,Yes,,https://media.adeo.com/marketplace/LMFR/82231863/00000000000082231863_01c_FR_CF.avif,,,,,,,No,,,,No,,,,
Vis acier STANDERS Torx 6x30 - lot 8 – Réf. 87401381,,,,,,,,,,Yes,0.00,,No,,No,,,,,,No,,,LM-87401381,,,À fournir par le client - Leroy Merlin - Réf. 87401381,Fournitures client - Fixation / Visserie,Yes,,https://media.adeo.com/marketplace/LMFR/87401381/00000000000087401381_01c_FR_CF.avif,,,,,,,No,,,,No,,,,
Vis bois STANDERS Ttap 6x90 - boîte 30 – Réf. 82184792,,,,,,,,,,Yes,0.00,,No,,No,,,,,,No,,,LM-82184792,,,À fournir par le client - Leroy Merlin - Réf. 82184792,Fournitures client - Fixation / Visserie,Yes,,https://media.adeo.com/marketplace/LMFR/82184792/00000000000082184792_01c_FR_CF.avif,,,,,,,No,,,,No,,,,
Vis acier STANDERS tête ronde 4x20 - lot 35 – Réf. 82231897,,,,,,,,,,Yes,0.00,,No,,No,,,,,,No,,,LM-82231897,,,À fournir par le client - Leroy Merlin - Réf. 82231897,Fournitures client - Fixation / Visserie,Yes,,https://media.adeo.com/marketplace/LMFR/82231897/00000000000082231897_01c_FR_CF.avif,,,,,,,No,,,,No,,,,
Vis acier STANDERS 4x16 - lot 35 – Réf. 82231803,,,,,,,,,,Yes,0.00,,No,,No,,,,,,No,,,LM-82231803,,,À fournir par le client - Leroy Merlin - Réf. 82231803,Fournitures client - Fixation / Visserie,Yes,,https://media.adeo.com/marketplace/LMFR/82231803/00000000000082231803_01c_FR_CF.avif,,,,,,,No,,,,No,,,,
Vis bois STANDERS Ttap 6x120 - lot 6 – Réf. 82184777,,,,,,,,,,Yes,0.00,,No,,No,,,,,,No,,,LM-82184777,,,À fournir par le client - Leroy Merlin - Réf. 82184777,Fournitures client - Fixation / Visserie,Yes,,https://media.adeo.com/marketplace/LMFR/82184777/00000000000082184777_01c_FR_CF.avif,,,,,,,No,,,,No,,,,
Vis bois STANDERS Ttap 6x100 - boîte 150 – Réf. 82184811,,,,,,,,,,Yes,0.00,,No,,No,,,,,,No,,,LM-82184811,,,À fournir par le client - Leroy Merlin - Réf. 82184811,Fournitures client - Fixation / Visserie,Yes,,https://media.adeo.com/marketplace/LMFR/82184811/00000000000082184811_01c_FR_CF.avif,,,,,,,No,,,,No,,,,
Consommable peinture / préparation – Réf. 17235386,,,,,,,,,,Yes,0.00,,No,,No,,,,,,No,,,LM-17235386,,,À fournir par le client - Leroy Merlin - Réf. 17235386,Fournitures client - Peinture / Enduit,Yes,,https://media.adeo.com/marketplace/LMFR/17235386/00000000000017235386_01c_FR_CF.avif,,,,,,,No,,,,No,,,,
Vis SPAX tête ronde Ø6x30 - lot 20 – Réf. 17860864,,,,,,,,,,Yes,0.00,,No,,No,,,,,,No,,,LM-17860864,,,À fournir par le client - Leroy Merlin - Réf. 17860864,Fournitures client - Fixation / Visserie,Yes,,https://media.adeo.com/marketplace/LMFR/17860864/00000000000017860864_01c_FR_CF.avif,,,,,,,No,,,,No,,,,
Tige filetée SUKI acier zingué M10x1000 – Réf. 35737030,,,,,,,,,,Yes,0.00,,No,,No,,,,,,No,,,LM-35737030,,,À fournir par le client - Leroy Merlin - Réf. 35737030,Fournitures client - Fixation / Visserie,Yes,,https://media.adeo.com/marketplace/LMFR/35737030/00000000000035737030_01c_FR_CF.avif,,,,,,,No,,,,No,,,,
Tige filetée SUKI acier zingué M20x1000 – Réf. 35763784,,,,,,,,,,Yes,0.00,,No,,No,,,,,,No,,,LM-35763784,,,À fournir par le client - Leroy Merlin - Réf. 35763784,Fournitures client - Fixation / Visserie,Yes,,https://media.adeo.com/marketplace/LMFR/35763784/00000000000035763784_01c_FR_CF.avif,,,,,,,No,,,,No,,,,
Mortier prise rapide PRB 25 kg – Réf. 62227781,,,,,,,,,,Yes,0.00,,No,,No,,,,,,No,,,LM-62227781,,,À fournir par le client - Leroy Merlin - Réf. 62227781,Fournitures client - Électricité,Yes,,https://media.adeo.com/marketplace/LMFR/62227781/00000000000062227781_01c_FR_CF.avif,,,,,,,No,,,,No,,,,
Mortier colle béton cellulaire PRB 10 kg – Réf. 62227900,,,,,,,,,,Yes,0.00,,No,,No,,,,,,No,,,LM-62227900,,,À fournir par le client - Leroy Merlin - Réf. 62227900,Fournitures client - Maçonnerie,Yes,,https://media.adeo.com/marketplace/LMFR/62227900/00000000000062227900_01c_FR_CF.avif,,,,,,,No,,,,No,,,,
Mortier colle blanc PRB 25 kg – Réf. 62227921,,,,,,,,,,Yes,0.00,,No,,No,,,,,,No,,,LM-62227921,,,À fournir par le client - Leroy Merlin - Réf. 62227921,Fournitures client - Maçonnerie,Yes,,https://media.adeo.com/marketplace/LMFR/62227921/00000000000062227921_01c_FR_CF.avif,,,,,,,No,,,,No,,,,
Mortier imperméabilisation PRB 20 kg – Réf. 62227956,,,,,,,,,,Yes,0.00,,No,,No,,,,,,No,,,LM-62227956,,,À fournir par le client - Leroy Merlin - Réf. 62227956,Fournitures client - Maçonnerie,Yes,,https://media.adeo.com/marketplace/LMFR/62227956/00000000000062227956_01c_FR_CF.avif,,,,,,,No,,,,No,,,,
Vis SPAX Pozidriv Ø3.5x16 - lot 100 – Réf. 63278656,,,,,,,,,,Yes,0.00,,No,,No,,,,,,No,,,LM-63278656,,,À fournir par le client - Leroy Merlin - Réf. 63278656,Fournitures client - Fixation / Visserie,Yes,,https://media.adeo.com/marketplace/LMFR/63278656/00000000000063278656_01c_FR_CF.avif,,,,,,,No,,,,No,,,,
Vis SPAX Pozidriv Ø4x25 - lot 100 – Réf. 63278782,,,,,,,,,,Yes,0.00,,No,,No,,,,,,No,,,LM-63278782,,,À fournir par le client - Leroy Merlin - Réf. 63278782,Fournitures client - Fixation / Visserie,Yes,,https://media.adeo.com/marketplace/LMFR/63278782/00000000000063278782_01c_FR_CF.avif,,,,,,,No,,,,No,,,,
Visserie / boulonnerie / fixation – Réf. 63278831,,,,,,,,,,Yes,0.00,,No,,No,,,,,,No,,,LM-63278831,,,À fournir par le client - Leroy Merlin - Réf. 63278831,Fournitures client - Autres,Yes,,https://media.adeo.com/marketplace/LMFR/63278831/00000000000063278831_01c_FR_CF.avif,,,,,,,No,,,,No,,,,
Vis SPAX tête ronde Ø3.5x12 - lot 100 – Réf. 63279622,,,,,,,,,,Yes,0.00,,No,,No,,,,,,No,,,LM-63279622,,,À fournir par le client - Leroy Merlin - Réf. 63279622,Fournitures client - Fixation / Visserie,Yes,,https://media.adeo.com/marketplace/LMFR/63279622/00000000000063279622_01c_FR_CF.avif,,,,,,,No,,,,No,,,,
Vis SPAX tête ronde Ø4x16 - lot 100 – Réf. 63279664,,,,,,,,,,Yes,0.00,,No,,No,,,,,,No,,,LM-63279664,,,À fournir par le client - Leroy Merlin - Réf. 63279664,Fournitures client - Fixation / Visserie,Yes,,https://media.adeo.com/marketplace/LMFR/63279664/00000000000063279664_01c_FR_CF.avif,,,,,,,No,,,,No,,,,
Vis SPAX tête ronde Ø4x20 - lot 100 – Réf. 63279671,,,,,,,,,,Yes,0.00,,No,,No,,,,,,No,,,LM-63279671,,,À fournir par le client - Leroy Merlin - Réf. 63279671,Fournitures client - Fixation / Visserie,Yes,,https://media.adeo.com/marketplace/LMFR/63279671/00000000000063279671_01c_FR_CF.avif,,,,,,,No,,,,No,,,,
Vis SPAX tête ronde Ø5x25 - lot 50 – Réf. 63279720,,,,,,,,,,Yes,0.00,,No,,No,,,,,,No,,,LM-63279720,,,À fournir par le client - Leroy Merlin - Réf. 63279720,Fournitures client - Fixation / Visserie,Yes,,https://media.adeo.com/marketplace/LMFR/63279720/00000000000063279720_01c_FR_CF.avif,,,,,,,No,,,,No,,,,
Visserie / boulonnerie / fixation – Réf. 63282184,,,,,,,,,,Yes,0.00,,No,,No,,,,,,No,,,LM-63282184,,,À fournir par le client - Leroy Merlin - Réf. 63282184,Fournitures client - Autres,Yes,,https://media.adeo.com/marketplace/LMFR/63282184/00000000000063282184_01c_FR_CF.avif,,,,,,,No,,,,No,,,,
Vis SPAX Pozidriv Ø5x50 - lot 200 – Réf. 63283395,,,,,,,,,,Yes,0.00,,No,,No,,,,,,No,,,LM-63283395,,,À fournir par le client - Leroy Merlin - Réf. 63283395,Fournitures client - Fixation / Visserie,Yes,,https://media.adeo.com/marketplace/LMFR/63283395/00000000000063283395_01c_FR_CF.avif,,,,,,,No,,,,No,,,,
Borne / connecteur / accessoire électrique – Réf. 63580881,,,,,,,,,,Yes,0.00,,No,,No,,,,,,No,,,LM-63580881,,,À fournir par le client - Leroy Merlin - Réf. 63580881,Fournitures client - Autres,Yes,,https://media.adeo.com/marketplace/LMFR/63580881/00000000000063580881_01c_FR_CF.avif,,,,,,,No,,,,No,,,,
Mortier bâtard PRB 25 kg – Réf. 64249626,,,,,,,,,,Yes,0.00,,No,,No,,,,,,No,,,LM-64249626,,,À fournir par le client - Leroy Merlin - Réf. 64249626,Fournitures client - Maçonnerie,Yes,,https://media.adeo.com/marketplace/LMFR/64249626/00000000000064249626_01c_FR_CF.avif,,,,,,,No,,,,No,,,,
Ciment blanc PRB 25 kg – Réf. 65764923,,,,,,,,,,Yes,0.00,,No,,No,,,,,,No,,,LM-65764923,,,À fournir par le client - Leroy Merlin - Réf. 65764923,Fournitures client - Maçonnerie,Yes,,https://media.adeo.com/marketplace/LMFR/65764923/00000000000065764923_01c_FR_CF.avif,,,,,,,No,,,,No,,,,
Pattes à vis acier à visser - lot 12 – Réf. 66090913,,,,,,,,,,Yes,0.00,,No,,No,,,,,,No,,,LM-66090913,,,À fournir par le client - Leroy Merlin - Réf. 66090913,Fournitures client - Fixation / Visserie,Yes,,https://media.adeo.com/marketplace/LMFR/66090913/00000000000066090913_01c_FR_CF.avif,,,,,,,No,,,,No,,,,
Appareillage LEGRAND Plexo – Réf. 66443720,,,,,,,,,,Yes,0.00,,No,,No,,,,,,No,,,LM-66443720,,,À fournir par le client - Leroy Merlin - Réf. 66443720,Fournitures client - Autres,Yes,,https://media.adeo.com/marketplace/LMFR/66443720/00000000000066443720_01c_FR_CF.avif,,,,,,,No,,,,No,,,,
Appareillage LEGRAND Plexo – Réf. 66443790,,,,,,,,,,Yes,0.00,,No,,No,,,,,,No,,,LM-66443790,,,À fournir par le client - Leroy Merlin - Réf. 66443790,Fournitures client - Autres,Yes,,https://media.adeo.com/marketplace/LMFR/66443790/00000000000066443790_01c_FR_CF.avif,,,,,,,No,,,,No,,,,
Appareillage LEGRAND Plexo – Réf. 66443902,,,,,,,,,,Yes,0.00,,No,,No,,,,,,No,,,LM-66443902,,,À fournir par le client - Leroy Merlin - Réf. 66443902,Fournitures client - Autres,Yes,,https://media.adeo.com/marketplace/LMFR/66443902/00000000000066443902_01c_FR_CF.avif,,,,,,,No,,,,No,,,,
Mortier gris PRB 30 kg – Réf. 66455340,,,,,,,,,,Yes,0.00,,No,,No,,,,,,No,,,LM-66455340,,,À fournir par le client - Leroy Merlin - Réf. 66455340,Fournitures client - Maçonnerie,Yes,,https://media.adeo.com/marketplace/LMFR/66455340/00000000000066455340_01c_FR_CF.avif,,,,,,,No,,,,No,,,,
Vis SPAX T-Star+ Ø6x160 - lot 50 – Réf. 66930612,,,,,,,,,,Yes,0.00,,No,,No,,,,,,No,,,LM-66930612,,,À fournir par le client - Leroy Merlin - Réf. 66930612,Fournitures client - Fixation / Visserie,Yes,,https://media.adeo.com/marketplace/LMFR/66930612/00000000000066930612_01c_FR_CF.avif,,,,,,,No,,,,No,,,,
Vis SPAX T-Star+ Ø6x120 - lot 75 – Réf. 66930633,,,,,,,,,,Yes,0.00,,No,,No,,,,,,No,,,LM-66930633,,,À fournir par le client - Leroy Merlin - Réf. 66930633,Fournitures client - Fixation / Visserie,Yes,,https://media.adeo.com/marketplace/LMFR/66930633/00000000000066930633_01c_FR_CF.avif,,,,,,,No,,,,No,,,,
Vis SPAX T-Star+ Ø5x70 - lot 200 – Réf. 66930682,,,,,,,,,,Yes,0.00,,No,,No,,,,,,No,,,LM-66930682,,,À fournir par le client - Leroy Merlin - Réf. 66930682,Fournitures client - Fixation / Visserie,Yes,,https://media.adeo.com/marketplace/LMFR/66930682/00000000000066930682_01c_FR_CF.avif,,,,,,,No,,,,No,,,,
Visserie / boulonnerie / fixation – Réf. 66930794,,,,,,,,,,Yes,0.00,,No,,No,,,,,,No,,,LM-66930794,,,À fournir par le client - Leroy Merlin - Réf. 66930794,Fournitures client - Autres,Yes,,https://media.adeo.com/marketplace/LMFR/66930794/00000000000066930794_01c_FR_CF.avif,,,,,,,No,,,,No,,,,
Visserie / boulonnerie / fixation – Réf. 66930801,,,,,,,,,,Yes,0.00,,No,,No,,,,,,No,,,LM-66930801,,,À fournir par le client - Leroy Merlin - Réf. 66930801,Fournitures client - Autres,Yes,,https://media.adeo.com/marketplace/LMFR/66930801/00000000000066930801_01c_FR_CF.avif,,,,,,,No,,,,No,,,,
Vis SPAX T-Star+ Ø5x50 - lot 75 – Réf. 66930913,,,,,,,,,,Yes,0.00,,No,,No,,,,,,No,,,LM-66930913,,,À fournir par le client - Leroy Merlin - Réf. 66930913,Fournitures client - Fixation / Visserie,Yes,,https://media.adeo.com/marketplace/LMFR/66930913/00000000000066930913_01c_FR_CF.avif,,,,,,,No,,,,No,,,,
Vis SPAX T-Star+ Ø4x45 - lot 100 – Réf. 66930990,,,,,,,,,,Yes,0.00,,No,,No,,,,,,No,,,LM-66930990,,,À fournir par le client - Leroy Merlin - Réf. 66930990,Fournitures client - Fixation / Visserie,Yes,,https://media.adeo.com/marketplace/LMFR/66930990/00000000000066930990_01c_FR_CF.avif,,,,,,,No,,,,No,,,,
Vis SPAX inox T-Star+ Ø6x100 - lot 50 – Réf. 66931200,,,,,,,,,,Yes,0.00,,No,,No,,,,,,No,,,LM-66931200,,,À fournir par le client - Leroy Merlin - Réf. 66931200,Fournitures client - Fixation / Visserie,Yes,,https://media.adeo.com/marketplace/LMFR/66931200/00000000000066931200_01c_FR_CF.avif,,,,,,,No,,,,No,,,,
Vis SPAX inox Ø5x80 - lot 80 – Réf. 66931214,,,,,,,,,,Yes,0.00,,No,,No,,,,,,No,,,LM-66931214,,,À fournir par le client - Leroy Merlin - Réf. 66931214,Fournitures client - Fixation / Visserie,Yes,,https://media.adeo.com/marketplace/LMFR/66931214/00000000000066931214_01c_FR_CF.avif,,,,,,,No,,,,No,,,,
Vis SPAX T-Star+ Ø5x70 - lot 100 – Réf. 66931221,,,,,,,,,,Yes,0.00,,No,,No,,,,,,No,,,LM-66931221,,,À fournir par le client - Leroy Merlin - Réf. 66931221,Fournitures client - Fixation / Visserie,Yes,,https://media.adeo.com/marketplace/LMFR/66931221/00000000000066931221_01c_FR_CF.avif,,,,,,,No,,,,No,,,,
Vis SPAX T-Star+ Ø4x40 - lot 200 – Réf. 66931284,,,,,,,,,,Yes,0.00,,No,,No,,,,,,No,,,LM-66931284,,,À fournir par le client - Leroy Merlin - Réf. 66931284,Fournitures client - Fixation / Visserie,Yes,,https://media.adeo.com/marketplace/LMFR/66931284/00000000000066931284_01c_FR_CF.avif,,,,,,,No,,,,No,,,,
Vis SPAX Ø4x35 - lot 150 – Réf. 66931340,,,,,,,,,,Yes,0.00,,No,,No,,,,,,No,,,LM-66931340,,,À fournir par le client - Leroy Merlin - Réf. 66931340,Fournitures client - Fixation / Visserie,Yes,,https://media.adeo.com/marketplace/LMFR/66931340/00000000000066931340_01c_FR_CF.avif,,,,,,,No,,,,No,,,,
Vis SPAX inox Ø4.5x45 - lot 25 – Réf. 66931382,,,,,,,,,,Yes,0.00,,No,,No,,,,,,No,,,LM-66931382,,,À fournir par le client - Leroy Merlin - Réf. 66931382,Fournitures client - Fixation / Visserie,Yes,,https://media.adeo.com/marketplace/LMFR/66931382/00000000000066931382_01c_FR_CF.avif,,,,,,,No,,,,No,,,,
Vis SPAX inox Ø4x35 - lot 25 – Réf. 66931403,,,,,,,,,,Yes,0.00,,No,,No,,,,,,No,,,LM-66931403,,,À fournir par le client - Leroy Merlin - Réf. 66931403,Fournitures client - Fixation / Visserie,Yes,,https://media.adeo.com/marketplace/LMFR/66931403/00000000000066931403_01c_FR_CF.avif,,,,,,,No,,,,No,,,,
Vis SPAX inox Ø4x30 - lot 25 – Réf. 66931410,,,,,,,,,,Yes,0.00,,No,,No,,,,,,No,,,LM-66931410,,,À fournir par le client - Leroy Merlin - Réf. 66931410,Fournitures client - Fixation / Visserie,Yes,,https://media.adeo.com/marketplace/LMFR/66931410/00000000000066931410_01c_FR_CF.avif,,,,,,,No,,,,No,,,,
Vis SPAX inox Ø3.5x25 - lot 25 – Réf. 66931424,,,,,,,,,,Yes,0.00,,No,,No,,,,,,No,,,LM-66931424,,,À fournir par le client - Leroy Merlin - Réf. 66931424,Fournitures client - Fixation / Visserie,Yes,,https://media.adeo.com/marketplace/LMFR/66931424/00000000000066931424_01c_FR_CF.avif,,,,,,,No,,,,No,,,,
Vis SPAX inox Ø3.5x20 - lot 25 – Réf. 66931431,,,,,,,,,,Yes,0.00,,No,,No,,,,,,No,,,LM-66931431,,,À fournir par le client - Leroy Merlin - Réf. 66931431,Fournitures client - Fixation / Visserie,Yes,,https://media.adeo.com/marketplace/LMFR/66931431/00000000000066931431_01c_FR_CF.avif,,,,,,,No,,,,No,,,,
Vis SPAX inox Ø3.5x16 - lot 25 – Réf. 66931445,,,,,,,,,,Yes,0.00,,No,,No,,,,,,No,,,LM-66931445,,,À fournir par le client - Leroy Merlin - Réf. 66931445,Fournitures client - Fixation / Visserie,Yes,,https://media.adeo.com/marketplace/LMFR/66931445/00000000000066931445_01c_FR_CF.avif,,,,,,,No,,,,No,,,,
Vis SPAX tête plate Pozidriv Ø5x80 - lot 50 – Réf. 66931522,,,,,,,,,,Yes,0.00,,No,,No,,,,,,No,,,LM-66931522,,,À fournir par le client - Leroy Merlin - Réf. 66931522,Fournitures client - Fixation / Visserie,Yes,,https://media.adeo.com/marketplace/LMFR/66931522/00000000000066931522_01c_FR_CF.avif,,,,,,,No,,,,No,,,,
Vis SPAX Pozidriv Ø5x70 - lot 50 – Réf. 66931536,,,,,,,,,,Yes,0.00,,No,,No,,,,,,No,,,LM-66931536,,,À fournir par le client - Leroy Merlin - Réf. 66931536,Fournitures client - Fixation / Visserie,Yes,,https://media.adeo.com/marketplace/LMFR/66931536/00000000000066931536_01c_FR_CF.avif,,,,,,,No,,,,No,,,,
Vis SPAX Pozidriv Ø4.5x80 - lot 50 – Réf. 66931620,,,,,,,,,,Yes,0.00,,No,,No,,,,,,No,,,LM-66931620,,,À fournir par le client - Leroy Merlin - Réf. 66931620,Fournitures client - Fixation / Visserie,Yes,,https://media.adeo.com/marketplace/LMFR/66931620/00000000000066931620_01c_FR_CF.avif,,,,,,,No,,,,No,,,,
Visserie / boulonnerie / fixation – Réf. 66931655,,,,,,,,,,Yes,0.00,,No,,No,,,,,,No,,,LM-66931655,,,À fournir par le client - Leroy Merlin - Réf. 66931655,Fournitures client - Autres,Yes,,https://media.adeo.com/marketplace/LMFR/66931655/00000000000066931655_01c_FR_CF.avif,,,,,,,No,,,,No,,,,
Vis SPAX Pozidriv Ø4x70 - lot 50 – Réf. 66931732,,,,,,,,,,Yes,0.00,,No,,No,,,,,,No,,,LM-66931732,,,À fournir par le client - Leroy Merlin - Réf. 66931732,Fournitures client - Fixation / Visserie,Yes,,https://media.adeo.com/marketplace/LMFR/66931732/00000000000066931732_01c_FR_CF.avif,,,,,,,No,,,,No,,,,
Vis SPAX Pozidriv Ø4x60 - lot 75 – Réf. 66931746,,,,,,,,,,Yes,0.00,,No,,No,,,,,,No,,,LM-66931746,,,À fournir par le client - Leroy Merlin - Réf. 66931746,Fournitures client - Fixation / Visserie,Yes,,https://media.adeo.com/marketplace/LMFR/66931746/00000000000066931746_01c_FR_CF.avif,,,,,,,No,,,,No,,,,
Vis SPAX Pozidriv Ø4x45 - lot 100 – Réf. 66931760,,,,,,,,,,Yes,0.00,,No,,No,,,,,,No,,,LM-66931760,,,À fournir par le client - Leroy Merlin - Réf. 66931760,Fournitures client - Fixation / Visserie,Yes,,https://media.adeo.com/marketplace/LMFR/66931760/00000000000066931760_01c_FR_CF.avif,,,,,,,No,,,,No,,,,
Vis SPAX Pozidriv Ø4x40 - lot 125 – Réf. 66931774,,,,,,,,,,Yes,0.00,,No,,No,,,,,,No,,,LM-66931774,,,À fournir par le client - Leroy Merlin - Réf. 66931774,Fournitures client - Fixation / Visserie,Yes,,https://media.adeo.com/marketplace/LMFR/66931774/00000000000066931774_01c_FR_CF.avif,,,,,,,No,,,,No,,,,
Vis SPAX Pozidriv Ø4x35 - lot 150 – Réf. 66931781,,,,,,,,,,Yes,0.00,,No,,No,,,,,,No,,,LM-66931781,,,À fournir par le client - Leroy Merlin - Réf. 66931781,Fournitures client - Fixation / Visserie,Yes,,https://media.adeo.com/marketplace/LMFR/66931781/00000000000066931781_01c_FR_CF.avif,,,,,,,No,,,,No,,,,
Vis SPAX Pozidriv Ø4x30 - lot 150 – Réf. 66931795,,,,,,,,,,Yes,0.00,,No,,No,,,,,,No,,,LM-66931795,,,À fournir par le client - Leroy Merlin - Réf. 66931795,Fournitures client - Fixation / Visserie,Yes,,https://media.adeo.com/marketplace/LMFR/66931795/00000000000066931795_01c_FR_CF.avif,,,,,,,No,,,,No,,,,
Vis SPAX Pozidriv Ø4x12 - lot 25 – Réf. 66932061,,,,,,,,,,Yes,0.00,,No,,No,,,,,,No,,,LM-66932061,,,À fournir par le client - Leroy Merlin - Réf. 66932061,Fournitures client - Fixation / Visserie,Yes,,https://media.adeo.com/marketplace/LMFR/66932061/00000000000066932061_01c_FR_CF.avif,,,,,,,No,,,,No,,,,
Vis plaque de plâtre SPAX Ø3.9x30 - lot 150 – Réf. 67159554,,,,,,,,,,Yes,0.00,,No,,No,,,,,,No,,,LM-67159554,,,À fournir par le client - Leroy Merlin - Réf. 67159554,Fournitures client - Fixation / Visserie,Yes,,https://media.adeo.com/marketplace/LMFR/67159554/00000000000067159554_01c_FR_CF.avif,,,,,,,No,,,,No,,,,
Vis plaque de plâtre SPAX Ø3.9x25 - lot 600 – Réf. 67159596,,,,,,,,,,Yes,0.00,,No,,No,,,,,,No,,,LM-67159596,,,À fournir par le client - Leroy Merlin - Réf. 67159596,Fournitures client - Fixation / Visserie,Yes,,https://media.adeo.com/marketplace/LMFR/67159596/00000000000067159596_01c_FR_CF.avif,,,,,,,No,,,,No,,,,
Vis plaque de plâtre SPAX Ø3.9x35 - lot 150 – Réf. 67159624,,,,,,,,,,Yes,0.00,,No,,No,,,,,,No,,,LM-67159624,,,À fournir par le client - Leroy Merlin - Réf. 67159624,Fournitures client - Fixation / Visserie,Yes,,https://media.adeo.com/marketplace/LMFR/67159624/00000000000067159624_01c_FR_CF.avif,,,,,,,No,,,,No,,,,
Vis SPAX T-Star+ Ø5x100 - lot 30 – Réf. 67160205,,,,,,,,,,Yes,0.00,,No,,No,,,,,,No,,,LM-67160205,,,À fournir par le client - Leroy Merlin - Réf. 67160205,Fournitures client - Fixation / Visserie,Yes,,https://media.adeo.com/marketplace/LMFR/67160205/00000000000067160205_01c_FR_CF.avif,,,,,,,No,,,,No,,,,
Vis SPAX T-Star+ Ø5x40 - lot 100 – Réf. 67160212,,,,,,,,,,Yes,0.00,,No,,No,,,,,,No,,,LM-67160212,,,À fournir par le client - Leroy Merlin - Réf. 67160212,Fournitures client - Fixation / Visserie,Yes,,https://media.adeo.com/marketplace/LMFR/67160212/00000000000067160212_01c_FR_CF.avif,,,,,,,No,,,,No,,,,
Visserie / boulonnerie / fixation – Réf. 67160233,,,,,,,,,,Yes,0.00,,No,,No,,,,,,No,,,LM-67160233,,,À fournir par le client - Leroy Merlin - Réf. 67160233,Fournitures client - Autres,Yes,,https://media.adeo.com/marketplace/LMFR/67160233/00000000000067160233_01c_FR_CF.avif,,,,,,,No,,,,No,,,,
Vis SPAX Ø3.5x35 - lot 175 – Réf. 67160303,,,,,,,,,,Yes,0.00,,No,,No,,,,,,No,,,LM-67160303,,,À fournir par le client - Leroy Merlin - Réf. 67160303,Fournitures client - Fixation / Visserie,Yes,,https://media.adeo.com/marketplace/LMFR/67160303/00000000000067160303_01c_FR_CF.avif,,,,,,,No,,,,No,,,,
Vis SPAX Ø7.5x150 - lot 18 – Réf. 67160366,,,,,,,,,,Yes,0.00,,No,,No,,,,,,No,,,LM-67160366,,,À fournir par le client - Leroy Merlin - Réf. 67160366,Fournitures client - Fixation / Visserie,Yes,,https://media.adeo.com/marketplace/LMFR/67160366/00000000000067160366_01c_FR_CF.avif,,,,,,,No,,,,No,,,,
Vis SPAX Ø7.5x120 - lot 18 – Réf. 67160373,,,,,,,,,,Yes,0.00,,No,,No,,,,,,No,,,LM-67160373,,,À fournir par le client - Leroy Merlin - Réf. 67160373,Fournitures client - Fixation / Visserie,Yes,,https://media.adeo.com/marketplace/LMFR/67160373/00000000000067160373_01c_FR_CF.avif,,,,,,,No,,,,No,,,,
Vis SPAX T-Star+ Ø4x45 - lot 175 – Réf. 67160443,,,,,,,,,,Yes,0.00,,No,,No,,,,,,No,,,LM-67160443,,,À fournir par le client - Leroy Merlin - Réf. 67160443,Fournitures client - Fixation / Visserie,Yes,,https://media.adeo.com/marketplace/LMFR/67160443/00000000000067160443_01c_FR_CF.avif,,,,,,,No,,,,No,,,,
Vis SPAX T-Star+ Ø4x25 - lot 200 – Réf. 67160485,,,,,,,,,,Yes,0.00,,No,,No,,,,,,No,,,LM-67160485,,,À fournir par le client - Leroy Merlin - Réf. 67160485,Fournitures client - Fixation / Visserie,Yes,,https://media.adeo.com/marketplace/LMFR/67160485/00000000000067160485_01c_FR_CF.avif,,,,,,,No,,,,No,,,,
Vis SPAX inox Ø5x60 - lot 25 – Réf. 67160534,,,,,,,,,,Yes,0.00,,No,,No,,,,,,No,,,LM-67160534,,,À fournir par le client - Leroy Merlin - Réf. 67160534,Fournitures client - Fixation / Visserie,Yes,,https://media.adeo.com/marketplace/LMFR/67160534/00000000000067160534_01c_FR_CF.avif,,,,,,,No,,,,No,,,,
Vis SPAX T-Star+ Ø5x50 - lot 25 – Réf. 67160541,,,,,,,,,,Yes,0.00,,No,,No,,,,,,No,,,LM-67160541,,,À fournir par le client - Leroy Merlin - Réf. 67160541,Fournitures client - Fixation / Visserie,Yes,,https://media.adeo.com/marketplace/LMFR/67160541/00000000000067160541_01c_FR_CF.avif,,,,,,,No,,,,No,,,,
Visserie / boulonnerie / fixation – Réf. 67160583,,,,,,,,,,Yes,0.00,,No,,No,,,,,,No,,,LM-67160583,,,À fournir par le client - Leroy Merlin - Réf. 67160583,Fournitures client - Autres,Yes,,https://media.adeo.com/marketplace/LMFR/67160583/00000000000067160583_01c_FR_CF.avif,,,,,,,No,,,,No,,,,
Vis SPAX Ø4x20 - lot 30 – Réf. 67160611,,,,,,,,,,Yes,0.00,,No,,No,,,,,,No,,,LM-67160611,,,À fournir par le client - Leroy Merlin - Réf. 67160611,Fournitures client - Fixation / Visserie,Yes,,https://media.adeo.com/marketplace/LMFR/67160611/00000000000067160611_01c_FR_CF.avif,,,,,,,No,,,,No,,,,
Cheville / fixation bâtiment – Réf. 67712302,,,,,,,,,,Yes,0.00,,No,,No,,,,,,No,,,LM-67712302,,,À fournir par le client - Leroy Merlin - Réf. 67712302,Fournitures client - Fixation / Visserie,Yes,,https://media.adeo.com/marketplace/LMFR/67712302/00000000000067712302_01c_FR_CF.avif,,,,,,,No,,,,No,,,,
Visserie / boulonnerie / fixation – Réf. 67712330,,,,,,,,,,Yes,0.00,,No,,No,,,,,,No,,,LM-67712330,,,À fournir par le client - Leroy Merlin - Réf. 67712330,Fournitures client - Autres,Yes,,https://media.adeo.com/marketplace/LMFR/67712330/00000000000067712330_01c_FR_CF.avif,,,,,,,No,,,,No,,,,
Visserie / boulonnerie / fixation – Réf. 67712372,,,,,,,,,,Yes,0.00,,No,,No,,,,,,No,,,LM-67712372,,,À fournir par le client - Leroy Merlin - Réf. 67712372,Fournitures client - Autres,Yes,,https://media.adeo.com/marketplace/LMFR/67712372/00000000000067712372_01c_FR_CF.avif,,,,,,,No,,,,No,,,,
Visserie / boulonnerie / fixation – Réf. 67712393,,,,,,,,,,Yes,0.00,,No,,No,,,,,,No,,,LM-67712393,,,À fournir par le client - Leroy Merlin - Réf. 67712393,Fournitures client - Autres,Yes,,https://media.adeo.com/marketplace/LMFR/67712393/00000000000067712393_01c_FR_CF.avif,,,,,,,No,,,,No,,,,
Visserie / boulonnerie / fixation – Réf. 67712400,,,,,,,,,,Yes,0.00,,No,,No,,,,,,No,,,LM-67712400,,,À fournir par le client - Leroy Merlin - Réf. 67712400,Fournitures client - Autres,Yes,,https://media.adeo.com/marketplace/LMFR/67712400/00000000000067712400_01c_FR_CF.avif,,,,,,,No,,,,No,,,,
Visserie / boulonnerie / fixation – Réf. 67712414,,,,,,,,,,Yes,0.00,,No,,No,,,,,,No,,,LM-67712414,,,À fournir par le client - Leroy Merlin - Réf. 67712414,Fournitures client - Autres,Yes,,https://media.adeo.com/marketplace/LMFR/67712414/00000000000067712414_01c_FR_CF.avif,,,,,,,No,,,,No,,,,
Visserie / boulonnerie / fixation – Réf. 67712421,,,,,,,,,,Yes,0.00,,No,,No,,,,,,No,,,LM-67712421,,,À fournir par le client - Leroy Merlin - Réf. 67712421,Fournitures client - Autres,Yes,,https://media.adeo.com/marketplace/LMFR/67712421/00000000000067712421_01c_FR_CF.avif,,,,,,,No,,,,No,,,,
Visserie / boulonnerie / fixation – Réf. 67712435,,,,,,,,,,Yes,0.00,,No,,No,,,,,,No,,,LM-67712435,,,À fournir par le client - Leroy Merlin - Réf. 67712435,Fournitures client - Autres,Yes,,https://media.adeo.com/marketplace/LMFR/67712435/00000000000067712435_01c_FR_CF.avif,,,,,,,No,,,,No,,,,
Visserie / boulonnerie / fixation – Réf. 67712512,,,,,,,,,,Yes,0.00,,No,,No,,,,,,No,,,LM-67712512,,,À fournir par le client - Leroy Merlin - Réf. 67712512,Fournitures client - Autres,Yes,,https://media.adeo.com/marketplace/LMFR/67712512/00000000000067712512_01c_FR_CF.avif,,,,,,,No,,,,No,,,,
Visserie / boulonnerie / fixation – Réf. 67712526,,,,,,,,,,Yes,0.00,,No,,No,,,,,,No,,,LM-67712526,,,À fournir par le client - Leroy Merlin - Réf. 67712526,Fournitures client - Autres,Yes,,https://media.adeo.com/marketplace/LMFR/67712526/00000000000067712526_01c_FR_CF.avif,,,,,,,No,,,,No,,,,
Visserie / boulonnerie / fixation – Réf. 67712533,,,,,,,,,,Yes,0.00,,No,,No,,,,,,No,,,LM-67712533,,,À fournir par le client - Leroy Merlin - Réf. 67712533,Fournitures client - Autres,Yes,,https://media.adeo.com/marketplace/LMFR/67712533/00000000000067712533_01c_FR_CF.avif,,,,,,,No,,,,No,,,,
Vis SPAX inox tête cylindrique Ø5x50 - lot 60 – Réf. 67833724,,,,,,,,,,Yes,0.00,,No,,No,,,,,,No,,,LM-67833724,,,À fournir par le client - Leroy Merlin - Réf. 67833724,Fournitures client - Fixation / Visserie,Yes,,https://media.adeo.com/marketplace/LMFR/67833724/00000000000067833724_01c_FR_CF.avif,,,,,,,No,,,,No,,,,
Vis SPAX Ø6x120 - lot 30 – Réf. 67833745,,,,,,,,,,Yes,0.00,,No,,No,,,,,,No,,,LM-67833745,,,À fournir par le client - Leroy Merlin - Réf. 67833745,Fournitures client - Fixation / Visserie,Yes,,https://media.adeo.com/marketplace/LMFR/67833745/00000000000067833745_01c_FR_CF.avif,,,,,,,No,,,,No,,,,
Vis SPAX T-Star+ Ø6x120 - lot 10 – Réf. 67833752,,,,,,,,,,Yes,0.00,,No,,No,,,,,,No,,,LM-67833752,,,À fournir par le client - Leroy Merlin - Réf. 67833752,Fournitures client - Fixation / Visserie,Yes,,https://media.adeo.com/marketplace/LMFR/67833752/00000000000067833752_01c_FR_CF.avif,,,,,,,No,,,,No,,,,
Vis SPAX T-Star+ Ø6x100 - lot 10 – Réf. 67833766,,,,,,,,,,Yes,0.00,,No,,No,,,,,,No,,,LM-67833766,,,À fournir par le client - Leroy Merlin - Réf. 67833766,Fournitures client - Fixation / Visserie,Yes,,https://media.adeo.com/marketplace/LMFR/67833766/00000000000067833766_01c_FR_CF.avif,,,,,,,No,,,,No,,,,
Visserie / boulonnerie / fixation – Réf. 67835796,,,,,,,,,,Yes,0.00,,No,,No,,,,,,No,,,LM-67835796,,,À fournir par le client - Leroy Merlin - Réf. 67835796,Fournitures client - Autres,Yes,,https://media.adeo.com/marketplace/LMFR/67835796/00000000000067835796_01c_FR_CF.avif,,,,,,,No,,,,No,,,,
Cheville / fixation bâtiment – Réf. 67835803,,,,,,,,,,Yes,0.00,,No,,No,,,,,,No,,,LM-67835803,,,À fournir par le client - Leroy Merlin - Réf. 67835803,Fournitures client - Fixation / Visserie,Yes,,https://media.adeo.com/marketplace/LMFR/67835803/00000000000067835803_01c_FR_CF.avif,,,,,,,No,,,,No,,,,
Cheville / fixation bâtiment – Réf. 67875304,,,,,,,,,,Yes,0.00,,No,,No,,,,,,No,,,LM-67875304,,,À fournir par le client - Leroy Merlin - Réf. 67875304,Fournitures client - Fixation / Visserie,Yes,,https://media.adeo.com/marketplace/LMFR/67875304/00000000000067875304_01c_FR_CF.avif,,,,,,,No,,,,No,,,,
Visserie / boulonnerie / fixation – Réf. 68530966,,,,,,,,,,Yes,0.00,,No,,No,,,,,,No,,,LM-68530966,,,À fournir par le client - Leroy Merlin - Réf. 68530966,Fournitures client - Autres,Yes,,https://media.adeo.com/marketplace/LMFR/68530966/00000000000068530966_01c_FR_CF.avif,,,,,,,No,,,,No,,,,
Visserie / boulonnerie / fixation – Réf. 68531015,,,,,,,,,,Yes,0.00,,No,,No,,,,,,No,,,LM-68531015,,,À fournir par le client - Leroy Merlin - Réf. 68531015,Fournitures client - Autres,Yes,,https://media.adeo.com/marketplace/LMFR/68531015/00000000000068531015_01c_FR_CF.avif,,,,,,,No,,,,No,,,,
Visserie / boulonnerie / fixation – Réf. 68531022,,,,,,,,,,Yes,0.00,,No,,No,,,,,,No,,,LM-68531022,,,À fournir par le client - Leroy Merlin - Réf. 68531022,Fournitures client - Autres,Yes,,https://media.adeo.com/marketplace/LMFR/68531022/00000000000068531022_01c_FR_CF.avif,,,,,,,No,,,,No,,,,
Visserie / boulonnerie / fixation – Réf. 68532464,,,,,,,,,,Yes,0.00,,No,,No,,,,,,No,,,LM-68532464,,,À fournir par le client - Leroy Merlin - Réf. 68532464,Fournitures client - Autres,Yes,,https://media.adeo.com/marketplace/LMFR/68532464/00000000000068532464_01c_FR_CF.avif,,,,,,,No,,,,No,,,,
Visserie / boulonnerie / fixation – Réf. 68533486,,,,,,,,,,Yes,0.00,,No,,No,,,,,,No,,,LM-68533486,,,À fournir par le client - Leroy Merlin - Réf. 68533486,Fournitures client - Autres,Yes,,https://media.adeo.com/marketplace/LMFR/68533486/00000000000068533486_01c_FR_CF.avif,,,,,,,No,,,,No,,,,
Visserie / boulonnerie / fixation – Réf. 68534312,,,,,,,,,,Yes,0.00,,No,,No,,,,,,No,,,LM-68534312,,,À fournir par le client - Leroy Merlin - Réf. 68534312,Fournitures client - Autres,Yes,,https://media.adeo.com/marketplace/LMFR/68534312/00000000000068534312_01c_FR_CF.avif,,,,,,,No,,,,No,,,,
Visserie / boulonnerie / fixation – Réf. 68534522,,,,,,,,,,Yes,0.00,,No,,No,,,,,,No,,,LM-68534522,,,À fournir par le client - Leroy Merlin - Réf. 68534522,Fournitures client - Autres,Yes,,https://media.adeo.com/marketplace/LMFR/68534522/00000000000068534522_01c_FR_CF.avif,,,,,,,No,,,,No,,,,
Visserie / boulonnerie / fixation – Réf. 68534543,,,,,,,,,,Yes,0.00,,No,,No,,,,,,No,,,LM-68534543,,,À fournir par le client - Leroy Merlin - Réf. 68534543,Fournitures client - Autres,Yes,,https://media.adeo.com/marketplace/LMFR/68534543/00000000000068534543_01c_FR_CF.avif,,,,,,,No,,,,No,,,,
Visserie / boulonnerie / fixation – Réf. 68534585,,,,,,,,,,Yes,0.00,,No,,No,,,,,,No,,,LM-68534585,,,À fournir par le client - Leroy Merlin - Réf. 68534585,Fournitures client - Autres,Yes,,https://media.adeo.com/marketplace/LMFR/68534585/00000000000068534585_01c_FR_CF.avif,,,,,,,No,,,,No,,,,
Visserie / boulonnerie / fixation – Réf. 68534592,,,,,,,,,,Yes,0.00,,No,,No,,,,,,No,,,LM-68534592,,,À fournir par le client - Leroy Merlin - Réf. 68534592,Fournitures client - Autres,Yes,,https://media.adeo.com/marketplace/LMFR/68534592/00000000000068534592_01c_FR_CF.avif,,,,,,,No,,,,No,,,,
Visserie / boulonnerie / fixation – Réf. 68534606,,,,,,,,,,Yes,0.00,,No,,No,,,,,,No,,,LM-68534606,,,À fournir par le client - Leroy Merlin - Réf. 68534606,Fournitures client - Autres,Yes,,https://media.adeo.com/marketplace/LMFR/68534606/00000000000068534606_01c_FR_CF.avif,,,,,,,No,,,,No,,,,
Visserie / boulonnerie / fixation – Réf. 68534620,,,,,,,,,,Yes,0.00,,No,,No,,,,,,No,,,LM-68534620,,,À fournir par le client - Leroy Merlin - Réf. 68534620,Fournitures client - Autres,Yes,,https://media.adeo.com/marketplace/LMFR/68534620/00000000000068534620_01c_FR_CF.avif,,,,,,,No,,,,No,,,,
Visserie / boulonnerie / fixation – Réf. 68534823,,,,,,,,,,Yes,0.00,,No,,No,,,,,,No,,,LM-68534823,,,À fournir par le client - Leroy Merlin - Réf. 68534823,Fournitures client - Autres,Yes,,https://media.adeo.com/marketplace/LMFR/68534823/00000000000068534823_01c_FR_CF.avif,,,,,,,No,,,,No,,,,
Visserie / boulonnerie / fixation – Réf. 68534865,,,,,,,,,,Yes,0.00,,No,,No,,,,,,No,,,LM-68534865,,,À fournir par le client - Leroy Merlin - Réf. 68534865,Fournitures client - Autres,Yes,,https://media.adeo.com/marketplace/LMFR/68534865/00000000000068534865_01c_FR_CF.avif,,,,,,,No,,,,No,,,,
Visserie / boulonnerie / fixation – Réf. 68535166,,,,,,,,,,Yes,0.00,,No,,No,,,,,,No,,,LM-68535166,,,À fournir par le client - Leroy Merlin - Réf. 68535166,Fournitures client - Autres,Yes,,https://media.adeo.com/marketplace/LMFR/68535166/00000000000068535166_01c_FR_CF.avif,,,,,,,No,,,,No,,,,
Visserie / boulonnerie / fixation – Réf. 68536545,,,,,,,,,,Yes,0.00,,No,,No,,,,,,No,,,LM-68536545,,,À fournir par le client - Leroy Merlin - Réf. 68536545,Fournitures client - Autres,Yes,,https://media.adeo.com/marketplace/LMFR/68536545/00000000000068536545_01c_FR_CF.avif,,,,,,,No,,,,No,,,,
Visserie / boulonnerie / fixation – Réf. 68536650,,,,,,,,,,Yes,0.00,,No,,No,,,,,,No,,,LM-68536650,,,À fournir par le client - Leroy Merlin - Réf. 68536650,Fournitures client - Autres,Yes,,https://media.adeo.com/marketplace/LMFR/68536650/00000000000068536650_01c_FR_CF.avif,,,,,,,No,,,,No,,,,
Visserie / boulonnerie / fixation – Réf. 68536664,,,,,,,,,,Yes,0.00,,No,,No,,,,,,No,,,LM-68536664,,,À fournir par le client - Leroy Merlin - Réf. 68536664,Fournitures client - Autres,Yes,,https://media.adeo.com/marketplace/LMFR/68536664/00000000000068536664_01c_FR_CF.avif,,,,,,,No,,,,No,,,,
Visserie / boulonnerie / fixation – Réf. 68536825,,,,,,,,,,Yes,0.00,,No,,No,,,,,,No,,,LM-68536825,,,À fournir par le client - Leroy Merlin - Réf. 68536825,Fournitures client - Autres,Yes,,https://media.adeo.com/marketplace/LMFR/68536825/00000000000068536825_01c_FR_CF.avif,,,,,,,No,,,,No,,,,
Visserie / boulonnerie / fixation – Réf. 68537546,,,,,,,,,,Yes,0.00,,No,,No,,,,,,No,,,LM-68537546,,,À fournir par le client - Leroy Merlin - Réf. 68537546,Fournitures client - Autres,Yes,,https://media.adeo.com/marketplace/LMFR/68537546/00000000000068537546_01c_FR_CF.avif,,,,,,,No,,,,No,,,,
Visserie / boulonnerie / fixation – Réf. 68537553,,,,,,,,,,Yes,0.00,,No,,No,,,,,,No,,,LM-68537553,,,À fournir par le client - Leroy Merlin - Réf. 68537553,Fournitures client - Autres,Yes,,https://media.adeo.com/marketplace/LMFR/68537553/00000000000068537553_01c_FR_CF.avif,,,,,,,No,,,,No,,,,
Visserie / boulonnerie / fixation – Réf. 68537735,,,,,,,,,,Yes,0.00,,No,,No,,,,,,No,,,LM-68537735,,,À fournir par le client - Leroy Merlin - Réf. 68537735,Fournitures client - Autres,Yes,,https://media.adeo.com/marketplace/LMFR/68537735/00000000000068537735_01c_FR_CF.avif,,,,,,,No,,,,No,,,,
Visserie / boulonnerie / fixation – Réf. 68537763,,,,,,,,,,Yes,0.00,,No,,No,,,,,,No,,,LM-68537763,,,À fournir par le client - Leroy Merlin - Réf. 68537763,Fournitures client - Autres,Yes,,https://media.adeo.com/marketplace/LMFR/68537763/00000000000068537763_01c_FR_CF.avif,,,,,,,No,,,,No,,,,
Visserie / boulonnerie / fixation – Réf. 68537812,,,,,,,,,,Yes,0.00,,No,,No,,,,,,No,,,LM-68537812,,,À fournir par le client - Leroy Merlin - Réf. 68537812,Fournitures client - Autres,Yes,,https://media.adeo.com/marketplace/LMFR/68537812/00000000000068537812_01c_FR_CF.avif,,,,,,,No,,,,No,,,,
Visserie / boulonnerie / fixation – Réf. 68537833,,,,,,,,,,Yes,0.00,,No,,No,,,,,,No,,,LM-68537833,,,À fournir par le client - Leroy Merlin - Réf. 68537833,Fournitures client - Autres,Yes,,https://media.adeo.com/marketplace/LMFR/68537833/00000000000068537833_01c_FR_CF.avif,,,,,,,No,,,,No,,,,
Visserie / boulonnerie / fixation – Réf. 68537840,,,,,,,,,,Yes,0.00,,No,,No,,,,,,No,,,LM-68537840,,,À fournir par le client - Leroy Merlin - Réf. 68537840,Fournitures client - Autres,Yes,,https://media.adeo.com/marketplace/LMFR/68537840/00000000000068537840_01c_FR_CF.avif,,,,,,,No,,,,No,,,,
Visserie / boulonnerie / fixation – Réf. 68537903,,,,,,,,,,Yes,0.00,,No,,No,,,,,,No,,,LM-68537903,,,À fournir par le client - Leroy Merlin - Réf. 68537903,Fournitures client - Autres,Yes,,https://media.adeo.com/marketplace/LMFR/68537903/00000000000068537903_01c_FR_CF.avif,,,,,,,No,,,,No,,,,
Visserie / boulonnerie / fixation – Réf. 68537910,,,,,,,,,,Yes,0.00,,No,,No,,,,,,No,,,LM-68537910,,,À fournir par le client - Leroy Merlin - Réf. 68537910,Fournitures client - Autres,Yes,,https://media.adeo.com/marketplace/LMFR/68537910/00000000000068537910_01c_FR_CF.avif,,,,,,,No,,,,No,,,,
Visserie / boulonnerie / fixation – Réf. 68537924,,,,,,,,,,Yes,0.00,,No,,No,,,,,,No,,,LM-68537924,,,À fournir par le client - Leroy Merlin - Réf. 68537924,Fournitures client - Autres,Yes,,https://media.adeo.com/marketplace/LMFR/68537924/00000000000068537924_01c_FR_CF.avif,,,,,,,No,,,,No,,,,
Visserie / boulonnerie / fixation – Réf. 68537931,,,,,,,,,,Yes,0.00,,No,,No,,,,,,No,,,LM-68537931,,,À fournir par le client - Leroy Merlin - Réf. 68537931,Fournitures client - Autres,Yes,,https://media.adeo.com/marketplace/LMFR/68537931/00000000000068537931_01c_FR_CF.avif,,,,,,,No,,,,No,,,,
Visserie / boulonnerie / fixation – Réf. 68537980,,,,,,,,,,Yes,0.00,,No,,No,,,,,,No,,,LM-68537980,,,À fournir par le client - Leroy Merlin - Réf. 68537980,Fournitures client - Autres,Yes,,https://media.adeo.com/marketplace/LMFR/68537980/00000000000068537980_01c_FR_CF.avif,,,,,,,No,,,,No,,,,
Visserie / boulonnerie / fixation – Réf. 68538162,,,,,,,,,,Yes,0.00,,No,,No,,,,,,No,,,LM-68538162,,,À fournir par le client - Leroy Merlin - Réf. 68538162,Fournitures client - Autres,Yes,,https://media.adeo.com/marketplace/LMFR/68538162/00000000000068538162_01c_FR_CF.avif,,,,,,,No,,,,No,,,,
Visserie / boulonnerie / fixation – Réf. 68538596,,,,,,,,,,Yes,0.00,,No,,No,,,,,,No,,,LM-68538596,,,À fournir par le client - Leroy Merlin - Réf. 68538596,Fournitures client - Autres,Yes,,https://media.adeo.com/marketplace/LMFR/68538596/00000000000068538596_01c_FR_CF.avif,,,,,,,No,,,,No,,,,
Tiges filetées STANDERS acier zingué M4x200 - lot 4 – Réf. 68538743,,,,,,,,,,Yes,0.00,,No,,No,,,,,,No,,,LM-68538743,,,À fournir par le client - Leroy Merlin - Réf. 68538743,Fournitures client - Autres,Yes,,https://media.adeo.com/marketplace/LMFR/68538743/00000000000068538743_01c_FR_CF.avif,,,,,,,No,,,,No,,,,
Tiges filetées STANDERS acier zingué M5x200 - lot 2 – Réf. 68538750,,,,,,,,,,Yes,0.00,,No,,No,,,,,,No,,,LM-68538750,,,À fournir par le client - Leroy Merlin - Réf. 68538750,Fournitures client - Autres,Yes,,https://media.adeo.com/marketplace/LMFR/68538750/00000000000068538750_01c_FR_CF.avif,,,,,,,No,,,,No,,,,
Tiges filetées STANDERS acier zingué M8x200 - lot 2 – Réf. 68538771,,,,,,,,,,Yes,0.00,,No,,No,,,,,,No,,,LM-68538771,,,À fournir par le client - Leroy Merlin - Réf. 68538771,Fournitures client - Autres,Yes,,https://media.adeo.com/marketplace/LMFR/68538771/00000000000068538771_01c_FR_CF.avif,,,,,,,No,,,,No,,,,
Visserie / boulonnerie / fixation – Réf. 68540486,,,,,,,,,,Yes,0.00,,No,,No,,,,,,No,,,LM-68540486,,,À fournir par le client - Leroy Merlin - Réf. 68540486,Fournitures client - Autres,Yes,,https://media.adeo.com/marketplace/LMFR/68540486/00000000000068540486_01c_FR_CF.avif,,,,,,,No,,,,No,,,,
Visserie / boulonnerie / fixation – Réf. 68540514,,,,,,,,,,Yes,0.00,,No,,No,,,,,,No,,,LM-68540514,,,À fournir par le client - Leroy Merlin - Réf. 68540514,Fournitures client - Autres,Yes,,https://media.adeo.com/marketplace/LMFR/68540514/00000000000068540514_01c_FR_CF.avif,,,,,,,No,,,,No,,,,
Visserie / boulonnerie / fixation – Réf. 68553681,,,,,,,,,,Yes,0.00,,No,,No,,,,,,No,,,LM-68553681,,,À fournir par le client - Leroy Merlin - Réf. 68553681,Fournitures client - Autres,Yes,,https://media.adeo.com/marketplace/LMFR/68553681/00000000000068553681_01c_FR_CF.avif,,,,,,,No,,,,No,,,,
Visserie / boulonnerie / fixation – Réf. 68563425,,,,,,,,,,Yes,0.00,,No,,No,,,,,,No,,,LM-68563425,,,À fournir par le client - Leroy Merlin - Réf. 68563425,Fournitures client - Autres,Yes,,https://media.adeo.com/marketplace/LMFR/68563425/00000000000068563425_01c_FR_CF.avif,,,,,,,No,,,,No,,,,
Vis SPAX Ø6x140 - lot 20 – Réf. 68642245,,,,,,,,,,Yes,0.00,,No,,No,,,,,,No,,,LM-68642245,,,À fournir par le client - Leroy Merlin - Réf. 68642245,Fournitures client - Fixation / Visserie,Yes,,https://media.adeo.com/marketplace/LMFR/68642245/00000000000068642245_01c_FR_CF.avif,,,,,,,No,,,,No,,,,
Embout de vissage SPAX – Réf. 68883325,,,,,,,,,,Yes,0.00,,No,,No,,,,,,No,,,LM-68883325,,,À fournir par le client - Leroy Merlin - Réf. 68883325,Fournitures client - Autres,Yes,,https://media.adeo.com/marketplace/LMFR/68883325/00000000000068883325_01c_FR_CF.avif,,,,,,,No,,,,No,,,,
Scellement chimique STANDERS Stan-Fix 300 ml + 2 canules – Réf. 69600951,,,,,,,,,,Yes,0.00,,No,,No,,,,,,No,,,LM-69600951,,,À fournir par le client - Leroy Merlin - Réf. 69600951,Fournitures client - Fixation / Visserie,Yes,,https://media.adeo.com/marketplace/LMFR/69600951/00000000000069600951_01c_FR_CF.avif,,,,,,,No,,,,No,,,,
Scellement chimique STANDERS Stan-Fix Pro 300 ml + 2 canules – Réf. 69601021,,,,,,,,,,Yes,0.00,,No,,No,,,,,,No,,,LM-69601021,,,À fournir par le client - Leroy Merlin - Réf. 69601021,Fournitures client - Fixation / Visserie,Yes,,https://media.adeo.com/marketplace/LMFR/69601021/00000000000069601021_01c_FR_CF.avif,,,,,,,No,,,,No,,,,
Scellement chimique STANDERS Stan-Fix 165 ml + 2 canules – Réf. 69601035,,,,,,,,,,Yes,0.00,,No,,No,,,,,,No,,,LM-69601035,,,À fournir par le client - Leroy Merlin - Réf. 69601035,Fournitures client - Fixation / Visserie,Yes,,https://media.adeo.com/marketplace/LMFR/69601035/00000000000069601035_01c_FR_CF.avif,,,,,,,No,,,,No,,,,
Cheville / fixation bâtiment – Réf. 69601070,,,,,,,,,,Yes,0.00,,No,,No,,,,,,No,,,LM-69601070,,,À fournir par le client - Leroy Merlin - Réf. 69601070,Fournitures client - Fixation / Visserie,Yes,,https://media.adeo.com/marketplace/LMFR/69601070/00000000000069601070_01c_FR_CF.avif,,,,,,,No,,,,No,,,,
Béton express PRB 20 kg – Réf. 69858684,,,,,,,,,,Yes,0.00,,No,,No,,,,,,No,,,LM-69858684,,,À fournir par le client - Leroy Merlin - Réf. 69858684,Fournitures client - Maçonnerie,Yes,,https://media.adeo.com/marketplace/LMFR/69858684/00000000000069858684_01c_FR_CF.avif,,,,,,,No,,,,No,,,,
Consommable peinture / préparation – Réf. 70052654,,,,,,,,,,Yes,0.00,,No,,No,,,,,,No,,,LM-70052654,,,À fournir par le client - Leroy Merlin - Réf. 70052654,Fournitures client - Peinture / Enduit,Yes,,https://media.adeo.com/marketplace/LMFR/70052654/00000000000070052654_01c_FR_CF.avif,,,,,,,No,,,,No,,,,
Consommable peinture / préparation – Réf. 70182721,,,,,,,,,,Yes,0.00,,No,,No,,,,,,No,,,LM-70182721,,,À fournir par le client - Leroy Merlin - Réf. 70182721,Fournitures client - Peinture / Enduit,Yes,,https://media.adeo.com/marketplace/LMFR/70182721/00000000000070182721_01c_FR_CF.avif,,,,,,,No,,,,No,,,,
Vis SPAX tête cylindrique Ø5x50 - lot 550 – Réf. 70243082,,,,,,,,,,Yes,0.00,,No,,No,,,,,,No,,,LM-70243082,,,À fournir par le client - Leroy Merlin - Réf. 70243082,Fournitures client - Fixation / Visserie,Yes,,https://media.adeo.com/marketplace/LMFR/70243082/00000000000070243082_01c_FR_CF.avif,,,,,,,No,,,,No,,,,
Consommable peinture / préparation – Réf. 70620172,,,,,,,,,,Yes,0.00,,No,,No,,,,,,No,,,LM-70620172,,,À fournir par le client - Leroy Merlin - Réf. 70620172,Fournitures client - Peinture / Enduit,Yes,,https://media.adeo.com/marketplace/LMFR/70620172/00000000000070620172_01c_FR_CF.avif,,,,,,,No,,,,No,,,,
Consommable peinture / préparation – Réf. 70620242,,,,,,,,,,Yes,0.00,,No,,No,,,,,,No,,,LM-70620242,,,À fournir par le client - Leroy Merlin - Réf. 70620242,Fournitures client - Peinture / Enduit,Yes,,https://media.adeo.com/marketplace/LMFR/70620242/00000000000070620242_01c_FR_CF.avif,,,,,,,No,,,,No,,,,
Consommable peinture / préparation – Réf. 70620536,,,,,,,,,,Yes,0.00,,No,,No,,,,,,No,,,LM-70620536,,,À fournir par le client - Leroy Merlin - Réf. 70620536,Fournitures client - Peinture / Enduit,Yes,,https://media.adeo.com/marketplace/LMFR/70620536/00000000000070620536_01c_FR_CF.avif,,,,,,,No,,,,No,,,,
Consommable peinture / préparation – Réf. 70620732,,,,,,,,,,Yes,0.00,,No,,No,,,,,,No,,,LM-70620732,,,À fournir par le client - Leroy Merlin - Réf. 70620732,Fournitures client - Peinture / Enduit,Yes,,https://media.adeo.com/marketplace/LMFR/70620732/00000000000070620732_01c_FR_CF.avif,,,,,,,No,,,,No,,,,
Foret béton SDS+ TIVOLY Ø16x200 – Réf. 70770161,,,,,,,,,,Yes,0.00,,No,,No,,,,,,No,,,LM-70770161,,,À fournir par le client - Leroy Merlin - Réf. 70770161,Fournitures client - Maçonnerie,Yes,,https://media.adeo.com/marketplace/LMFR/70770161/00000000000070770161_01c_FR_CF.avif,,,,,,,No,,,,No,,,,
Chevilles FISCHER DuoPower Ø8x40 - lot 100 – Réf. 70909762,,,,,,,,,,Yes,0.00,,No,,No,,,,,,No,,,LM-70909762,,,À fournir par le client - Leroy Merlin - Réf. 70909762,Fournitures client - Fixation / Visserie,Yes,,https://media.adeo.com/marketplace/LMFR/70909762/00000000000070909762_01c_FR_CF.avif,,,,,,,No,,,,No,,,,
Chevilles + vis FISCHER DuoPower Ø8x40 - lot 50 – Réf. 70909811,,,,,,,,,,Yes,0.00,,No,,No,,,,,,No,,,LM-70909811,,,À fournir par le client - Leroy Merlin - Réf. 70909811,Fournitures client - Fixation / Visserie,Yes,,https://media.adeo.com/marketplace/LMFR/70909811/00000000000070909811_01c_FR_CF.avif,,,,,,,No,,,,No,,,,
Chevilles FISCHER DuoPower Ø6/8/10 - lot 210 – Réf. 70921130,,,,,,,,,,Yes,0.00,,No,,No,,,,,,No,,,LM-70921130,,,À fournir par le client - Leroy Merlin - Réf. 70921130,Fournitures client - Fixation / Visserie,Yes,,https://media.adeo.com/marketplace/LMFR/70921130/00000000000070921130_01c_FR_CF.avif,,,,,,,No,,,,No,,,,
Béton gris PRB 30 kg – Réf. 72598036,,,,,,,,,,Yes,0.00,,No,,No,,,,,,No,,,LM-72598036,,,À fournir par le client - Leroy Merlin - Réf. 72598036,Fournitures client - Maçonnerie,Yes,,https://media.adeo.com/marketplace/LMFR/72598036/00000000000072598036_01c_FR_CF.avif,,,,,,,No,,,,No,,,,
Béton haute résistance PRB 30 kg – Réf. 73720521,,,,,,,,,,Yes,0.00,,No,,No,,,,,,No,,,LM-73720521,,,À fournir par le client - Leroy Merlin - Réf. 73720521,Fournitures client - Maçonnerie,Yes,,https://media.adeo.com/marketplace/LMFR/73720521/00000000000073720521_01c_FR_CF.avif,,,,,,,No,,,,No,,,,
Borne / connecteur / accessoire électrique – Réf. 75810595,,,,,,,,,,Yes,0.00,,No,,No,,,,,,No,,,LM-75810595,,,À fournir par le client - Leroy Merlin - Réf. 75810595,Fournitures client - Autres,Yes,,https://media.adeo.com/marketplace/LMFR/75810595/00000000000075810595_01c_FR_CF.avif,,,,,,,No,,,,No,,,,
Chevilles FISCHER DuoPower Ø6x30 - Big Pack 240 – Réf. 76932254,,,,,,,,,,Yes,0.00,,No,,No,,,,,,No,,,LM-76932254,,,À fournir par le client - Leroy Merlin - Réf. 76932254,Fournitures client - Fixation / Visserie,Yes,,https://media.adeo.com/marketplace/LMFR/76932254/00000000000076932254_01c_FR_CF.avif,,,,,,,No,,,,No,,,,
Vis SPAX T-Star+ Ø4x45 - lot 450 – Réf. 77676263,,,,,,,,,,Yes,0.00,,No,,No,,,,,,No,,,LM-77676263,,,À fournir par le client - Leroy Merlin - Réf. 77676263,Fournitures client - Fixation / Visserie,Yes,,https://media.adeo.com/marketplace/LMFR/77676263/00000000000077676263_01c_FR_CF.avif,,,,,,,No,,,,No,,,,
Vis SPAX T-Star+ Ø4x60 - lot 300 – Réf. 77676270,,,,,,,,,,Yes,0.00,,No,,No,,,,,,No,,,LM-77676270,,,À fournir par le client - Leroy Merlin - Réf. 77676270,Fournitures client - Fixation / Visserie,Yes,,https://media.adeo.com/marketplace/LMFR/77676270/00000000000077676270_01c_FR_CF.avif,,,,,,,No,,,,No,,,,
Vis SPAX T-Star+ Ø4x20 - lot 100 – Réf. 77676424,,,,,,,,,,Yes,0.00,,No,,No,,,,,,No,,,LM-77676424,,,À fournir par le client - Leroy Merlin - Réf. 77676424,Fournitures client - Fixation / Visserie,Yes,,https://media.adeo.com/marketplace/LMFR/77676424/00000000000077676424_01c_FR_CF.avif,,,,,,,No,,,,No,,,,
Vis SPAX T-Star+ Ø4x25 - lot 100 – Réf. 77676431,,,,,,,,,,Yes,0.00,,No,,No,,,,,,No,,,LM-77676431,,,À fournir par le client - Leroy Merlin - Réf. 77676431,Fournitures client - Fixation / Visserie,Yes,,https://media.adeo.com/marketplace/LMFR/77676431/00000000000077676431_01c_FR_CF.avif,,,,,,,No,,,,No,,,,
Visserie / boulonnerie / fixation – Réf. 77676564,,,,,,,,,,Yes,0.00,,No,,No,,,,,,No,,,LM-77676564,,,À fournir par le client - Leroy Merlin - Réf. 77676564,Fournitures client - Autres,Yes,,https://media.adeo.com/marketplace/LMFR/77676564/00000000000077676564_01c_FR_CF.avif,,,,,,,No,,,,No,,,,
Visserie / boulonnerie / fixation – Réf. 77676816,,,,,,,,,,Yes,0.00,,No,,No,,,,,,No,,,LM-77676816,,,À fournir par le client - Leroy Merlin - Réf. 77676816,Fournitures client - Autres,Yes,,https://media.adeo.com/marketplace/LMFR/77676816/00000000000077676816_01c_FR_CF.avif,,,,,,,No,,,,No,,,,
Visserie / boulonnerie / fixation – Réf. 77676830,,,,,,,,,,Yes,0.00,,No,,No,,,,,,No,,,LM-77676830,,,À fournir par le client - Leroy Merlin - Réf. 77676830,Fournitures client - Autres,Yes,,https://media.adeo.com/marketplace/LMFR/77676830/00000000000077676830_01c_FR_CF.avif,,,,,,,No,,,,No,,,,
Vis SPAX tête ronde Ø3x10 - lot 30 – Réf. 77676942,,,,,,,,,,Yes,0.00,,No,,No,,,,,,No,,,LM-77676942,,,À fournir par le client - Leroy Merlin - Réf. 77676942,Fournitures client - Fixation / Visserie,Yes,,https://media.adeo.com/marketplace/LMFR/77676942/00000000000077676942_01c_FR_CF.avif,,,,,,,No,,,,No,,,,
Visserie / boulonnerie / fixation – Réf. 77677005,,,,,,,,,,Yes,0.00,,No,,No,,,,,,No,,,LM-77677005,,,À fournir par le client - Leroy Merlin - Réf. 77677005,Fournitures client - Autres,Yes,,https://media.adeo.com/marketplace/LMFR/77677005/00000000000077677005_01c_FR_CF.avif,,,,,,,No,,,,No,,,,
Visserie / boulonnerie / fixation – Réf. 77677012,,,,,,,,,,Yes,0.00,,No,,No,,,,,,No,,,LM-77677012,,,À fournir par le client - Leroy Merlin - Réf. 77677012,Fournitures client - Autres,Yes,,https://media.adeo.com/marketplace/LMFR/77677012/00000000000077677012_01c_FR_CF.avif,,,,,,,No,,,,No,,,,
Espaceurs SPAX 4/5/6/7 mm – Réf. 79520084,,,,,,,,,,Yes,0.00,,No,,No,,,,,,No,,,LM-79520084,,,À fournir par le client - Leroy Merlin - Réf. 79520084,Fournitures client - Autres,Yes,,https://media.adeo.com/marketplace/LMFR/79520084/00000000000079520084_01c_FR_CF.avif,,,,,,,No,,,,No,,,,
Chevilles FISCHER DuoPower Ø10x50 - lot 50 – Réf. 79678746,,,,,,,,,,Yes,0.00,,No,,No,,,,,,No,,,LM-79678746,,,À fournir par le client - Leroy Merlin - Réf. 79678746,Fournitures client - Fixation / Visserie,Yes,,https://media.adeo.com/marketplace/LMFR/79678746/00000000000079678746_01c_FR_CF.avif,,,,,,,No,,,,No,,,,
Scellement chimique STANDERS Fix 300 ml - lot 2 – Réf. 79793504,,,,,,,,,,Yes,0.00,,No,,No,,,,,,No,,,LM-79793504,,,À fournir par le client - Leroy Merlin - Réf. 79793504,Fournitures client - Fixation / Visserie,Yes,,https://media.adeo.com/marketplace/LMFR/79793504/00000000000079793504_01c_FR_CF.avif,,,,,,,No,,,,No,,,,
Tamis scellement chimique SPIT Ndall Ø16 - lot 4 – Réf. 80121261,,,,,,,,,,Yes,0.00,,No,,No,,,,,,No,,,LM-80121261,,,À fournir par le client - Leroy Merlin - Réf. 80121261,Fournitures client - Fixation / Visserie,Yes,,https://media.adeo.com/marketplace/LMFR/80121261/00000000000080121261_01c_FR_CF.avif,,,,,,,No,,,,No,,,,
Tamis scellement chimique SPIT Ndall Ø10 - lot 4 – Réf. 80121262,,,,,,,,,,Yes,0.00,,No,,No,,,,,,No,,,LM-80121262,,,À fournir par le client - Leroy Merlin - Réf. 80121262,Fournitures client - Fixation / Visserie,Yes,,https://media.adeo.com/marketplace/LMFR/80121262/00000000000080121262_01c_FR_CF.avif,,,,,,,No,,,,No,,,,
Scellement chimique SPIT beige 300 ml – Réf. 80121303,,,,,,,,,,Yes,0.00,,No,,No,,,,,,No,,,LM-80121303,,,À fournir par le client - Leroy Merlin - Réf. 80121303,Fournitures client - Fixation / Visserie,Yes,,https://media.adeo.com/marketplace/LMFR/80121303/00000000000080121303_01c_FR_CF.avif,,,,,,,No,,,,No,,,,
Scellement chimique SPIT gris 300 ml – Réf. 80121305,,,,,,,,,,Yes,0.00,,No,,No,,,,,,No,,,LM-80121305,,,À fournir par le client - Leroy Merlin - Réf. 80121305,Fournitures client - Fixation / Visserie,Yes,,https://media.adeo.com/marketplace/LMFR/80121305/00000000000080121305_01c_FR_CF.avif,,,,,,,No,,,,No,,,,
Cheville / fixation bâtiment – Réf. 80125274,,,,,,,,,,Yes,0.00,,No,,No,,,,,,No,,,LM-80125274,,,À fournir par le client - Leroy Merlin - Réf. 80125274,Fournitures client - Fixation / Visserie,Yes,,https://media.adeo.com/marketplace/LMFR/80125274/00000000000080125274_01c_FR_CF.avif,,,,,,,No,,,,No,,,,
Chevilles + vis FISCHER Ø6x30 - lot 12 – Réf. 80125280,,,,,,,,,,Yes,0.00,,No,,No,,,,,,No,,,LM-80125280,,,À fournir par le client - Leroy Merlin - Réf. 80125280,Fournitures client - Fixation / Visserie,Yes,,https://media.adeo.com/marketplace/LMFR/80125280/00000000000080125280_01c_FR_CF.avif,,,,,,,No,,,,No,,,,
Chevilles + tirefonds FISCHER Ø10x50 - lot 4 – Réf. 80125282,,,,,,,,,,Yes,0.00,,No,,No,,,,,,No,,,LM-80125282,,,À fournir par le client - Leroy Merlin - Réf. 80125282,Fournitures client - Fixation / Visserie,Yes,,https://media.adeo.com/marketplace/LMFR/80125282/00000000000080125282_01c_FR_CF.avif,,,,,,,No,,,,No,,,,
Chevilles + vis nylon FISCHER Ø12x60 - kit 2 – Réf. 80125283,,,,,,,,,,Yes,0.00,,No,,No,,,,,,No,,,LM-80125283,,,À fournir par le client - Leroy Merlin - Réf. 80125283,Fournitures client - Fixation / Visserie,Yes,,https://media.adeo.com/marketplace/LMFR/80125283/00000000000080125283_01c_FR_CF.avif,,,,,,,No,,,,No,,,,
Chevilles + vis nylon FISCHER L65 - kit 4 – Réf. 80125285,,,,,,,,,,Yes,0.00,,No,,No,,,,,,No,,,LM-80125285,,,À fournir par le client - Leroy Merlin - Réf. 80125285,Fournitures client - Fixation / Visserie,Yes,,https://media.adeo.com/marketplace/LMFR/80125285/00000000000080125285_01c_FR_CF.avif,,,,,,,No,,,,No,,,,
Chevilles multi-matériaux + vis FISCHER - lot 4 – Réf. 80125286,,,,,,,,,,Yes,0.00,,No,,No,,,,,,No,,,LM-80125286,,,À fournir par le client - Leroy Merlin - Réf. 80125286,Fournitures client - Fixation / Visserie,Yes,,https://media.adeo.com/marketplace/LMFR/80125286/00000000000080125286_01c_FR_CF.avif,,,,,,,No,,,,No,,,,
Chevilles nylon FISCHER Ø6x30 - kit 28 – Réf. 80125287,,,,,,,,,,Yes,0.00,,No,,No,,,,,,No,,,LM-80125287,,,À fournir par le client - Leroy Merlin - Réf. 80125287,Fournitures client - Fixation / Visserie,Yes,,https://media.adeo.com/marketplace/LMFR/80125287/00000000000080125287_01c_FR_CF.avif,,,,,,,No,,,,No,,,,
Chevilles FISCHER DuoPower Ø8x40 - lot 18 – Réf. 80125288,,,,,,,,,,Yes,0.00,,No,,No,,,,,,No,,,LM-80125288,,,À fournir par le client - Leroy Merlin - Réf. 80125288,Fournitures client - Fixation / Visserie,Yes,,https://media.adeo.com/marketplace/LMFR/80125288/00000000000080125288_01c_FR_CF.avif,,,,,,,No,,,,No,,,,
Chevilles nylon FISCHER Ø10x50 - kit 8 – Réf. 80125289,,,,,,,,,,Yes,0.00,,No,,No,,,,,,No,,,LM-80125289,,,À fournir par le client - Leroy Merlin - Réf. 80125289,Fournitures client - Fixation / Visserie,Yes,,https://media.adeo.com/marketplace/LMFR/80125289/00000000000080125289_01c_FR_CF.avif,,,,,,,No,,,,No,,,,
Chevilles nylon FISCHER Ø12x60 - kit 4 – Réf. 80125290,,,,,,,,,,Yes,0.00,,No,,No,,,,,,No,,,LM-80125290,,,À fournir par le client - Leroy Merlin - Réf. 80125290,Fournitures client - Fixation / Visserie,Yes,,https://media.adeo.com/marketplace/LMFR/80125290/00000000000080125290_01c_FR_CF.avif,,,,,,,No,,,,No,,,,
Cheville / fixation bâtiment – Réf. 80125454,,,,,,,,,,Yes,0.00,,No,,No,,,,,,No,,,LM-80125454,,,À fournir par le client - Leroy Merlin - Réf. 80125454,Fournitures client - Fixation / Visserie,Yes,,https://media.adeo.com/marketplace/LMFR/80125454/00000000000080125454_01c_FR_CF.avif,,,,,,,No,,,,No,,,,
Cheville / fixation bâtiment – Réf. 80125466,,,,,,,,,,Yes,0.00,,No,,No,,,,,,No,,,LM-80125466,,,À fournir par le client - Leroy Merlin - Réf. 80125466,Fournitures client - Fixation / Visserie,Yes,,https://media.adeo.com/marketplace/LMFR/80125466/00000000000080125466_01c_FR_CF.avif,,,,,,,No,,,,No,,,,
Cheville / fixation bâtiment – Réf. 80125469,,,,,,,,,,Yes,0.00,,No,,No,,,,,,No,,,LM-80125469,,,À fournir par le client - Leroy Merlin - Réf. 80125469,Fournitures client - Fixation / Visserie,Yes,,https://media.adeo.com/marketplace/LMFR/80125469/00000000000080125469_01c_FR_CF.avif,,,,,,,No,,,,No,,,,
Cheville / fixation bâtiment – Réf. 80125478,,,,,,,,,,Yes,0.00,,No,,No,,,,,,No,,,LM-80125478,,,À fournir par le client - Leroy Merlin - Réf. 80125478,Fournitures client - Fixation / Visserie,Yes,,https://media.adeo.com/marketplace/LMFR/80125478/00000000000080125478_01c_FR_CF.avif,,,,,,,No,,,,No,,,,
Cheville / fixation bâtiment – Réf. 80125482,,,,,,,,,,Yes,0.00,,No,,No,,,,,,No,,,LM-80125482,,,À fournir par le client - Leroy Merlin - Réf. 80125482,Fournitures client - Fixation / Visserie,Yes,,https://media.adeo.com/marketplace/LMFR/80125482/00000000000080125482_01c_FR_CF.avif,,,,,,,No,,,,No,,,,
Cheville / fixation bâtiment – Réf. 80125487,,,,,,,,,,Yes,0.00,,No,,No,,,,,,No,,,LM-80125487,,,À fournir par le client - Leroy Merlin - Réf. 80125487,Fournitures client - Fixation / Visserie,Yes,,https://media.adeo.com/marketplace/LMFR/80125487/00000000000080125487_01c_FR_CF.avif,,,,,,,No,,,,No,,,,
Cheville / fixation bâtiment – Réf. 80125491,,,,,,,,,,Yes,0.00,,No,,No,,,,,,No,,,LM-80125491,,,À fournir par le client - Leroy Merlin - Réf. 80125491,Fournitures client - Fixation / Visserie,Yes,,https://media.adeo.com/marketplace/LMFR/80125491/00000000000080125491_01c_FR_CF.avif,,,,,,,No,,,,No,,,,
Cheville / fixation bâtiment – Réf. 80125492,,,,,,,,,,Yes,0.00,,No,,No,,,,,,No,,,LM-80125492,,,À fournir par le client - Leroy Merlin - Réf. 80125492,Fournitures client - Fixation / Visserie,Yes,,https://media.adeo.com/marketplace/LMFR/80125492/00000000000080125492_01c_FR_CF.avif,,,,,,,No,,,,No,,,,
Cheville / fixation bâtiment – Réf. 80125495,,,,,,,,,,Yes,0.00,,No,,No,,,,,,No,,,LM-80125495,,,À fournir par le client - Leroy Merlin - Réf. 80125495,Fournitures client - Fixation / Visserie,Yes,,https://media.adeo.com/marketplace/LMFR/80125495/00000000000080125495_01c_FR_CF.avif,,,,,,,No,,,,No,,,,
Cheville / fixation bâtiment – Réf. 80125496,,,,,,,,,,Yes,0.00,,No,,No,,,,,,No,,,LM-80125496,,,À fournir par le client - Leroy Merlin - Réf. 80125496,Fournitures client - Fixation / Visserie,Yes,,https://media.adeo.com/marketplace/LMFR/80125496/00000000000080125496_01c_FR_CF.avif,,,,,,,No,,,,No,,,,
Cheville / fixation bâtiment – Réf. 80125502,,,,,,,,,,Yes,0.00,,No,,No,,,,,,No,,,LM-80125502,,,À fournir par le client - Leroy Merlin - Réf. 80125502,Fournitures client - Fixation / Visserie,Yes,,https://media.adeo.com/marketplace/LMFR/80125502/00000000000080125502_01c_FR_CF.avif,,,,,,,No,,,,No,,,,
Cheville / fixation bâtiment – Réf. 80125506,,,,,,,,,,Yes,0.00,,No,,No,,,,,,No,,,LM-80125506,,,À fournir par le client - Leroy Merlin - Réf. 80125506,Fournitures client - Fixation / Visserie,Yes,,https://media.adeo.com/marketplace/LMFR/80125506/00000000000080125506_01c_FR_CF.avif,,,,,,,No,,,,No,,,,
Cheville / fixation bâtiment – Réf. 80125510,,,,,,,,,,Yes,0.00,,No,,No,,,,,,No,,,LM-80125510,,,À fournir par le client - Leroy Merlin - Réf. 80125510,Fournitures client - Fixation / Visserie,Yes,,https://media.adeo.com/marketplace/LMFR/80125510/00000000000080125510_01c_FR_CF.avif,,,,,,,No,,,,No,,,,
Cheville / fixation bâtiment – Réf. 80125512,,,,,,,,,,Yes,0.00,,No,,No,,,,,,No,,,LM-80125512,,,À fournir par le client - Leroy Merlin - Réf. 80125512,Fournitures client - Fixation / Visserie,Yes,,https://media.adeo.com/marketplace/LMFR/80125512/00000000000080125512_01c_FR_CF.avif,,,,,,,No,,,,No,,,,
Cheville / fixation bâtiment – Réf. 80125513,,,,,,,,,,Yes,0.00,,No,,No,,,,,,No,,,LM-80125513,,,À fournir par le client - Leroy Merlin - Réf. 80125513,Fournitures client - Fixation / Visserie,Yes,,https://media.adeo.com/marketplace/LMFR/80125513/00000000000080125513_01c_FR_CF.avif,,,,,,,No,,,,No,,,,
Joint carrelage mosaïque AXTON blanc 0.9 kg – Réf. 80129238,,,,,,,,,,Yes,0.00,,No,,No,,,,,,No,,,LM-80129238,,,À fournir par le client - Leroy Merlin - Réf. 80129238,Fournitures client - Carrelage,Yes,,https://media.adeo.com/marketplace/LMFR/80129238/00000000000080129238_01c_FR_CF.avif,,,,,,,No,,,,No,,,,
Cheville / fixation bâtiment – Réf. 80129466,,,,,,,,,,Yes,0.00,,No,,No,,,,,,No,,,LM-80129466,,,À fournir par le client - Leroy Merlin - Réf. 80129466,Fournitures client - Fixation / Visserie,Yes,,https://media.adeo.com/marketplace/LMFR/80129466/00000000000080129466_01c_FR_CF.avif,,,,,,,No,,,,No,,,,
Cheville / fixation bâtiment – Réf. 80129468,,,,,,,,,,Yes,0.00,,No,,No,,,,,,No,,,LM-80129468,,,À fournir par le client - Leroy Merlin - Réf. 80129468,Fournitures client - Fixation / Visserie,Yes,,https://media.adeo.com/marketplace/LMFR/80129468/00000000000080129468_01c_FR_CF.avif,,,,,,,No,,,,No,,,,
Cheville / fixation bâtiment – Réf. 80129469,,,,,,,,,,Yes,0.00,,No,,No,,,,,,No,,,LM-80129469,,,À fournir par le client - Leroy Merlin - Réf. 80129469,Fournitures client - Fixation / Visserie,Yes,,https://media.adeo.com/marketplace/LMFR/80129469/00000000000080129469_01c_FR_CF.avif,,,,,,,No,,,,No,,,,
Cheville / fixation bâtiment – Réf. 80130302,,,,,,,,,,Yes,0.00,,No,,No,,,,,,No,,,LM-80130302,,,À fournir par le client - Leroy Merlin - Réf. 80130302,Fournitures client - Fixation / Visserie,Yes,,https://media.adeo.com/marketplace/LMFR/80130302/00000000000080130302_01c_FR_CF.avif,,,,,,,No,,,,No,,,,
Cheville / fixation bâtiment – Réf. 80130304,,,,,,,,,,Yes,0.00,,No,,No,,,,,,No,,,LM-80130304,,,À fournir par le client - Leroy Merlin - Réf. 80130304,Fournitures client - Fixation / Visserie,Yes,,https://media.adeo.com/marketplace/LMFR/80130304/00000000000080130304_01c_FR_CF.avif,,,,,,,No,,,,No,,,,
Cheville / fixation bâtiment – Réf. 80130306,,,,,,,,,,Yes,0.00,,No,,No,,,,,,No,,,LM-80130306,,,À fournir par le client - Leroy Merlin - Réf. 80130306,Fournitures client - Fixation / Visserie,Yes,,https://media.adeo.com/marketplace/LMFR/80130306/00000000000080130306_01c_FR_CF.avif,,,,,,,No,,,,No,,,,
Cheville / fixation bâtiment – Réf. 80130308,,,,,,,,,,Yes,0.00,,No,,No,,,,,,No,,,LM-80130308,,,À fournir par le client - Leroy Merlin - Réf. 80130308,Fournitures client - Fixation / Visserie,Yes,,https://media.adeo.com/marketplace/LMFR/80130308/00000000000080130308_01c_FR_CF.avif,,,,,,,No,,,,No,,,,
Cheville / fixation bâtiment – Réf. 80130310,,,,,,,,,,Yes,0.00,,No,,No,,,,,,No,,,LM-80130310,,,À fournir par le client - Leroy Merlin - Réf. 80130310,Fournitures client - Fixation / Visserie,Yes,,https://media.adeo.com/marketplace/LMFR/80130310/00000000000080130310_01c_FR_CF.avif,,,,,,,No,,,,No,,,,
Cheville / fixation bâtiment – Réf. 80130311,,,,,,,,,,Yes,0.00,,No,,No,,,,,,No,,,LM-80130311,,,À fournir par le client - Leroy Merlin - Réf. 80130311,Fournitures client - Fixation / Visserie,Yes,,https://media.adeo.com/marketplace/LMFR/80130311/00000000000080130311_01c_FR_CF.avif,,,,,,,No,,,,No,,,,
Cheville / fixation bâtiment – Réf. 80130313,,,,,,,,,,Yes,0.00,,No,,No,,,,,,No,,,LM-80130313,,,À fournir par le client - Leroy Merlin - Réf. 80130313,Fournitures client - Fixation / Visserie,Yes,,https://media.adeo.com/marketplace/LMFR/80130313/00000000000080130313_01c_FR_CF.avif,,,,,,,No,,,,No,,,,
Cheville / fixation bâtiment – Réf. 80130314,,,,,,,,,,Yes,0.00,,No,,No,,,,,,No,,,LM-80130314,,,À fournir par le client - Leroy Merlin - Réf. 80130314,Fournitures client - Fixation / Visserie,Yes,,https://media.adeo.com/marketplace/LMFR/80130314/00000000000080130314_01c_FR_CF.avif,,,,,,,No,,,,No,,,,
Cheville / fixation bâtiment – Réf. 80130315,,,,,,,,,,Yes,0.00,,No,,No,,,,,,No,,,LM-80130315,,,À fournir par le client - Leroy Merlin - Réf. 80130315,Fournitures client - Fixation / Visserie,Yes,,https://media.adeo.com/marketplace/LMFR/80130315/00000000000080130315_01c_FR_CF.avif,,,,,,,No,,,,No,,,,
Cheville / fixation bâtiment – Réf. 80130319,,,,,,,,,,Yes,0.00,,No,,No,,,,,,No,,,LM-80130319,,,À fournir par le client - Leroy Merlin - Réf. 80130319,Fournitures client - Fixation / Visserie,Yes,,https://media.adeo.com/marketplace/LMFR/80130319/00000000000080130319_01c_FR_CF.avif,,,,,,,No,,,,No,,,,
Cheville / fixation bâtiment – Réf. 80130321,,,,,,,,,,Yes,0.00,,No,,No,,,,,,No,,,LM-80130321,,,À fournir par le client - Leroy Merlin - Réf. 80130321,Fournitures client - Fixation / Visserie,Yes,,https://media.adeo.com/marketplace/LMFR/80130321/00000000000080130321_01c_FR_CF.avif,,,,,,,No,,,,No,,,,
Cheville / fixation bâtiment – Réf. 80130322,,,,,,,,,,Yes,0.00,,No,,No,,,,,,No,,,LM-80130322,,,À fournir par le client - Leroy Merlin - Réf. 80130322,Fournitures client - Fixation / Visserie,Yes,,https://media.adeo.com/marketplace/LMFR/80130322/00000000000080130322_01c_FR_CF.avif,,,,,,,No,,,,No,,,,
Scellement chimique RED HEAD ton pierre 300 ml – Réf. 80135854,,,,,,,,,,Yes,0.00,,No,,No,,,,,,No,,,LM-80135854,,,À fournir par le client - Leroy Merlin - Réf. 80135854,Fournitures client - Fixation / Visserie,Yes,,https://media.adeo.com/marketplace/LMFR/80135854/00000000000080135854_01c_FR_CF.avif,,,,,,,No,,,,No,,,,
Scellement chimique RED HEAD 300 ml – Réf. 80135855,,,,,,,,,,Yes,0.00,,No,,No,,,,,,No,,,LM-80135855,,,À fournir par le client - Leroy Merlin - Réf. 80135855,Fournitures client - Fixation / Visserie,Yes,,https://media.adeo.com/marketplace/LMFR/80135855/00000000000080135855_01c_FR_CF.avif,,,,,,,No,,,,No,,,,
Chevilles + vis FISCHER DuoPower Ø6x30 - lot 140 – Réf. 80139714,,,,,,,,,,Yes,0.00,,No,,No,,,,,,No,,,LM-80139714,,,À fournir par le client - Leroy Merlin - Réf. 80139714,Fournitures client - Fixation / Visserie,Yes,,https://media.adeo.com/marketplace/LMFR/80139714/00000000000080139714_01c_FR_CF.avif,,,,,,,No,,,,No,,,,
Mortier gris PRB 25 kg – Réf. 80153787,,,,,,,,,,Yes,0.00,,No,,No,,,,,,No,,,LM-80153787,,,À fournir par le client - Leroy Merlin - Réf. 80153787,Fournitures client - Maçonnerie,Yes,,https://media.adeo.com/marketplace/LMFR/80153787/00000000000080153787_01c_FR_CF.avif,,,,,,,No,,,,No,,,,
Appareillage LEGRAND Dooxie – Réf. 80164967,,,,,,,,,,Yes,0.00,,No,,No,,,,,,No,,,LM-80164967,,,À fournir par le client - Leroy Merlin - Réf. 80164967,Fournitures client - Autres,Yes,,https://media.adeo.com/marketplace/LMFR/80164967/00000000000080164967_01c_FR_CF.avif,,,,,,,No,,,,No,,,,
Appareillage LEGRAND Dooxie – Réf. 80165062,,,,,,,,,,Yes,0.00,,No,,No,,,,,,No,,,LM-80165062,,,À fournir par le client - Leroy Merlin - Réf. 80165062,Fournitures client - Autres,Yes,,https://media.adeo.com/marketplace/LMFR/80165062/00000000000080165062_01c_FR_CF.avif,,,,,,,No,,,,No,,,,
Appareillage LEGRAND Dooxie – Réf. 80165080,,,,,,,,,,Yes,0.00,,No,,No,,,,,,No,,,LM-80165080,,,À fournir par le client - Leroy Merlin - Réf. 80165080,Fournitures client - Autres,Yes,,https://media.adeo.com/marketplace/LMFR/80165080/00000000000080165080_01c_FR_CF.avif,,,,,,,No,,,,No,,,,
Appareillage LEGRAND Dooxie – Réf. 80165085,,,,,,,,,,Yes,0.00,,No,,No,,,,,,No,,,LM-80165085,,,À fournir par le client - Leroy Merlin - Réf. 80165085,Fournitures client - Autres,Yes,,https://media.adeo.com/marketplace/LMFR/80165085/00000000000080165085_01c_FR_CF.avif,,,,,,,No,,,,No,,,,
Appareillage LEGRAND Dooxie – Réf. 80165090,,,,,,,,,,Yes,0.00,,No,,No,,,,,,No,,,LM-80165090,,,À fournir par le client - Leroy Merlin - Réf. 80165090,Fournitures client - Autres,Yes,,https://media.adeo.com/marketplace/LMFR/80165090/00000000000080165090_01c_FR_CF.avif,,,,,,,No,,,,No,,,,
Appareillage LEGRAND Dooxie – Réf. 80165100,,,,,,,,,,Yes,0.00,,No,,No,,,,,,No,,,LM-80165100,,,À fournir par le client - Leroy Merlin - Réf. 80165100,Fournitures client - Autres,Yes,,https://media.adeo.com/marketplace/LMFR/80165100/00000000000080165100_01c_FR_CF.avif,,,,,,,No,,,,No,,,,
Appareillage LEGRAND Dooxie – Réf. 80165120,,,,,,,,,,Yes,0.00,,No,,No,,,,,,No,,,LM-80165120,,,À fournir par le client - Leroy Merlin - Réf. 80165120,Fournitures client - Autres,Yes,,https://media.adeo.com/marketplace/LMFR/80165120/00000000000080165120_01c_FR_CF.avif,,,,,,,No,,,,No,,,,
Raccord / accessoire plomberie – Réf. 82008709,,,,,,,,,,Yes,0.00,,No,,No,,,,,,No,,,LM-82008709,,,À fournir par le client - Leroy Merlin - Réf. 82008709,Fournitures client - Plomberie,Yes,,https://media.adeo.com/marketplace/LMFR/82008709/00000000000082008709_01c_FR_CF.avif,,,,,,,No,,,,No,,,,
Cheville / fixation bâtiment – Réf. 82009028,,,,,,,,,,Yes,0.00,,No,,No,,,,,,No,,,LM-82009028,,,À fournir par le client - Leroy Merlin - Réf. 82009028,Fournitures client - Fixation / Visserie,Yes,,https://media.adeo.com/marketplace/LMFR/82009028/00000000000082009028_01c_FR_CF.avif,,,,,,,No,,,,No,,,,
Cheville / fixation bâtiment – Réf. 82009042,,,,,,,,,,Yes,0.00,,No,,No,,,,,,No,,,LM-82009042,,,À fournir par le client - Leroy Merlin - Réf. 82009042,Fournitures client - Fixation / Visserie,Yes,,https://media.adeo.com/marketplace/LMFR/82009042/00000000000082009042_01c_FR_CF.avif,,,,,,,No,,,,No,,,,
Cheville / fixation bâtiment – Réf. 82009044,,,,,,,,,,Yes,0.00,,No,,No,,,,,,No,,,LM-82009044,,,À fournir par le client - Leroy Merlin - Réf. 82009044,Fournitures client - Fixation / Visserie,Yes,,https://media.adeo.com/marketplace/LMFR/82009044/00000000000082009044_01c_FR_CF.avif,,,,,,,No,,,,No,,,,
Cheville / fixation bâtiment – Réf. 82009062,,,,,,,,,,Yes,0.00,,No,,No,,,,,,No,,,LM-82009062,,,À fournir par le client - Leroy Merlin - Réf. 82009062,Fournitures client - Fixation / Visserie,Yes,,https://media.adeo.com/marketplace/LMFR/82009062/00000000000082009062_01c_FR_CF.avif,,,,,,,No,,,,No,,,,
Cheville / fixation bâtiment – Réf. 82009093,,,,,,,,,,Yes,0.00,,No,,No,,,,,,No,,,LM-82009093,,,À fournir par le client - Leroy Merlin - Réf. 82009093,Fournitures client - Fixation / Visserie,Yes,,https://media.adeo.com/marketplace/LMFR/82009093/00000000000082009093_01c_FR_CF.avif,,,,,,,No,,,,No,,,,
Visserie / boulonnerie / fixation – Réf. 82009094,,,,,,,,,,Yes,0.00,,No,,No,,,,,,No,,,LM-82009094,,,À fournir par le client - Leroy Merlin - Réf. 82009094,Fournitures client - Autres,Yes,,https://media.adeo.com/marketplace/LMFR/82009094/00000000000082009094_01c_FR_CF.avif,,,,,,,No,,,,No,,,,
Cheville / fixation bâtiment – Réf. 82009106,,,,,,,,,,Yes,0.00,,No,,No,,,,,,No,,,LM-82009106,,,À fournir par le client - Leroy Merlin - Réf. 82009106,Fournitures client - Fixation / Visserie,Yes,,https://media.adeo.com/marketplace/LMFR/82009106/00000000000082009106_01c_FR_CF.avif,,,,,,,No,,,,No,,,,
Vis plaque de plâtre SPAX Ø5.5x38 - lot 100 – Réf. 82134851,,,,,,,,,,Yes,0.00,,No,,No,,,,,,No,,,LM-82134851,,,À fournir par le client - Leroy Merlin - Réf. 82134851,Fournitures client - Fixation / Visserie,Yes,,https://media.adeo.com/marketplace/LMFR/82134851/00000000000082134851_01c_FR_CF.avif,,,,,,,No,,,,No,,,,
Vis SPAX tête plate Pozidriv Ø4x30 - lot 20 – Réf. 82144785,,,,,,,,,,Yes,0.00,,No,,No,,,,,,No,,,LM-82144785,,,À fournir par le client - Leroy Merlin - Réf. 82144785,Fournitures client - Fixation / Visserie,Yes,,https://media.adeo.com/marketplace/LMFR/82144785/00000000000082144785_01c_FR_CF.avif,,,,,,,No,,,,No,,,,
Visserie / boulonnerie / fixation – Réf. 82181935,,,,,,,,,,Yes,0.00,,No,,No,,,,,,No,,,LM-82181935,,,À fournir par le client - Leroy Merlin - Réf. 82181935,Fournitures client - Autres,Yes,,https://media.adeo.com/marketplace/LMFR/82181935/00000000000082181935_01c_FR_CF.avif,,,,,,,No,,,,No,,,,
Visserie / boulonnerie / fixation – Réf. 82181940,,,,,,,,,,Yes,0.00,,No,,No,,,,,,No,,,LM-82181940,,,À fournir par le client - Leroy Merlin - Réf. 82181940,Fournitures client - Autres,Yes,,https://media.adeo.com/marketplace/LMFR/82181940/00000000000082181940_01c_FR_CF.avif,,,,,,,No,,,,No,,,,
Visserie / boulonnerie / fixation – Réf. 82181946,,,,,,,,,,Yes,0.00,,No,,No,,,,,,No,,,LM-82181946,,,À fournir par le client - Leroy Merlin - Réf. 82181946,Fournitures client - Autres,Yes,,https://media.adeo.com/marketplace/LMFR/82181946/00000000000082181946_01c_FR_CF.avif,,,,,,,No,,,,No,,,,
Visserie / boulonnerie / fixation – Réf. 82181951,,,,,,,,,,Yes,0.00,,No,,No,,,,,,No,,,LM-82181951,,,À fournir par le client - Leroy Merlin - Réf. 82181951,Fournitures client - Autres,Yes,,https://media.adeo.com/marketplace/LMFR/82181951/00000000000082181951_01c_FR_CF.avif,,,,,,,No,,,,No,,,,
Visserie / boulonnerie / fixation – Réf. 82181955,,,,,,,,,,Yes,0.00,,No,,No,,,,,,No,,,LM-82181955,,,À fournir par le client - Leroy Merlin - Réf. 82181955,Fournitures client - Autres,Yes,,https://media.adeo.com/marketplace/LMFR/82181955/00000000000082181955_01c_FR_CF.avif,,,,,,,No,,,,No,,,,
Visserie / boulonnerie / fixation – Réf. 82181965,,,,,,,,,,Yes,0.00,,No,,No,,,,,,No,,,LM-82181965,,,À fournir par le client - Leroy Merlin - Réf. 82181965,Fournitures client - Autres,Yes,,https://media.adeo.com/marketplace/LMFR/82181965/00000000000082181965_01c_FR_CF.avif,,,,,,,No,,,,No,,,,
Visserie / boulonnerie / fixation – Réf. 82181968,,,,,,,,,,Yes,0.00,,No,,No,,,,,,No,,,LM-82181968,,,À fournir par le client - Leroy Merlin - Réf. 82181968,Fournitures client - Autres,Yes,,https://media.adeo.com/marketplace/LMFR/82181968/00000000000082181968_01c_FR_CF.avif,,,,,,,No,,,,No,,,,
Visserie / boulonnerie / fixation – Réf. 82181969,,,,,,,,,,Yes,0.00,,No,,No,,,,,,No,,,LM-82181969,,,À fournir par le client - Leroy Merlin - Réf. 82181969,Fournitures client - Autres,Yes,,https://media.adeo.com/marketplace/LMFR/82181969/00000000000082181969_01c_FR_CF.avif,,,,,,,No,,,,No,,,,
Visserie / boulonnerie / fixation – Réf. 82181974,,,,,,,,,,Yes,0.00,,No,,No,,,,,,No,,,LM-82181974,,,À fournir par le client - Leroy Merlin - Réf. 82181974,Fournitures client - Autres,Yes,,https://media.adeo.com/marketplace/LMFR/82181974/00000000000082181974_01c_FR_CF.avif,,,,,,,No,,,,No,,,,
Visserie / boulonnerie / fixation – Réf. 82181975,,,,,,,,,,Yes,0.00,,No,,No,,,,,,No,,,LM-82181975,,,À fournir par le client - Leroy Merlin - Réf. 82181975,Fournitures client - Autres,Yes,,https://media.adeo.com/marketplace/LMFR/82181975/00000000000082181975_01c_FR_CF.avif,,,,,,,No,,,,No,,,,
Visserie / boulonnerie / fixation – Réf. 82181999,,,,,,,,,,Yes,0.00,,No,,No,,,,,,No,,,LM-82181999,,,À fournir par le client - Leroy Merlin - Réf. 82181999,Fournitures client - Autres,Yes,,https://media.adeo.com/marketplace/LMFR/82181999/00000000000082181999_01c_FR_CF.avif,,,,,,,No,,,,No,,,,
Visserie / boulonnerie / fixation – Réf. 82182190,,,,,,,,,,Yes,0.00,,No,,No,,,,,,No,,,LM-82182190,,,À fournir par le client - Leroy Merlin - Réf. 82182190,Fournitures client - Autres,Yes,,https://media.adeo.com/marketplace/LMFR/82182190/00000000000082182190_01c_FR_CF.avif,,,,,,,No,,,,No,,,,
Visserie / boulonnerie / fixation – Réf. 82183929,,,,,,,,,,Yes,0.00,,No,,No,,,,,,No,,,LM-82183929,,,À fournir par le client - Leroy Merlin - Réf. 82183929,Fournitures client - Autres,Yes,,https://media.adeo.com/marketplace/LMFR/82183929/00000000000082183929_01c_FR_CF.avif,,,,,,,No,,,,No,,,,
Visserie / boulonnerie / fixation – Réf. 82183956,,,,,,,,,,Yes,0.00,,No,,No,,,,,,No,,,LM-82183956,,,À fournir par le client - Leroy Merlin - Réf. 82183956,Fournitures client - Autres,Yes,,https://media.adeo.com/marketplace/LMFR/82183956/00000000000082183956_01c_FR_CF.avif,,,,,,,No,,,,No,,,,
Visserie / boulonnerie / fixation – Réf. 82183970,,,,,,,,,,Yes,0.00,,No,,No,,,,,,No,,,LM-82183970,,,À fournir par le client - Leroy Merlin - Réf. 82183970,Fournitures client - Autres,Yes,,https://media.adeo.com/marketplace/LMFR/82183970/00000000000082183970_01c_FR_CF.avif,,,,,,,No,,,,No,,,,
Visserie / boulonnerie / fixation – Réf. 82184776,,,,,,,,,,Yes,0.00,,No,,No,,,,,,No,,,LM-82184776,,,À fournir par le client - Leroy Merlin - Réf. 82184776,Fournitures client - Autres,Yes,,https://media.adeo.com/marketplace/LMFR/82184776/00000000000082184776_01c_FR_CF.avif,,,,,,,No,,,,No,,,,
Visserie / boulonnerie / fixation – Réf. 82184781,,,,,,,,,,Yes,0.00,,No,,No,,,,,,No,,,LM-82184781,,,À fournir par le client - Leroy Merlin - Réf. 82184781,Fournitures client - Autres,Yes,,https://media.adeo.com/marketplace/LMFR/82184781/00000000000082184781_01c_FR_CF.avif,,,,,,,No,,,,No,,,,
Visserie / boulonnerie / fixation – Réf. 82184786,,,,,,,,,,Yes,0.00,,No,,No,,,,,,No,,,LM-82184786,,,À fournir par le client - Leroy Merlin - Réf. 82184786,Fournitures client - Autres,Yes,,https://media.adeo.com/marketplace/LMFR/82184786/00000000000082184786_01c_FR_CF.avif,,,,,,,No,,,,No,,,,
Visserie / boulonnerie / fixation – Réf. 82184801,,,,,,,,,,Yes,0.00,,No,,No,,,,,,No,,,LM-82184801,,,À fournir par le client - Leroy Merlin - Réf. 82184801,Fournitures client - Autres,Yes,,https://media.adeo.com/marketplace/LMFR/82184801/00000000000082184801_01c_FR_CF.avif,,,,,,,No,,,,No,,,,
Visserie / boulonnerie / fixation – Réf. 82184806,,,,,,,,,,Yes,0.00,,No,,No,,,,,,No,,,LM-82184806,,,À fournir par le client - Leroy Merlin - Réf. 82184806,Fournitures client - Autres,Yes,,https://media.adeo.com/marketplace/LMFR/82184806/00000000000082184806_01c_FR_CF.avif,,,,,,,No,,,,No,,,,
Visserie / boulonnerie / fixation – Réf. 82184810,,,,,,,,,,Yes,0.00,,No,,No,,,,,,No,,,LM-82184810,,,À fournir par le client - Leroy Merlin - Réf. 82184810,Fournitures client - Autres,Yes,,https://media.adeo.com/marketplace/LMFR/82184810/00000000000082184810_01c_FR_CF.avif,,,,,,,No,,,,No,,,,
Visserie / boulonnerie / fixation – Réf. 82184813,,,,,,,,,,Yes,0.00,,No,,No,,,,,,No,,,LM-82184813,,,À fournir par le client - Leroy Merlin - Réf. 82184813,Fournitures client - Autres,Yes,,https://media.adeo.com/marketplace/LMFR/82184813/00000000000082184813_01c_FR_CF.avif,,,,,,,No,,,,No,,,,
Visserie / boulonnerie / fixation – Réf. 82231763,,,,,,,,,,Yes,0.00,,No,,No,,,,,,No,,,LM-82231763,,,À fournir par le client - Leroy Merlin - Réf. 82231763,Fournitures client - Autres,Yes,,https://media.adeo.com/marketplace/LMFR/82231763/00000000000082231763_01c_FR_CF.avif,,,,,,,No,,,,No,,,,
Visserie / boulonnerie / fixation – Réf. 82231786,,,,,,,,,,Yes,0.00,,No,,No,,,,,,No,,,LM-82231786,,,À fournir par le client - Leroy Merlin - Réf. 82231786,Fournitures client - Autres,Yes,,https://media.adeo.com/marketplace/LMFR/82231786/00000000000082231786_01c_FR_CF.avif,,,,,,,No,,,,No,,,,
Visserie / boulonnerie / fixation – Réf. 82231802,,,,,,,,,,Yes,0.00,,No,,No,,,,,,No,,,LM-82231802,,,À fournir par le client - Leroy Merlin - Réf. 82231802,Fournitures client - Autres,Yes,,https://media.adeo.com/marketplace/LMFR/82231802/00000000000082231802_01c_FR_CF.avif,,,,,,,No,,,,No,,,,
Visserie / boulonnerie / fixation – Réf. 82231822,,,,,,,,,,Yes,0.00,,No,,No,,,,,,No,,,LM-82231822,,,À fournir par le client - Leroy Merlin - Réf. 82231822,Fournitures client - Autres,Yes,,https://media.adeo.com/marketplace/LMFR/82231822/00000000000082231822_01c_FR_CF.avif,,,,,,,No,,,,No,,,,
Visserie / boulonnerie / fixation – Réf. 82231831,,,,,,,,,,Yes,0.00,,No,,No,,,,,,No,,,LM-82231831,,,À fournir par le client - Leroy Merlin - Réf. 82231831,Fournitures client - Autres,Yes,,https://media.adeo.com/marketplace/LMFR/82231831/00000000000082231831_01c_FR_CF.avif,,,,,,,No,,,,No,,,,
Visserie / boulonnerie / fixation – Réf. 82231840,,,,,,,,,,Yes,0.00,,No,,No,,,,,,No,,,LM-82231840,,,À fournir par le client - Leroy Merlin - Réf. 82231840,Fournitures client - Autres,Yes,,https://media.adeo.com/marketplace/LMFR/82231840/00000000000082231840_01c_FR_CF.avif,,,,,,,No,,,,No,,,,
Visserie / boulonnerie / fixation – Réf. 82231841,,,,,,,,,,Yes,0.00,,No,,No,,,,,,No,,,LM-82231841,,,À fournir par le client - Leroy Merlin - Réf. 82231841,Fournitures client - Autres,Yes,,https://media.adeo.com/marketplace/LMFR/82231841/00000000000082231841_01c_FR_CF.avif,,,,,,,No,,,,No,,,,
Visserie / boulonnerie / fixation – Réf. 82231842,,,,,,,,,,Yes,0.00,,No,,No,,,,,,No,,,LM-82231842,,,À fournir par le client - Leroy Merlin - Réf. 82231842,Fournitures client - Autres,Yes,,https://media.adeo.com/marketplace/LMFR/82231842/00000000000082231842_01c_FR_CF.avif,,,,,,,No,,,,No,,,,
Visserie / boulonnerie / fixation – Réf. 82231844,,,,,,,,,,Yes,0.00,,No,,No,,,,,,No,,,LM-82231844,,,À fournir par le client - Leroy Merlin - Réf. 82231844,Fournitures client - Autres,Yes,,https://media.adeo.com/marketplace/LMFR/82231844/00000000000082231844_01c_FR_CF.avif,,,,,,,No,,,,No,,,,
Visserie / boulonnerie / fixation – Réf. 82231845,,,,,,,,,,Yes,0.00,,No,,No,,,,,,No,,,LM-82231845,,,À fournir par le client - Leroy Merlin - Réf. 82231845,Fournitures client - Autres,Yes,,https://media.adeo.com/marketplace/LMFR/82231845/00000000000082231845_01c_FR_CF.avif,,,,,,,No,,,,No,,,,
Visserie / boulonnerie / fixation – Réf. 82231856,,,,,,,,,,Yes,0.00,,No,,No,,,,,,No,,,LM-82231856,,,À fournir par le client - Leroy Merlin - Réf. 82231856,Fournitures client - Autres,Yes,,https://media.adeo.com/marketplace/LMFR/82231856/00000000000082231856_01c_FR_CF.avif,,,,,,,No,,,,No,,,,
Visserie / boulonnerie / fixation – Réf. 82231861,,,,,,,,,,Yes,0.00,,No,,No,,,,,,No,,,LM-82231861,,,À fournir par le client - Leroy Merlin - Réf. 82231861,Fournitures client - Autres,Yes,,https://media.adeo.com/marketplace/LMFR/82231861/00000000000082231861_01c_FR_CF.avif,,,,,,,No,,,,No,,,,
Visserie / boulonnerie / fixation – Réf. 82231866,,,,,,,,,,Yes,0.00,,No,,No,,,,,,No,,,LM-82231866,,,À fournir par le client - Leroy Merlin - Réf. 82231866,Fournitures client - Autres,Yes,,https://media.adeo.com/marketplace/LMFR/82231866/00000000000082231866_01c_FR_CF.avif,,,,,,,No,,,,No,,,,
Visserie / boulonnerie / fixation – Réf. 82231874,,,,,,,,,,Yes,0.00,,No,,No,,,,,,No,,,LM-82231874,,,À fournir par le client - Leroy Merlin - Réf. 82231874,Fournitures client - Autres,Yes,,https://media.adeo.com/marketplace/LMFR/82231874/00000000000082231874_01c_FR_CF.avif,,,,,,,No,,,,No,,,,
Visserie / boulonnerie / fixation – Réf. 82231875,,,,,,,,,,Yes,0.00,,No,,No,,,,,,No,,,LM-82231875,,,À fournir par le client - Leroy Merlin - Réf. 82231875,Fournitures client - Autres,Yes,,https://media.adeo.com/marketplace/LMFR/82231875/00000000000082231875_01c_FR_CF.avif,,,,,,,No,,,,No,,,,
Visserie / boulonnerie / fixation – Réf. 82231880,,,,,,,,,,Yes,0.00,,No,,No,,,,,,No,,,LM-82231880,,,À fournir par le client - Leroy Merlin - Réf. 82231880,Fournitures client - Autres,Yes,,https://media.adeo.com/marketplace/LMFR/82231880/00000000000082231880_01c_FR_CF.avif,,,,,,,No,,,,No,,,,
Visserie / boulonnerie / fixation – Réf. 82231881,,,,,,,,,,Yes,0.00,,No,,No,,,,,,No,,,LM-82231881,,,À fournir par le client - Leroy Merlin - Réf. 82231881,Fournitures client - Autres,Yes,,https://media.adeo.com/marketplace/LMFR/82231881/00000000000082231881_01c_FR_CF.avif,,,,,,,No,,,,No,,,,
Visserie / boulonnerie / fixation – Réf. 82231891,,,,,,,,,,Yes,0.00,,No,,No,,,,,,No,,,LM-82231891,,,À fournir par le client - Leroy Merlin - Réf. 82231891,Fournitures client - Autres,Yes,,https://media.adeo.com/marketplace/LMFR/82231891/00000000000082231891_01c_FR_CF.avif,,,,,,,No,,,,No,,,,
Visserie / boulonnerie / fixation – Réf. 82231893,,,,,,,,,,Yes,0.00,,No,,No,,,,,,No,,,LM-82231893,,,À fournir par le client - Leroy Merlin - Réf. 82231893,Fournitures client - Autres,Yes,,https://media.adeo.com/marketplace/LMFR/82231893/00000000000082231893_01c_FR_CF.avif,,,,,,,No,,,,No,,,,
Visserie / boulonnerie / fixation – Réf. 82231898,,,,,,,,,,Yes,0.00,,No,,No,,,,,,No,,,LM-82231898,,,À fournir par le client - Leroy Merlin - Réf. 82231898,Fournitures client - Autres,Yes,,https://media.adeo.com/marketplace/LMFR/82231898/00000000000082231898_01c_FR_CF.avif,,,,,,,No,,,,No,,,,
Visserie / boulonnerie / fixation – Réf. 82231899,,,,,,,,,,Yes,0.00,,No,,No,,,,,,No,,,LM-82231899,,,À fournir par le client - Leroy Merlin - Réf. 82231899,Fournitures client - Autres,Yes,,https://media.adeo.com/marketplace/LMFR/82231899/00000000000082231899_01c_FR_CF.avif,,,,,,,No,,,,No,,,,
Visserie / boulonnerie / fixation – Réf. 82231905,,,,,,,,,,Yes,0.00,,No,,No,,,,,,No,,,LM-82231905,,,À fournir par le client - Leroy Merlin - Réf. 82231905,Fournitures client - Autres,Yes,,https://media.adeo.com/marketplace/LMFR/82231905/00000000000082231905_01c_FR_CF.avif,,,,,,,No,,,,No,,,,
Visserie / boulonnerie / fixation – Réf. 82231915,,,,,,,,,,Yes,0.00,,No,,No,,,,,,No,,,LM-82231915,,,À fournir par le client - Leroy Merlin - Réf. 82231915,Fournitures client - Autres,Yes,,https://media.adeo.com/marketplace/LMFR/82231915/00000000000082231915_01c_FR_CF.avif,,,,,,,No,,,,No,,,,
Visserie / boulonnerie / fixation – Réf. 82231916,,,,,,,,,,Yes,0.00,,No,,No,,,,,,No,,,LM-82231916,,,À fournir par le client - Leroy Merlin - Réf. 82231916,Fournitures client - Autres,Yes,,https://media.adeo.com/marketplace/LMFR/82231916/00000000000082231916_01c_FR_CF.avif,,,,,,,No,,,,No,,,,
Visserie / boulonnerie / fixation – Réf. 82239575,,,,,,,,,,Yes,0.00,,No,,No,,,,,,No,,,LM-82239575,,,À fournir par le client - Leroy Merlin - Réf. 82239575,Fournitures client - Autres,Yes,,https://media.adeo.com/marketplace/LMFR/82239575/00000000000082239575_01c_FR_CF.avif,,,,,,,No,,,,No,,,,
Visserie / boulonnerie / fixation – Réf. 82240539,,,,,,,,,,Yes,0.00,,No,,No,,,,,,No,,,LM-82240539,,,À fournir par le client - Leroy Merlin - Réf. 82240539,Fournitures client - Autres,Yes,,https://media.adeo.com/marketplace/LMFR/82240539/00000000000082240539_01c_FR_CF.avif,,,,,,,No,,,,No,,,,
Visserie / boulonnerie / fixation – Réf. 82240554,,,,,,,,,,Yes,0.00,,No,,No,,,,,,No,,,LM-82240554,,,À fournir par le client - Leroy Merlin - Réf. 82240554,Fournitures client - Autres,Yes,,https://media.adeo.com/marketplace/LMFR/82240554/00000000000082240554_01c_FR_CF.avif,,,,,,,No,,,,No,,,,
Visserie / boulonnerie / fixation – Réf. 82240555,,,,,,,,,,Yes,0.00,,No,,No,,,,,,No,,,LM-82240555,,,À fournir par le client - Leroy Merlin - Réf. 82240555,Fournitures client - Autres,Yes,,https://media.adeo.com/marketplace/LMFR/82240555/00000000000082240555_01c_FR_CF.avif,,,,,,,No,,,,No,,,,
Visserie / boulonnerie / fixation – Réf. 82240556,,,,,,,,,,Yes,0.00,,No,,No,,,,,,No,,,LM-82240556,,,À fournir par le client - Leroy Merlin - Réf. 82240556,Fournitures client - Autres,Yes,,https://media.adeo.com/marketplace/LMFR/82240556/00000000000082240556_01c_FR_CF.avif,,,,,,,No,,,,No,,,,
Consommable peinture / préparation – Réf. 82306450,,,,,,,,,,Yes,0.00,,No,,No,,,,,,No,,,LM-82306450,,,À fournir par le client - Leroy Merlin - Réf. 82306450,Fournitures client - Peinture / Enduit,Yes,,https://media.adeo.com/marketplace/LMFR/82306450/00000000000082306450_01c_FR_CF.avif,,,,,,,No,,,,No,,,,
Consommable peinture / préparation – Réf. 82306459,,,,,,,,,,Yes,0.00,,No,,No,,,,,,No,,,LM-82306459,,,À fournir par le client - Leroy Merlin - Réf. 82306459,Fournitures client - Peinture / Enduit,Yes,,https://media.adeo.com/marketplace/LMFR/82306459/00000000000082306459_01c_FR_CF.avif,,,,,,,No,,,,No,,,,
Béton gris PRB 25 kg – Réf. 82338779,,,,,,,,,,Yes,0.00,,No,,No,,,,,,No,,,LM-82338779,,,À fournir par le client - Leroy Merlin - Réf. 82338779,Fournitures client - Maçonnerie,Yes,,https://media.adeo.com/marketplace/LMFR/82338779/00000000000082338779_01c_FR_CF.avif,,,,,,,No,,,,No,,,,
Mortier montage petits travaux PRB 25 kg – Réf. 82338781,,,,,,,,,,Yes,0.00,,No,,No,,,,,,No,,,LM-82338781,,,À fournir par le client - Leroy Merlin - Réf. 82338781,Fournitures client - Maçonnerie,Yes,,https://media.adeo.com/marketplace/LMFR/82338781/00000000000082338781_01c_FR_CF.avif,,,,,,,No,,,,No,,,,
Cheville / fixation bâtiment – Réf. 82509556,,,,,,,,,,Yes,0.00,,No,,No,,,,,,No,,,LM-82509556,,,À fournir par le client - Leroy Merlin - Réf. 82509556,Fournitures client - Fixation / Visserie,Yes,,https://media.adeo.com/marketplace/LMFR/82509556/00000000000082509556_01c_FR_CF.avif,,,,,,,No,,,,No,,,,
Visserie / boulonnerie / fixation – Réf. 82582730,,,,,,,,,,Yes,0.00,,No,,No,,,,,,No,,,LM-82582730,,,À fournir par le client - Leroy Merlin - Réf. 82582730,Fournitures client - Autres,Yes,,https://media.adeo.com/marketplace/LMFR/82582730/00000000000082582730_01c_FR_CF.avif,,,,,,,No,,,,No,,,,
Visserie / boulonnerie / fixation – Réf. 82582738,,,,,,,,,,Yes,0.00,,No,,No,,,,,,No,,,LM-82582738,,,À fournir par le client - Leroy Merlin - Réf. 82582738,Fournitures client - Autres,Yes,,https://media.adeo.com/marketplace/LMFR/82582738/00000000000082582738_01c_FR_CF.avif,,,,,,,No,,,,No,,,,
Visserie / boulonnerie / fixation – Réf. 82582740,,,,,,,,,,Yes,0.00,,No,,No,,,,,,No,,,LM-82582740,,,À fournir par le client - Leroy Merlin - Réf. 82582740,Fournitures client - Autres,Yes,,https://media.adeo.com/marketplace/LMFR/82582740/00000000000082582740_01c_FR_CF.avif,,,,,,,No,,,,No,,,,
Visserie / boulonnerie / fixation – Réf. 82582747,,,,,,,,,,Yes,0.00,,No,,No,,,,,,No,,,LM-82582747,,,À fournir par le client - Leroy Merlin - Réf. 82582747,Fournitures client - Autres,Yes,,https://media.adeo.com/marketplace/LMFR/82582747/00000000000082582747_01c_FR_CF.avif,,,,,,,No,,,,No,,,,
Visserie / boulonnerie / fixation – Réf. 82582749,,,,,,,,,,Yes,0.00,,No,,No,,,,,,No,,,LM-82582749,,,À fournir par le client - Leroy Merlin - Réf. 82582749,Fournitures client - Autres,Yes,,https://media.adeo.com/marketplace/LMFR/82582749/00000000000082582749_01c_FR_CF.avif,,,,,,,No,,,,No,,,,
Visserie / boulonnerie / fixation – Réf. 82582758,,,,,,,,,,Yes,0.00,,No,,No,,,,,,No,,,LM-82582758,,,À fournir par le client - Leroy Merlin - Réf. 82582758,Fournitures client - Autres,Yes,,https://media.adeo.com/marketplace/LMFR/82582758/00000000000082582758_01c_FR_CF.avif,,,,,,,No,,,,No,,,,
Visserie / boulonnerie / fixation – Réf. 82582760,,,,,,,,,,Yes,0.00,,No,,No,,,,,,No,,,LM-82582760,,,À fournir par le client - Leroy Merlin - Réf. 82582760,Fournitures client - Autres,Yes,,https://media.adeo.com/marketplace/LMFR/82582760/00000000000082582760_01c_FR_CF.avif,,,,,,,No,,,,No,,,,
Visserie / boulonnerie / fixation – Réf. 82582761,,,,,,,,,,Yes,0.00,,No,,No,,,,,,No,,,LM-82582761,,,À fournir par le client - Leroy Merlin - Réf. 82582761,Fournitures client - Autres,Yes,,https://media.adeo.com/marketplace/LMFR/82582761/00000000000082582761_01c_FR_CF.avif,,,,,,,No,,,,No,,,,
Visserie / boulonnerie / fixation – Réf. 82582762,,,,,,,,,,Yes,0.00,,No,,No,,,,,,No,,,LM-82582762,,,À fournir par le client - Leroy Merlin - Réf. 82582762,Fournitures client - Autres,Yes,,https://media.adeo.com/marketplace/LMFR/82582762/00000000000082582762_01c_FR_CF.avif,,,,,,,No,,,,No,,,,
Visserie / boulonnerie / fixation – Réf. 82582763,,,,,,,,,,Yes,0.00,,No,,No,,,,,,No,,,LM-82582763,,,À fournir par le client - Leroy Merlin - Réf. 82582763,Fournitures client - Autres,Yes,,https://media.adeo.com/marketplace/LMFR/82582763/00000000000082582763_01c_FR_CF.avif,,,,,,,No,,,,No,,,,
Visserie / boulonnerie / fixation – Réf. 82582770,,,,,,,,,,Yes,0.00,,No,,No,,,,,,No,,,LM-82582770,,,À fournir par le client - Leroy Merlin - Réf. 82582770,Fournitures client - Autres,Yes,,https://media.adeo.com/marketplace/LMFR/82582770/00000000000082582770_01c_FR_CF.avif,,,,,,,No,,,,No,,,,
Visserie / boulonnerie / fixation – Réf. 82582775,,,,,,,,,,Yes,0.00,,No,,No,,,,,,No,,,LM-82582775,,,À fournir par le client - Leroy Merlin - Réf. 82582775,Fournitures client - Autres,Yes,,https://media.adeo.com/marketplace/LMFR/82582775/00000000000082582775_01c_FR_CF.avif,,,,,,,No,,,,No,,,,
Visserie / boulonnerie / fixation – Réf. 82582776,,,,,,,,,,Yes,0.00,,No,,No,,,,,,No,,,LM-82582776,,,À fournir par le client - Leroy Merlin - Réf. 82582776,Fournitures client - Autres,Yes,,https://media.adeo.com/marketplace/LMFR/82582776/00000000000082582776_01c_FR_CF.avif,,,,,,,No,,,,No,,,,
Visserie / boulonnerie / fixation – Réf. 82582777,,,,,,,,,,Yes,0.00,,No,,No,,,,,,No,,,LM-82582777,,,À fournir par le client - Leroy Merlin - Réf. 82582777,Fournitures client - Autres,Yes,,https://media.adeo.com/marketplace/LMFR/82582777/00000000000082582777_01c_FR_CF.avif,,,,,,,No,,,,No,,,,
Visserie / boulonnerie / fixation – Réf. 82582789,,,,,,,,,,Yes,0.00,,No,,No,,,,,,No,,,LM-82582789,,,À fournir par le client - Leroy Merlin - Réf. 82582789,Fournitures client - Autres,Yes,,https://media.adeo.com/marketplace/LMFR/82582789/00000000000082582789_01c_FR_CF.avif,,,,,,,No,,,,No,,,,
Visserie / boulonnerie / fixation – Réf. 82582790,,,,,,,,,,Yes,0.00,,No,,No,,,,,,No,,,LM-82582790,,,À fournir par le client - Leroy Merlin - Réf. 82582790,Fournitures client - Autres,Yes,,https://media.adeo.com/marketplace/LMFR/82582790/00000000000082582790_01c_FR_CF.avif,,,,,,,No,,,,No,,,,
Visserie / boulonnerie / fixation – Réf. 82582791,,,,,,,,,,Yes,0.00,,No,,No,,,,,,No,,,LM-82582791,,,À fournir par le client - Leroy Merlin - Réf. 82582791,Fournitures client - Autres,Yes,,https://media.adeo.com/marketplace/LMFR/82582791/00000000000082582791_01c_FR_CF.avif,,,,,,,No,,,,No,,,,
Visserie / boulonnerie / fixation – Réf. 82582794,,,,,,,,,,Yes,0.00,,No,,No,,,,,,No,,,LM-82582794,,,À fournir par le client - Leroy Merlin - Réf. 82582794,Fournitures client - Autres,Yes,,https://media.adeo.com/marketplace/LMFR/82582794/00000000000082582794_01c_FR_CF.avif,,,,,,,No,,,,No,,,,
Visserie / boulonnerie / fixation – Réf. 82582796,,,,,,,,,,Yes,0.00,,No,,No,,,,,,No,,,LM-82582796,,,À fournir par le client - Leroy Merlin - Réf. 82582796,Fournitures client - Autres,Yes,,https://media.adeo.com/marketplace/LMFR/82582796/00000000000082582796_01c_FR_CF.avif,,,,,,,No,,,,No,,,,
Visserie / boulonnerie / fixation – Réf. 82582799,,,,,,,,,,Yes,0.00,,No,,No,,,,,,No,,,LM-82582799,,,À fournir par le client - Leroy Merlin - Réf. 82582799,Fournitures client - Autres,Yes,,https://media.adeo.com/marketplace/LMFR/82582799/00000000000082582799_01c_FR_CF.avif,,,,,,,No,,,,No,,,,
Visserie / boulonnerie / fixation – Réf. 82582802,,,,,,,,,,Yes,0.00,,No,,No,,,,,,No,,,LM-82582802,,,À fournir par le client - Leroy Merlin - Réf. 82582802,Fournitures client - Autres,Yes,,https://media.adeo.com/marketplace/LMFR/82582802/00000000000082582802_01c_FR_CF.avif,,,,,,,No,,,,No,,,,
Visserie / boulonnerie / fixation – Réf. 82582803,,,,,,,,,,Yes,0.00,,No,,No,,,,,,No,,,LM-82582803,,,À fournir par le client - Leroy Merlin - Réf. 82582803,Fournitures client - Autres,Yes,,https://media.adeo.com/marketplace/LMFR/82582803/00000000000082582803_01c_FR_CF.avif,,,,,,,No,,,,No,,,,
Visserie / boulonnerie / fixation – Réf. 82582804,,,,,,,,,,Yes,0.00,,No,,No,,,,,,No,,,LM-82582804,,,À fournir par le client - Leroy Merlin - Réf. 82582804,Fournitures client - Autres,Yes,,https://media.adeo.com/marketplace/LMFR/82582804/00000000000082582804_01c_FR_CF.avif,,,,,,,No,,,,No,,,,
Visserie / boulonnerie / fixation – Réf. 82582808,,,,,,,,,,Yes,0.00,,No,,No,,,,,,No,,,LM-82582808,,,À fournir par le client - Leroy Merlin - Réf. 82582808,Fournitures client - Autres,Yes,,https://media.adeo.com/marketplace/LMFR/82582808/00000000000082582808_01c_FR_CF.avif,,,,,,,No,,,,No,,,,
Visserie / boulonnerie / fixation – Réf. 82582810,,,,,,,,,,Yes,0.00,,No,,No,,,,,,No,,,LM-82582810,,,À fournir par le client - Leroy Merlin - Réf. 82582810,Fournitures client - Autres,Yes,,https://media.adeo.com/marketplace/LMFR/82582810/00000000000082582810_01c_FR_CF.avif,,,,,,,No,,,,No,,,,
Visserie / boulonnerie / fixation – Réf. 82582812,,,,,,,,,,Yes,0.00,,No,,No,,,,,,No,,,LM-82582812,,,À fournir par le client - Leroy Merlin - Réf. 82582812,Fournitures client - Autres,Yes,,https://media.adeo.com/marketplace/LMFR/82582812/00000000000082582812_01c_FR_CF.avif,,,,,,,No,,,,No,,,,
Visserie / boulonnerie / fixation – Réf. 82582814,,,,,,,,,,Yes,0.00,,No,,No,,,,,,No,,,LM-82582814,,,À fournir par le client - Leroy Merlin - Réf. 82582814,Fournitures client - Autres,Yes,,https://media.adeo.com/marketplace/LMFR/82582814/00000000000082582814_01c_FR_CF.avif,,,,,,,No,,,,No,,,,
Visserie / boulonnerie / fixation – Réf. 82582823,,,,,,,,,,Yes,0.00,,No,,No,,,,,,No,,,LM-82582823,,,À fournir par le client - Leroy Merlin - Réf. 82582823,Fournitures client - Autres,Yes,,https://media.adeo.com/marketplace/LMFR/82582823/00000000000082582823_01c_FR_CF.avif,,,,,,,No,,,,No,,,,
Visserie / boulonnerie / fixation – Réf. 82582824,,,,,,,,,,Yes,0.00,,No,,No,,,,,,No,,,LM-82582824,,,À fournir par le client - Leroy Merlin - Réf. 82582824,Fournitures client - Autres,Yes,,https://media.adeo.com/marketplace/LMFR/82582824/00000000000082582824_01c_FR_CF.avif,,,,,,,No,,,,No,,,,
Visserie / boulonnerie / fixation – Réf. 82582838,,,,,,,,,,Yes,0.00,,No,,No,,,,,,No,,,LM-82582838,,,À fournir par le client - Leroy Merlin - Réf. 82582838,Fournitures client - Autres,Yes,,https://media.adeo.com/marketplace/LMFR/82582838/00000000000082582838_01c_FR_CF.avif,,,,,,,No,,,,No,,,,
Visserie / boulonnerie / fixation – Réf. 82582839,,,,,,,,,,Yes,0.00,,No,,No,,,,,,No,,,LM-82582839,,,À fournir par le client - Leroy Merlin - Réf. 82582839,Fournitures client - Autres,Yes,,https://media.adeo.com/marketplace/LMFR/82582839/00000000000082582839_01c_FR_CF.avif,,,,,,,No,,,,No,,,,
Visserie / boulonnerie / fixation – Réf. 82582840,,,,,,,,,,Yes,0.00,,No,,No,,,,,,No,,,LM-82582840,,,À fournir par le client - Leroy Merlin - Réf. 82582840,Fournitures client - Autres,Yes,,https://media.adeo.com/marketplace/LMFR/82582840/00000000000082582840_01c_FR_CF.avif,,,,,,,No,,,,No,,,,
Visserie / boulonnerie / fixation – Réf. 82582843,,,,,,,,,,Yes,0.00,,No,,No,,,,,,No,,,LM-82582843,,,À fournir par le client - Leroy Merlin - Réf. 82582843,Fournitures client - Autres,Yes,,https://media.adeo.com/marketplace/LMFR/82582843/00000000000082582843_01c_FR_CF.avif,,,,,,,No,,,,No,,,,
Visserie / boulonnerie / fixation – Réf. 82582850,,,,,,,,,,Yes,0.00,,No,,No,,,,,,No,,,LM-82582850,,,À fournir par le client - Leroy Merlin - Réf. 82582850,Fournitures client - Autres,Yes,,https://media.adeo.com/marketplace/LMFR/82582850/00000000000082582850_01c_FR_CF.avif,,,,,,,No,,,,No,,,,
Visserie / boulonnerie / fixation – Réf. 82582859,,,,,,,,,,Yes,0.00,,No,,No,,,,,,No,,,LM-82582859,,,À fournir par le client - Leroy Merlin - Réf. 82582859,Fournitures client - Autres,Yes,,https://media.adeo.com/marketplace/LMFR/82582859/00000000000082582859_01c_FR_CF.avif,,,,,,,No,,,,No,,,,
Visserie / boulonnerie / fixation – Réf. 82582862,,,,,,,,,,Yes,0.00,,No,,No,,,,,,No,,,LM-82582862,,,À fournir par le client - Leroy Merlin - Réf. 82582862,Fournitures client - Autres,Yes,,https://media.adeo.com/marketplace/LMFR/82582862/00000000000082582862_01c_FR_CF.avif,,,,,,,No,,,,No,,,,
Visserie / boulonnerie / fixation – Réf. 82582866,,,,,,,,,,Yes,0.00,,No,,No,,,,,,No,,,LM-82582866,,,À fournir par le client - Leroy Merlin - Réf. 82582866,Fournitures client - Autres,Yes,,https://media.adeo.com/marketplace/LMFR/82582866/00000000000082582866_01c_FR_CF.avif,,,,,,,No,,,,No,,,,
Visserie / boulonnerie / fixation – Réf. 82582871,,,,,,,,,,Yes,0.00,,No,,No,,,,,,No,,,LM-82582871,,,À fournir par le client - Leroy Merlin - Réf. 82582871,Fournitures client - Autres,Yes,,https://media.adeo.com/marketplace/LMFR/82582871/00000000000082582871_01c_FR_CF.avif,,,,,,,No,,,,No,,,,
Visserie / boulonnerie / fixation – Réf. 82582875,,,,,,,,,,Yes,0.00,,No,,No,,,,,,No,,,LM-82582875,,,À fournir par le client - Leroy Merlin - Réf. 82582875,Fournitures client - Autres,Yes,,https://media.adeo.com/marketplace/LMFR/82582875/00000000000082582875_01c_FR_CF.avif,,,,,,,No,,,,No,,,,
Visserie / boulonnerie / fixation – Réf. 82582876,,,,,,,,,,Yes,0.00,,No,,No,,,,,,No,,,LM-82582876,,,À fournir par le client - Leroy Merlin - Réf. 82582876,Fournitures client - Autres,Yes,,https://media.adeo.com/marketplace/LMFR/82582876/00000000000082582876_01c_FR_CF.avif,,,,,,,No,,,,No,,,,
Visserie / boulonnerie / fixation – Réf. 82582877,,,,,,,,,,Yes,0.00,,No,,No,,,,,,No,,,LM-82582877,,,À fournir par le client - Leroy Merlin - Réf. 82582877,Fournitures client - Autres,Yes,,https://media.adeo.com/marketplace/LMFR/82582877/00000000000082582877_01c_FR_CF.avif,,,,,,,No,,,,No,,,,
Visserie / boulonnerie / fixation – Réf. 82582882,,,,,,,,,,Yes,0.00,,No,,No,,,,,,No,,,LM-82582882,,,À fournir par le client - Leroy Merlin - Réf. 82582882,Fournitures client - Autres,Yes,,https://media.adeo.com/marketplace/LMFR/82582882/00000000000082582882_01c_FR_CF.avif,,,,,,,No,,,,No,,,,
Visserie / boulonnerie / fixation – Réf. 82582889,,,,,,,,,,Yes,0.00,,No,,No,,,,,,No,,,LM-82582889,,,À fournir par le client - Leroy Merlin - Réf. 82582889,Fournitures client - Autres,Yes,,https://media.adeo.com/marketplace/LMFR/82582889/00000000000082582889_01c_FR_CF.avif,,,,,,,No,,,,No,,,,
Visserie / boulonnerie / fixation – Réf. 82582890,,,,,,,,,,Yes,0.00,,No,,No,,,,,,No,,,LM-82582890,,,À fournir par le client - Leroy Merlin - Réf. 82582890,Fournitures client - Autres,Yes,,https://media.adeo.com/marketplace/LMFR/82582890/00000000000082582890_01c_FR_CF.avif,,,,,,,No,,,,No,,,,
Visserie / boulonnerie / fixation – Réf. 82582892,,,,,,,,,,Yes,0.00,,No,,No,,,,,,No,,,LM-82582892,,,À fournir par le client - Leroy Merlin - Réf. 82582892,Fournitures client - Autres,Yes,,https://media.adeo.com/marketplace/LMFR/82582892/00000000000082582892_01c_FR_CF.avif,,,,,,,No,,,,No,,,,
Visserie / boulonnerie / fixation – Réf. 82582893,,,,,,,,,,Yes,0.00,,No,,No,,,,,,No,,,LM-82582893,,,À fournir par le client - Leroy Merlin - Réf. 82582893,Fournitures client - Autres,Yes,,https://media.adeo.com/marketplace/LMFR/82582893/00000000000082582893_01c_FR_CF.avif,,,,,,,No,,,,No,,,,
Visserie / boulonnerie / fixation – Réf. 82582894,,,,,,,,,,Yes,0.00,,No,,No,,,,,,No,,,LM-82582894,,,À fournir par le client - Leroy Merlin - Réf. 82582894,Fournitures client - Autres,Yes,,https://media.adeo.com/marketplace/LMFR/82582894/00000000000082582894_01c_FR_CF.avif,,,,,,,No,,,,No,,,,
Visserie / boulonnerie / fixation – Réf. 82582898,,,,,,,,,,Yes,0.00,,No,,No,,,,,,No,,,LM-82582898,,,À fournir par le client - Leroy Merlin - Réf. 82582898,Fournitures client - Autres,Yes,,https://media.adeo.com/marketplace/LMFR/82582898/00000000000082582898_01c_FR_CF.avif,,,,,,,No,,,,No,,,,
Visserie / boulonnerie / fixation – Réf. 82582903,,,,,,,,,,Yes,0.00,,No,,No,,,,,,No,,,LM-82582903,,,À fournir par le client - Leroy Merlin - Réf. 82582903,Fournitures client - Autres,Yes,,https://media.adeo.com/marketplace/LMFR/82582903/00000000000082582903_01c_FR_CF.avif,,,,,,,No,,,,No,,,,
Visserie / boulonnerie / fixation – Réf. 82583002,,,,,,,,,,Yes,0.00,,No,,No,,,,,,No,,,LM-82583002,,,À fournir par le client - Leroy Merlin - Réf. 82583002,Fournitures client - Autres,Yes,,https://media.adeo.com/marketplace/LMFR/82583002/00000000000082583002_01c_FR_CF.avif,,,,,,,No,,,,No,,,,
Visserie / boulonnerie / fixation – Réf. 82583003,,,,,,,,,,Yes,0.00,,No,,No,,,,,,No,,,LM-82583003,,,À fournir par le client - Leroy Merlin - Réf. 82583003,Fournitures client - Autres,Yes,,https://media.adeo.com/marketplace/LMFR/82583003/00000000000082583003_01c_FR_CF.avif,,,,,,,No,,,,No,,,,
Visserie / boulonnerie / fixation – Réf. 82583004,,,,,,,,,,Yes,0.00,,No,,No,,,,,,No,,,LM-82583004,,,À fournir par le client - Leroy Merlin - Réf. 82583004,Fournitures client - Autres,Yes,,https://media.adeo.com/marketplace/LMFR/82583004/00000000000082583004_01c_FR_CF.avif,,,,,,,No,,,,No,,,,
Visserie / boulonnerie / fixation – Réf. 82583006,,,,,,,,,,Yes,0.00,,No,,No,,,,,,No,,,LM-82583006,,,À fournir par le client - Leroy Merlin - Réf. 82583006,Fournitures client - Autres,Yes,,https://media.adeo.com/marketplace/LMFR/82583006/00000000000082583006_01c_FR_CF.avif,,,,,,,No,,,,No,,,,
Visserie / boulonnerie / fixation – Réf. 82583007,,,,,,,,,,Yes,0.00,,No,,No,,,,,,No,,,LM-82583007,,,À fournir par le client - Leroy Merlin - Réf. 82583007,Fournitures client - Autres,Yes,,https://media.adeo.com/marketplace/LMFR/82583007/00000000000082583007_01c_FR_CF.avif,,,,,,,No,,,,No,,,,
Visserie / boulonnerie / fixation – Réf. 82583010,,,,,,,,,,Yes,0.00,,No,,No,,,,,,No,,,LM-82583010,,,À fournir par le client - Leroy Merlin - Réf. 82583010,Fournitures client - Autres,Yes,,https://media.adeo.com/marketplace/LMFR/82583010/00000000000082583010_01c_FR_CF.avif,,,,,,,No,,,,No,,,,
Visserie / boulonnerie / fixation – Réf. 82583017,,,,,,,,,,Yes,0.00,,No,,No,,,,,,No,,,LM-82583017,,,À fournir par le client - Leroy Merlin - Réf. 82583017,Fournitures client - Autres,Yes,,https://media.adeo.com/marketplace/LMFR/82583017/00000000000082583017_01c_FR_CF.avif,,,,,,,No,,,,No,,,,
Visserie / boulonnerie / fixation – Réf. 82583019,,,,,,,,,,Yes,0.00,,No,,No,,,,,,No,,,LM-82583019,,,À fournir par le client - Leroy Merlin - Réf. 82583019,Fournitures client - Autres,Yes,,https://media.adeo.com/marketplace/LMFR/82583019/00000000000082583019_01c_FR_CF.avif,,,,,,,No,,,,No,,,,
Visserie / boulonnerie / fixation – Réf. 82583021,,,,,,,,,,Yes,0.00,,No,,No,,,,,,No,,,LM-82583021,,,À fournir par le client - Leroy Merlin - Réf. 82583021,Fournitures client - Autres,Yes,,https://media.adeo.com/marketplace/LMFR/82583021/00000000000082583021_01c_FR_CF.avif,,,,,,,No,,,,No,,,,
Visserie / boulonnerie / fixation – Réf. 82583029,,,,,,,,,,Yes,0.00,,No,,No,,,,,,No,,,LM-82583029,,,À fournir par le client - Leroy Merlin - Réf. 82583029,Fournitures client - Autres,Yes,,https://media.adeo.com/marketplace/LMFR/82583029/00000000000082583029_01c_FR_CF.avif,,,,,,,No,,,,No,,,,
Visserie / boulonnerie / fixation – Réf. 82583030,,,,,,,,,,Yes,0.00,,No,,No,,,,,,No,,,LM-82583030,,,À fournir par le client - Leroy Merlin - Réf. 82583030,Fournitures client - Autres,Yes,,https://media.adeo.com/marketplace/LMFR/82583030/00000000000082583030_01c_FR_CF.avif,,,,,,,No,,,,No,,,,
Visserie / boulonnerie / fixation – Réf. 82583031,,,,,,,,,,Yes,0.00,,No,,No,,,,,,No,,,LM-82583031,,,À fournir par le client - Leroy Merlin - Réf. 82583031,Fournitures client - Autres,Yes,,https://media.adeo.com/marketplace/LMFR/82583031/00000000000082583031_01c_FR_CF.avif,,,,,,,No,,,,No,,,,
Visserie / boulonnerie / fixation – Réf. 82583034,,,,,,,,,,Yes,0.00,,No,,No,,,,,,No,,,LM-82583034,,,À fournir par le client - Leroy Merlin - Réf. 82583034,Fournitures client - Autres,Yes,,https://media.adeo.com/marketplace/LMFR/82583034/00000000000082583034_01c_FR_CF.avif,,,,,,,No,,,,No,,,,
Visserie / boulonnerie / fixation – Réf. 82583036,,,,,,,,,,Yes,0.00,,No,,No,,,,,,No,,,LM-82583036,,,À fournir par le client - Leroy Merlin - Réf. 82583036,Fournitures client - Autres,Yes,,https://media.adeo.com/marketplace/LMFR/82583036/00000000000082583036_01c_FR_CF.avif,,,,,,,No,,,,No,,,,
Visserie / boulonnerie / fixation – Réf. 82583042,,,,,,,,,,Yes,0.00,,No,,No,,,,,,No,,,LM-82583042,,,À fournir par le client - Leroy Merlin - Réf. 82583042,Fournitures client - Autres,Yes,,https://media.adeo.com/marketplace/LMFR/82583042/00000000000082583042_01c_FR_CF.avif,,,,,,,No,,,,No,,,,
Visserie / boulonnerie / fixation – Réf. 82583044,,,,,,,,,,Yes,0.00,,No,,No,,,,,,No,,,LM-82583044,,,À fournir par le client - Leroy Merlin - Réf. 82583044,Fournitures client - Autres,Yes,,https://media.adeo.com/marketplace/LMFR/82583044/00000000000082583044_01c_FR_CF.avif,,,,,,,No,,,,No,,,,
Visserie / boulonnerie / fixation – Réf. 82583049,,,,,,,,,,Yes,0.00,,No,,No,,,,,,No,,,LM-82583049,,,À fournir par le client - Leroy Merlin - Réf. 82583049,Fournitures client - Autres,Yes,,https://media.adeo.com/marketplace/LMFR/82583049/00000000000082583049_01c_FR_CF.avif,,,,,,,No,,,,No,,,,
Visserie / boulonnerie / fixation – Réf. 82583051,,,,,,,,,,Yes,0.00,,No,,No,,,,,,No,,,LM-82583051,,,À fournir par le client - Leroy Merlin - Réf. 82583051,Fournitures client - Autres,Yes,,https://media.adeo.com/marketplace/LMFR/82583051/00000000000082583051_01c_FR_CF.avif,,,,,,,No,,,,No,,,,
Visserie / boulonnerie / fixation – Réf. 82583063,,,,,,,,,,Yes,0.00,,No,,No,,,,,,No,,,LM-82583063,,,À fournir par le client - Leroy Merlin - Réf. 82583063,Fournitures client - Autres,Yes,,https://media.adeo.com/marketplace/LMFR/82583063/00000000000082583063_01c_FR_CF.avif,,,,,,,No,,,,No,,,,
Visserie / boulonnerie / fixation – Réf. 82583064,,,,,,,,,,Yes,0.00,,No,,No,,,,,,No,,,LM-82583064,,,À fournir par le client - Leroy Merlin - Réf. 82583064,Fournitures client - Autres,Yes,,https://media.adeo.com/marketplace/LMFR/82583064/00000000000082583064_01c_FR_CF.avif,,,,,,,No,,,,No,,,,
Visserie / boulonnerie / fixation – Réf. 82583071,,,,,,,,,,Yes,0.00,,No,,No,,,,,,No,,,LM-82583071,,,À fournir par le client - Leroy Merlin - Réf. 82583071,Fournitures client - Autres,Yes,,https://media.adeo.com/marketplace/LMFR/82583071/00000000000082583071_01c_FR_CF.avif,,,,,,,No,,,,No,,,,
Visserie / boulonnerie / fixation – Réf. 82583072,,,,,,,,,,Yes,0.00,,No,,No,,,,,,No,,,LM-82583072,,,À fournir par le client - Leroy Merlin - Réf. 82583072,Fournitures client - Autres,Yes,,https://media.adeo.com/marketplace/LMFR/82583072/00000000000082583072_01c_FR_CF.avif,,,,,,,No,,,,No,,,,
Visserie / boulonnerie / fixation – Réf. 82583073,,,,,,,,,,Yes,0.00,,No,,No,,,,,,No,,,LM-82583073,,,À fournir par le client - Leroy Merlin - Réf. 82583073,Fournitures client - Autres,Yes,,https://media.adeo.com/marketplace/LMFR/82583073/00000000000082583073_01c_FR_CF.avif,,,,,,,No,,,,No,,,,
Visserie / boulonnerie / fixation – Réf. 82583076,,,,,,,,,,Yes,0.00,,No,,No,,,,,,No,,,LM-82583076,,,À fournir par le client - Leroy Merlin - Réf. 82583076,Fournitures client - Autres,Yes,,https://media.adeo.com/marketplace/LMFR/82583076/00000000000082583076_01c_FR_CF.avif,,,,,,,No,,,,No,,,,
Visserie / boulonnerie / fixation – Réf. 82583079,,,,,,,,,,Yes,0.00,,No,,No,,,,,,No,,,LM-82583079,,,À fournir par le client - Leroy Merlin - Réf. 82583079,Fournitures client - Autres,Yes,,https://media.adeo.com/marketplace/LMFR/82583079/00000000000082583079_01c_FR_CF.avif,,,,,,,No,,,,No,,,,
Visserie / boulonnerie / fixation – Réf. 82583084,,,,,,,,,,Yes,0.00,,No,,No,,,,,,No,,,LM-82583084,,,À fournir par le client - Leroy Merlin - Réf. 82583084,Fournitures client - Autres,Yes,,https://media.adeo.com/marketplace/LMFR/82583084/00000000000082583084_01c_FR_CF.avif,,,,,,,No,,,,No,,,,
Visserie / boulonnerie / fixation – Réf. 82583110,,,,,,,,,,Yes,0.00,,No,,No,,,,,,No,,,LM-82583110,,,À fournir par le client - Leroy Merlin - Réf. 82583110,Fournitures client - Autres,Yes,,https://media.adeo.com/marketplace/LMFR/82583110/00000000000082583110_01c_FR_CF.avif,,,,,,,No,,,,No,,,,
Visserie / boulonnerie / fixation – Réf. 82583111,,,,,,,,,,Yes,0.00,,No,,No,,,,,,No,,,LM-82583111,,,À fournir par le client - Leroy Merlin - Réf. 82583111,Fournitures client - Autres,Yes,,https://media.adeo.com/marketplace/LMFR/82583111/00000000000082583111_01c_FR_CF.avif,,,,,,,No,,,,No,,,,
Visserie / boulonnerie / fixation – Réf. 82583112,,,,,,,,,,Yes,0.00,,No,,No,,,,,,No,,,LM-82583112,,,À fournir par le client - Leroy Merlin - Réf. 82583112,Fournitures client - Autres,Yes,,https://media.adeo.com/marketplace/LMFR/82583112/00000000000082583112_01c_FR_CF.avif,,,,,,,No,,,,No,,,,
Visserie / boulonnerie / fixation – Réf. 82583114,,,,,,,,,,Yes,0.00,,No,,No,,,,,,No,,,LM-82583114,,,À fournir par le client - Leroy Merlin - Réf. 82583114,Fournitures client - Autres,Yes,,https://media.adeo.com/marketplace/LMFR/82583114/00000000000082583114_01c_FR_CF.avif,,,,,,,No,,,,No,,,,
Visserie / boulonnerie / fixation – Réf. 82583115,,,,,,,,,,Yes,0.00,,No,,No,,,,,,No,,,LM-82583115,,,À fournir par le client - Leroy Merlin - Réf. 82583115,Fournitures client - Autres,Yes,,https://media.adeo.com/marketplace/LMFR/82583115/00000000000082583115_01c_FR_CF.avif,,,,,,,No,,,,No,,,,
Visserie / boulonnerie / fixation – Réf. 82598295,,,,,,,,,,Yes,0.00,,No,,No,,,,,,No,,,LM-82598295,,,À fournir par le client - Leroy Merlin - Réf. 82598295,Fournitures client - Autres,Yes,,https://media.adeo.com/marketplace/LMFR/82598295/00000000000082598295_01c_FR_CF.avif,,,,,,,No,,,,No,,,,
Borne / connecteur / accessoire électrique – Réf. 82754520,,,,,,,,,,Yes,0.00,,No,,No,,,,,,No,,,LM-82754520,,,À fournir par le client - Leroy Merlin - Réf. 82754520,Fournitures client - Autres,Yes,,https://media.adeo.com/marketplace/LMFR/82754520/00000000000082754520_01c_FR_CF.avif,,,,,,,No,,,,No,,,,
Borne / connecteur / accessoire électrique – Réf. 82754527,,,,,,,,,,Yes,0.00,,No,,No,,,,,,No,,,LM-82754527,,,À fournir par le client - Leroy Merlin - Réf. 82754527,Fournitures client - Autres,Yes,,https://media.adeo.com/marketplace/LMFR/82754527/00000000000082754527_01c_FR_CF.avif,,,,,,,No,,,,No,,,,
Borne / connecteur / accessoire électrique – Réf. 82754528,,,,,,,,,,Yes,0.00,,No,,No,,,,,,No,,,LM-82754528,,,À fournir par le client - Leroy Merlin - Réf. 82754528,Fournitures client - Autres,Yes,,https://media.adeo.com/marketplace/LMFR/82754528/00000000000082754528_01c_FR_CF.avif,,,,,,,No,,,,No,,,,
Borne / connecteur / accessoire électrique – Réf. 82754533,,,,,,,,,,Yes,0.00,,No,,No,,,,,,No,,,LM-82754533,,,À fournir par le client - Leroy Merlin - Réf. 82754533,Fournitures client - Autres,Yes,,https://media.adeo.com/marketplace/LMFR/82754533/00000000000082754533_01c_FR_CF.avif,,,,,,,No,,,,No,,,,
Tige filetée SUKI inox A2 M8x1000 – Réf. 82826264,,,,,,,,,,Yes,0.00,,No,,No,,,,,,No,,,LM-82826264,,,À fournir par le client - Leroy Merlin - Réf. 82826264,Fournitures client - Fixation / Visserie,Yes,,https://media.adeo.com/marketplace/LMFR/82826264/00000000000082826264_01c_FR_CF.avif,,,,,,,No,,,,No,,,,
Appareillage LEGRAND Plexo – Réf. 83513565,,,,,,,,,,Yes,0.00,,No,,No,,,,,,No,,,LM-83513565,,,À fournir par le client - Leroy Merlin - Réf. 83513565,Fournitures client - Autres,Yes,,https://media.adeo.com/marketplace/LMFR/83513565/00000000000083513565_01c_FR_CF.avif,,,,,,,No,,,,No,,,,
Appareillage LEGRAND Plexo – Réf. 83513568,,,,,,,,,,Yes,0.00,,No,,No,,,,,,No,,,LM-83513568,,,À fournir par le client - Leroy Merlin - Réf. 83513568,Fournitures client - Autres,Yes,,https://media.adeo.com/marketplace/LMFR/83513568/00000000000083513568_01c_FR_CF.avif,,,,,,,No,,,,No,,,,
Appareillage LEGRAND Plexo – Réf. 83513571,,,,,,,,,,Yes,0.00,,No,,No,,,,,,No,,,LM-83513571,,,À fournir par le client - Leroy Merlin - Réf. 83513571,Fournitures client - Autres,Yes,,https://media.adeo.com/marketplace/LMFR/83513571/00000000000083513571_01c_FR_CF.avif,,,,,,,No,,,,No,,,,
Appareillage LEGRAND Plexo – Réf. 83513574,,,,,,,,,,Yes,0.00,,No,,No,,,,,,No,,,LM-83513574,,,À fournir par le client - Leroy Merlin - Réf. 83513574,Fournitures client - Autres,Yes,,https://media.adeo.com/marketplace/LMFR/83513574/00000000000083513574_01c_FR_CF.avif,,,,,,,No,,,,No,,,,
Appareillage LEGRAND Plexo – Réf. 83513576,,,,,,,,,,Yes,0.00,,No,,No,,,,,,No,,,LM-83513576,,,À fournir par le client - Leroy Merlin - Réf. 83513576,Fournitures client - Autres,Yes,,https://media.adeo.com/marketplace/LMFR/83513576/00000000000083513576_01c_FR_CF.avif,,,,,,,No,,,,No,,,,
Appareillage LEGRAND Plexo – Réf. 83513578,,,,,,,,,,Yes,0.00,,No,,No,,,,,,No,,,LM-83513578,,,À fournir par le client - Leroy Merlin - Réf. 83513578,Fournitures client - Autres,Yes,,https://media.adeo.com/marketplace/LMFR/83513578/00000000000083513578_01c_FR_CF.avif,,,,,,,No,,,,No,,,,
Appareillage LEGRAND Dooxie – Réf. 83635147,,,,,,,,,,Yes,0.00,,No,,No,,,,,,No,,,LM-83635147,,,À fournir par le client - Leroy Merlin - Réf. 83635147,Fournitures client - Autres,Yes,,https://media.adeo.com/marketplace/LMFR/83635147/00000000000083635147_01c_FR_CF.avif,,,,,,,No,,,,No,,,,
Appareillage LEGRAND Dooxie – Réf. 83635213,,,,,,,,,,Yes,0.00,,No,,No,,,,,,No,,,LM-83635213,,,À fournir par le client - Leroy Merlin - Réf. 83635213,Fournitures client - Autres,Yes,,https://media.adeo.com/marketplace/LMFR/83635213/00000000000083635213_01c_FR_CF.avif,,,,,,,No,,,,No,,,,
Appareillage LEGRAND Dooxie – Réf. 83635282,,,,,,,,,,Yes,0.00,,No,,No,,,,,,No,,,LM-83635282,,,À fournir par le client - Leroy Merlin - Réf. 83635282,Fournitures client - Autres,Yes,,https://media.adeo.com/marketplace/LMFR/83635282/00000000000083635282_01c_FR_CF.avif,,,,,,,No,,,,No,,,,
Appareillage LEGRAND Dooxie – Réf. 83635341,,,,,,,,,,Yes,0.00,,No,,No,,,,,,No,,,LM-83635341,,,À fournir par le client - Leroy Merlin - Réf. 83635341,Fournitures client - Autres,Yes,,https://media.adeo.com/marketplace/LMFR/83635341/00000000000083635341_01c_FR_CF.avif,,,,,,,No,,,,No,,,,
Raccord / accessoire plomberie – Réf. 83831897,,,,,,,,,,Yes,0.00,,No,,No,,,,,,No,,,LM-83831897,,,À fournir par le client - Leroy Merlin - Réf. 83831897,Fournitures client - Plomberie,Yes,,https://media.adeo.com/marketplace/LMFR/83831897/00000000000083831897_01c_FR_CF.avif,,,,,,,No,,,,No,,,,
Raccord / accessoire plomberie – Réf. 83831908,,,,,,,,,,Yes,0.00,,No,,No,,,,,,No,,,LM-83831908,,,À fournir par le client - Leroy Merlin - Réf. 83831908,Fournitures client - Plomberie,Yes,,https://media.adeo.com/marketplace/LMFR/83831908/00000000000083831908_01c_FR_CF.avif,,,,,,,No,,,,No,,,,
Raccord / accessoire plomberie – Réf. 83831914,,,,,,,,,,Yes,0.00,,No,,No,,,,,,No,,,LM-83831914,,,À fournir par le client - Leroy Merlin - Réf. 83831914,Fournitures client - Plomberie,Yes,,https://media.adeo.com/marketplace/LMFR/83831914/00000000000083831914_01c_FR_CF.avif,,,,,,,No,,,,No,,,,
Raccord / accessoire plomberie – Réf. 83831927,,,,,,,,,,Yes,0.00,,No,,No,,,,,,No,,,LM-83831927,,,À fournir par le client - Leroy Merlin - Réf. 83831927,Fournitures client - Plomberie,Yes,,https://media.adeo.com/marketplace/LMFR/83831927/00000000000083831927_01c_FR_CF.avif,,,,,,,No,,,,No,,,,
Scellement chimique RED HEAD polyester gris 300 ml + 2 buses – Réf. 84355387,,,,,,,,,,Yes,0.00,,No,,No,,,,,,No,,,LM-84355387,,,À fournir par le client - Leroy Merlin - Réf. 84355387,Fournitures client - Fixation / Visserie,Yes,,https://media.adeo.com/marketplace/LMFR/84355387/00000000000084355387_01c_FR_CF.avif,,,,,,,No,,,,No,,,,
Mortier montage PRB 30+5 kg – Réf. 84360690,,,,,,,,,,Yes,0.00,,No,,No,,,,,,No,,,LM-84360690,,,À fournir par le client - Leroy Merlin - Réf. 84360690,Fournitures client - Maçonnerie,Yes,,https://media.adeo.com/marketplace/LMFR/84360690/00000000000084360690_01c_FR_CF.avif,,,,,,,No,,,,No,,,,
Borne / connecteur / accessoire électrique – Réf. 84450544,,,,,,,,,,Yes,0.00,,No,,No,,,,,,No,,,LM-84450544,,,À fournir par le client - Leroy Merlin - Réf. 84450544,Fournitures client - Autres,Yes,,https://media.adeo.com/marketplace/LMFR/84450544/00000000000084450544_01c_FR_CF.avif,,,,,,,No,,,,No,,,,
Foret bois hélicoïdal DEXTER Ø10 – Réf. 84710349,,,,,,,,,,Yes,0.00,,No,,No,,,,,,No,,,LM-84710349,,,À fournir par le client - Leroy Merlin - Réf. 84710349,Fournitures client - Autres,Yes,,https://media.adeo.com/marketplace/LMFR/84710349/00000000000084710349_01c_FR_CF.avif,,,,,,,No,,,,No,,,,
Foret béton triangulaire DEXTER PRO Ø16x120 – Réf. 84732103,,,,,,,,,,Yes,0.00,,No,,No,,,,,,No,,,LM-84732103,,,À fournir par le client - Leroy Merlin - Réf. 84732103,Fournitures client - Maçonnerie,Yes,,https://media.adeo.com/marketplace/LMFR/84732103/00000000000084732103_01c_FR_CF.avif,,,,,,,No,,,,No,,,,
Foret béton SDS+ DEXTER PRO Ø18x170 – Réf. 84732268,,,,,,,,,,Yes,0.00,,No,,No,,,,,,No,,,LM-84732268,,,À fournir par le client - Leroy Merlin - Réf. 84732268,Fournitures client - Maçonnerie,Yes,,https://media.adeo.com/marketplace/LMFR/84732268/00000000000084732268_01c_FR_CF.avif,,,,,,,No,,,,No,,,,
Cheville / fixation bâtiment – Réf. 85066273,,,,,,,,,,Yes,0.00,,No,,No,,,,,,No,,,LM-85066273,,,À fournir par le client - Leroy Merlin - Réf. 85066273,Fournitures client - Fixation / Visserie,Yes,,https://media.adeo.com/marketplace/LMFR/85066273/00000000000085066273_01c_FR_CF.avif,,,,,,,No,,,,No,,,,
Cheville / fixation bâtiment – Réf. 85066292,,,,,,,,,,Yes,0.00,,No,,No,,,,,,No,,,LM-85066292,,,À fournir par le client - Leroy Merlin - Réf. 85066292,Fournitures client - Fixation / Visserie,Yes,,https://media.adeo.com/marketplace/LMFR/85066292/00000000000085066292_01c_FR_CF.avif,,,,,,,No,,,,No,,,,
Cheville / fixation bâtiment – Réf. 85263169,,,,,,,,,,Yes,0.00,,No,,No,,,,,,No,,,LM-85263169,,,À fournir par le client - Leroy Merlin - Réf. 85263169,Fournitures client - Fixation / Visserie,Yes,,https://media.adeo.com/marketplace/LMFR/85263169/00000000000085263169_01c_FR_CF.avif,,,,,,,No,,,,No,,,,
Cheville / fixation bâtiment – Réf. 85263171,,,,,,,,,,Yes,0.00,,No,,No,,,,,,No,,,LM-85263171,,,À fournir par le client - Leroy Merlin - Réf. 85263171,Fournitures client - Fixation / Visserie,Yes,,https://media.adeo.com/marketplace/LMFR/85263171/00000000000085263171_01c_FR_CF.avif,,,,,,,No,,,,No,,,,
Cheville / fixation bâtiment – Réf. 85263172,,,,,,,,,,Yes,0.00,,No,,No,,,,,,No,,,LM-85263172,,,À fournir par le client - Leroy Merlin - Réf. 85263172,Fournitures client - Fixation / Visserie,Yes,,https://media.adeo.com/marketplace/LMFR/85263172/00000000000085263172_01c_FR_CF.avif,,,,,,,No,,,,No,,,,
Vis SPAX noires Ø4x30 - lot 50 – Réf. 85540626,,,,,,,,,,Yes,0.00,,No,,No,,,,,,No,,,LM-85540626,,,À fournir par le client - Leroy Merlin - Réf. 85540626,Fournitures client - Fixation / Visserie,Yes,,https://media.adeo.com/marketplace/LMFR/85540626/00000000000085540626_01c_FR_CF.avif,,,,,,,No,,,,No,,,,
Vis SPAX noires Ø4x35 - lot 50 – Réf. 85540628,,,,,,,,,,Yes,0.00,,No,,No,,,,,,No,,,LM-85540628,,,À fournir par le client - Leroy Merlin - Réf. 85540628,Fournitures client - Fixation / Visserie,Yes,,https://media.adeo.com/marketplace/LMFR/85540628/00000000000085540628_01c_FR_CF.avif,,,,,,,No,,,,No,,,,
Visserie / boulonnerie / fixation – Réf. 85565476,,,,,,,,,,Yes,0.00,,No,,No,,,,,,No,,,LM-85565476,,,À fournir par le client - Leroy Merlin - Réf. 85565476,Fournitures client - Autres,Yes,,https://media.adeo.com/marketplace/LMFR/85565476/00000000000085565476_01c_FR_CF.avif,,,,,,,No,,,,No,,,,
Visserie / boulonnerie / fixation – Réf. 85565490,,,,,,,,,,Yes,0.00,,No,,No,,,,,,No,,,LM-85565490,,,À fournir par le client - Leroy Merlin - Réf. 85565490,Fournitures client - Autres,Yes,,https://media.adeo.com/marketplace/LMFR/85565490/00000000000085565490_01c_FR_CF.avif,,,,,,,No,,,,No,,,,
Visserie / boulonnerie / fixation – Réf. 85565491,,,,,,,,,,Yes,0.00,,No,,No,,,,,,No,,,LM-85565491,,,À fournir par le client - Leroy Merlin - Réf. 85565491,Fournitures client - Autres,Yes,,https://media.adeo.com/marketplace/LMFR/85565491/00000000000085565491_01c_FR_CF.avif,,,,,,,No,,,,No,,,,
Visserie / boulonnerie / fixation – Réf. 85565496,,,,,,,,,,Yes,0.00,,No,,No,,,,,,No,,,LM-85565496,,,À fournir par le client - Leroy Merlin - Réf. 85565496,Fournitures client - Autres,Yes,,https://media.adeo.com/marketplace/LMFR/85565496/00000000000085565496_01c_FR_CF.avif,,,,,,,No,,,,No,,,,
Visserie / boulonnerie / fixation – Réf. 85565500,,,,,,,,,,Yes,0.00,,No,,No,,,,,,No,,,LM-85565500,,,À fournir par le client - Leroy Merlin - Réf. 85565500,Fournitures client - Autres,Yes,,https://media.adeo.com/marketplace/LMFR/85565500/00000000000085565500_01c_FR_CF.avif,,,,,,,No,,,,No,,,,
Visserie / boulonnerie / fixation – Réf. 85565501,,,,,,,,,,Yes,0.00,,No,,No,,,,,,No,,,LM-85565501,,,À fournir par le client - Leroy Merlin - Réf. 85565501,Fournitures client - Autres,Yes,,https://media.adeo.com/marketplace/LMFR/85565501/00000000000085565501_01c_FR_CF.avif,,,,,,,No,,,,No,,,,
Visserie / boulonnerie / fixation – Réf. 85565504,,,,,,,,,,Yes,0.00,,No,,No,,,,,,No,,,LM-85565504,,,À fournir par le client - Leroy Merlin - Réf. 85565504,Fournitures client - Autres,Yes,,https://media.adeo.com/marketplace/LMFR/85565504/00000000000085565504_01c_FR_CF.avif,,,,,,,No,,,,No,,,,
Visserie / boulonnerie / fixation – Réf. 85565506,,,,,,,,,,Yes,0.00,,No,,No,,,,,,No,,,LM-85565506,,,À fournir par le client - Leroy Merlin - Réf. 85565506,Fournitures client - Autres,Yes,,https://media.adeo.com/marketplace/LMFR/85565506/00000000000085565506_01c_FR_CF.avif,,,,,,,No,,,,No,,,,
Visserie / boulonnerie / fixation – Réf. 85565507,,,,,,,,,,Yes,0.00,,No,,No,,,,,,No,,,LM-85565507,,,À fournir par le client - Leroy Merlin - Réf. 85565507,Fournitures client - Autres,Yes,,https://media.adeo.com/marketplace/LMFR/85565507/00000000000085565507_01c_FR_CF.avif,,,,,,,No,,,,No,,,,
Visserie / boulonnerie / fixation – Réf. 85565508,,,,,,,,,,Yes,0.00,,No,,No,,,,,,No,,,LM-85565508,,,À fournir par le client - Leroy Merlin - Réf. 85565508,Fournitures client - Autres,Yes,,https://media.adeo.com/marketplace/LMFR/85565508/00000000000085565508_01c_FR_CF.avif,,,,,,,No,,,,No,,,,
Visserie / boulonnerie / fixation – Réf. 85565509,,,,,,,,,,Yes,0.00,,No,,No,,,,,,No,,,LM-85565509,,,À fournir par le client - Leroy Merlin - Réf. 85565509,Fournitures client - Autres,Yes,,https://media.adeo.com/marketplace/LMFR/85565509/00000000000085565509_01c_FR_CF.avif,,,,,,,No,,,,No,,,,
Visserie / boulonnerie / fixation – Réf. 85565510,,,,,,,,,,Yes,0.00,,No,,No,,,,,,No,,,LM-85565510,,,À fournir par le client - Leroy Merlin - Réf. 85565510,Fournitures client - Autres,Yes,,https://media.adeo.com/marketplace/LMFR/85565510/00000000000085565510_01c_FR_CF.avif,,,,,,,No,,,,No,,,,
Scellement chimique SPIT gris 300 ml + canules – Réf. 85666975,,,,,,,,,,Yes,0.00,,No,,No,,,,,,No,,,LM-85666975,,,À fournir par le client - Leroy Merlin - Réf. 85666975,Fournitures client - Fixation / Visserie,Yes,,https://media.adeo.com/marketplace/LMFR/85666975/00000000000085666975_01c_FR_CF.avif,,,,,,,No,,,,No,,,,
Colle frises et retouches AXTON 250 g – Réf. 85848855,,,,,,,,,,Yes,0.00,,No,,No,,,,,,No,,,LM-85848855,,,À fournir par le client - Leroy Merlin - Réf. 85848855,Fournitures client - Autres,Yes,,https://media.adeo.com/marketplace/LMFR/85848855/00000000000085848855_01c_FR_CF.avif,,,,,,,No,,,,No,,,,
Colle dalles plafond AXTON 1 kg – Réf. 85849100,,,,,,,,,,Yes,0.00,,No,,No,,,,,,No,,,LM-85849100,,,À fournir par le client - Leroy Merlin - Réf. 85849100,Fournitures client - Autres,Yes,,https://media.adeo.com/marketplace/LMFR/85849100/00000000000085849100_01c_FR_CF.avif,,,,,,,No,,,,No,,,,
Visserie / boulonnerie / fixation – Réf. 86273301,,,,,,,,,,Yes,0.00,,No,,No,,,,,,No,,,LM-86273301,,,À fournir par le client - Leroy Merlin - Réf. 86273301,Fournitures client - Autres,Yes,,https://media.adeo.com/marketplace/LMFR/86273301/00000000000086273301_01c_FR_CF.avif,,,,,,,No,,,,No,,,,
Visserie / boulonnerie / fixation – Réf. 86273310,,,,,,,,,,Yes,0.00,,No,,No,,,,,,No,,,LM-86273310,,,À fournir par le client - Leroy Merlin - Réf. 86273310,Fournitures client - Autres,Yes,,https://media.adeo.com/marketplace/LMFR/86273310/00000000000086273310_01c_FR_CF.avif,,,,,,,No,,,,No,,,,
Visserie / boulonnerie / fixation – Réf. 86273378,,,,,,,,,,Yes,0.00,,No,,No,,,,,,No,,,LM-86273378,,,À fournir par le client - Leroy Merlin - Réf. 86273378,Fournitures client - Autres,Yes,,https://media.adeo.com/marketplace/LMFR/86273378/00000000000086273378_01c_FR_CF.avif,,,,,,,No,,,,No,,,,
Maxi kit scellement chimique store banne M12 – Réf. 86281466,,,,,,,,,,Yes,0.00,,No,,No,,,,,,No,,,LM-86281466,,,À fournir par le client - Leroy Merlin - Réf. 86281466,Fournitures client - Fixation / Visserie,Yes,,https://media.adeo.com/marketplace/LMFR/86281466/00000000000086281466_01c_FR_CF.avif,,,,,,,No,,,,No,,,,
Chevilles à frapper FISCHER Ø8 - lot 100 – Réf. 86532229,,,,,,,,,,Yes,0.00,,No,,No,,,,,,No,,,LM-86532229,,,À fournir par le client - Leroy Merlin - Réf. 86532229,Fournitures client - Fixation / Visserie,Yes,,https://media.adeo.com/marketplace/LMFR/86532229/00000000000086532229_01c_FR_CF.avif,,,,,,,No,,,,No,,,,
Consommable peinture / préparation – Réf. 86904481,,,,,,,,,,Yes,0.00,,No,,No,,,,,,No,,,LM-86904481,,,À fournir par le client - Leroy Merlin - Réf. 86904481,Fournitures client - Peinture / Enduit,Yes,,https://media.adeo.com/marketplace/LMFR/86904481/00000000000086904481_01c_FR_CF.avif,,,,,,,No,,,,No,,,,
Visserie / boulonnerie / fixation – Réf. 87401296,,,,,,,,,,Yes,0.00,,No,,No,,,,,,No,,,LM-87401296,,,À fournir par le client - Leroy Merlin - Réf. 87401296,Fournitures client - Autres,Yes,,https://media.adeo.com/marketplace/LMFR/87401296/00000000000087401296_01c_FR_CF.avif,,,,,,,No,,,,No,,,,
Visserie / boulonnerie / fixation – Réf. 87401300,,,,,,,,,,Yes,0.00,,No,,No,,,,,,No,,,LM-87401300,,,À fournir par le client - Leroy Merlin - Réf. 87401300,Fournitures client - Autres,Yes,,https://media.adeo.com/marketplace/LMFR/87401300/00000000000087401300_01c_FR_CF.avif,,,,,,,No,,,,No,,,,
Visserie / boulonnerie / fixation – Réf. 87401788,,,,,,,,,,Yes,0.00,,No,,No,,,,,,No,,,LM-87401788,,,À fournir par le client - Leroy Merlin - Réf. 87401788,Fournitures client - Autres,Yes,,https://media.adeo.com/marketplace/LMFR/87401788/00000000000087401788_01c_FR_CF.avif,,,,,,,No,,,,No,,,,
Visserie / boulonnerie / fixation – Réf. 87401790,,,,,,,,,,Yes,0.00,,No,,No,,,,,,No,,,LM-87401790,,,À fournir par le client - Leroy Merlin - Réf. 87401790,Fournitures client - Autres,Yes,,https://media.adeo.com/marketplace/LMFR/87401790/00000000000087401790_01c_FR_CF.avif,,,,,,,No,,,,No,,,,
Visserie / boulonnerie / fixation – Réf. 87401793,,,,,,,,,,Yes,0.00,,No,,No,,,,,,No,,,LM-87401793,,,À fournir par le client - Leroy Merlin - Réf. 87401793,Fournitures client - Autres,Yes,,https://media.adeo.com/marketplace/LMFR/87401793/00000000000087401793_01c_FR_CF.avif,,,,,,,No,,,,No,,,,
Visserie / boulonnerie / fixation – Réf. 87477242,,,,,,,,,,Yes,0.00,,No,,No,,,,,,No,,,LM-87477242,,,À fournir par le client - Leroy Merlin - Réf. 87477242,Fournitures client - Autres,Yes,,https://media.adeo.com/marketplace/LMFR/87477242/00000000000087477242_01c_FR_CF.avif,,,,,,,No,,,,No,,,,
Cheville / fixation bâtiment – Réf. 87477251,,,,,,,,,,Yes,0.00,,No,,No,,,,,,No,,,LM-87477251,,,À fournir par le client - Leroy Merlin - Réf. 87477251,Fournitures client - Fixation / Visserie,Yes,,https://media.adeo.com/marketplace/LMFR/87477251/00000000000087477251_01c_FR_CF.avif,,,,,,,No,,,,No,,,,
Cheville / fixation bâtiment – Réf. 87477474,,,,,,,,,,Yes,0.00,,No,,No,,,,,,No,,,LM-87477474,,,À fournir par le client - Leroy Merlin - Réf. 87477474,Fournitures client - Fixation / Visserie,Yes,,https://media.adeo.com/marketplace/LMFR/87477474/00000000000087477474_01c_FR_CF.avif,,,,,,,No,,,,No,,,,
Cheville / fixation bâtiment – Réf. 87477486,,,,,,,,,,Yes,0.00,,No,,No,,,,,,No,,,LM-87477486,,,À fournir par le client - Leroy Merlin - Réf. 87477486,Fournitures client - Fixation / Visserie,Yes,,https://media.adeo.com/marketplace/LMFR/87477486/00000000000087477486_01c_FR_CF.avif,,,,,,,No,,,,No,,,,
Cheville / fixation bâtiment – Réf. 87477719,,,,,,,,,,Yes,0.00,,No,,No,,,,,,No,,,LM-87477719,,,À fournir par le client - Leroy Merlin - Réf. 87477719,Fournitures client - Fixation / Visserie,Yes,,https://media.adeo.com/marketplace/LMFR/87477719/00000000000087477719_01c_FR_CF.avif,,,,,,,No,,,,No,,,,
Cheville / fixation bâtiment – Réf. 87477722,,,,,,,,,,Yes,0.00,,No,,No,,,,,,No,,,LM-87477722,,,À fournir par le client - Leroy Merlin - Réf. 87477722,Fournitures client - Fixation / Visserie,Yes,,https://media.adeo.com/marketplace/LMFR/87477722/00000000000087477722_01c_FR_CF.avif,,,,,,,No,,,,No,,,,
Visserie / boulonnerie / fixation – Réf. 87477749,,,,,,,,,,Yes,0.00,,No,,No,,,,,,No,,,LM-87477749,,,À fournir par le client - Leroy Merlin - Réf. 87477749,Fournitures client - Autres,Yes,,https://media.adeo.com/marketplace/LMFR/87477749/00000000000087477749_01c_FR_CF.avif,,,,,,,No,,,,No,,,,
Vis SPAX noires Ø3.5x16 - lot 100 – Réf. 87796718,,,,,,,,,,Yes,0.00,,No,,No,,,,,,No,,,LM-87796718,,,À fournir par le client - Leroy Merlin - Réf. 87796718,Fournitures client - Fixation / Visserie,Yes,,https://media.adeo.com/marketplace/LMFR/87796718/00000000000087796718_01c_FR_CF.avif,,,,,,,No,,,,No,,,,
Vis SPAX noires Ø4x25 - lot 50 – Réf. 87796724,,,,,,,,,,Yes,0.00,,No,,No,,,,,,No,,,LM-87796724,,,À fournir par le client - Leroy Merlin - Réf. 87796724,Fournitures client - Fixation / Visserie,Yes,,https://media.adeo.com/marketplace/LMFR/87796724/00000000000087796724_01c_FR_CF.avif,,,,,,,No,,,,No,,,,
Raccord / accessoire plomberie – Réf. 88042328,,,,,,,,,,Yes,0.00,,No,,No,,,,,,No,,,LM-88042328,,,À fournir par le client - Leroy Merlin - Réf. 88042328,Fournitures client - Plomberie,Yes,,https://media.adeo.com/marketplace/LMFR/88042328/00000000000088042328_01c_FR_CF.avif,,,,,,,No,,,,No,,,,
Raccord / accessoire plomberie – Réf. 88042405,,,,,,,,,,Yes,0.00,,No,,No,,,,,,No,,,LM-88042405,,,À fournir par le client - Leroy Merlin - Réf. 88042405,Fournitures client - Plomberie,Yes,,https://media.adeo.com/marketplace/LMFR/88042405/00000000000088042405_01c_FR_CF.avif,,,,,,,No,,,,No,,,,
Colle en pâte AXTON mur / plan de travail 1 kg – Réf. 88318257,,,,,,,,,,Yes,0.00,,No,,No,,,,,,No,,,LM-88318257,,,À fournir par le client - Leroy Merlin - Réf. 88318257,Fournitures client - Autres,Yes,,https://media.adeo.com/marketplace/LMFR/88318257/00000000000088318257_01c_FR_CF.avif,,,,,,,No,,,,No,,,,
Colle carrelage AXTON max 60x60 gris 5 kg – Réf. 88318283,,,,,,,,,,Yes,0.00,,No,,No,,,,,,No,,,LM-88318283,,,À fournir par le client - Leroy Merlin - Réf. 88318283,Fournitures client - Carrelage,Yes,,https://media.adeo.com/marketplace/LMFR/88318283/00000000000088318283_01c_FR_CF.avif,,,,,,,No,,,,No,,,,
Colle carrelage AXTON max 60x60 gris 25 kg – Réf. 88318290,,,,,,,,,,Yes,0.00,,No,,No,,,,,,No,,,LM-88318290,,,À fournir par le client - Leroy Merlin - Réf. 88318290,Fournitures client - Carrelage,Yes,,https://media.adeo.com/marketplace/LMFR/88318290/00000000000088318290_01c_FR_CF.avif,,,,,,,No,,,,No,,,,
Colle carrelage AXTON max 60x60 blanc 25 kg – Réf. 88318300,,,,,,,,,,Yes,0.00,,No,,No,,,,,,No,,,LM-88318300,,,À fournir par le client - Leroy Merlin - Réf. 88318300,Fournitures client - Carrelage,Yes,,https://media.adeo.com/marketplace/LMFR/88318300/00000000000088318300_01c_FR_CF.avif,,,,,,,No,,,,No,,,,
Colle carrelage AXTON tous formats gris 10 kg – Réf. 88318305,,,,,,,,,,Yes,0.00,,No,,No,,,,,,No,,,LM-88318305,,,À fournir par le client - Leroy Merlin - Réf. 88318305,Fournitures client - Carrelage,Yes,,https://media.adeo.com/marketplace/LMFR/88318305/00000000000088318305_01c_FR_CF.avif,,,,,,,No,,,,No,,,,
Colle carrelage AXTON tous formats blanc 25 kg – Réf. 88318318,,,,,,,,,,Yes,0.00,,No,,No,,,,,,No,,,LM-88318318,,,À fournir par le client - Leroy Merlin - Réf. 88318318,Fournitures client - Carrelage,Yes,,https://media.adeo.com/marketplace/LMFR/88318318/00000000000088318318_01c_FR_CF.avif,,,,,,,No,,,,No,,,,
Raccord / accessoire plomberie – Réf. 88792674,,,,,,,,,,Yes,0.00,,No,,No,,,,,,No,,,LM-88792674,,,À fournir par le client - Leroy Merlin - Réf. 88792674,Fournitures client - Plomberie,Yes,,https://media.adeo.com/marketplace/LMFR/88792674/00000000000088792674_01c_FR_CF.avif,,,,,,,No,,,,No,,,,
Borne / connecteur / accessoire électrique – Réf. 88899426,,,,,,,,,,Yes,0.00,,No,,No,,,,,,No,,,LM-88899426,,,À fournir par le client - Leroy Merlin - Réf. 88899426,Fournitures client - Autres,Yes,,https://media.adeo.com/marketplace/LMFR/88899426/00000000000088899426_01c_FR_CF.avif,,,,,,,No,,,,No,,,,
Colle parquet AXTON 1 kg – Réf. 89071380,,,,,,,,,,Yes,0.00,,No,,No,,,,,,No,,,LM-89071380,,,À fournir par le client - Leroy Merlin - Réf. 89071380,Fournitures client - Autres,Yes,,https://media.adeo.com/marketplace/LMFR/89071380/00000000000089071380_01c_FR_CF.avif,,,,,,,No,,,,No,,,,
Colle moquette et vinyle AXTON 6 kg – Réf. 89076529,,,,,,,,,,Yes,0.00,,No,,No,,,,,,No,,,LM-89076529,,,À fournir par le client - Leroy Merlin - Réf. 89076529,Fournitures client - Autres,Yes,,https://media.adeo.com/marketplace/LMFR/89076529/00000000000089076529_01c_FR_CF.avif,,,,,,,No,,,,No,,,,
Consommable peinture / préparation – Réf. 89111042,,,,,,,,,,Yes,0.00,,No,,No,,,,,,No,,,LM-89111042,,,À fournir par le client - Leroy Merlin - Réf. 89111042,Fournitures client - Peinture / Enduit,Yes,,https://media.adeo.com/marketplace/LMFR/89111042/00000000000089111042_01c_FR_CF.avif,,,,,,,No,,,,No,,,,
Cheville / fixation bâtiment – Réf. 89112734,,,,,,,,,,Yes,0.00,,No,,No,,,,,,No,,,LM-89112734,,,À fournir par le client - Leroy Merlin - Réf. 89112734,Fournitures client - Fixation / Visserie,Yes,,https://media.adeo.com/marketplace/LMFR/89112734/00000000000089112734_01c_FR_CF.avif,,,,,,,No,,,,No,,,,
Visserie / boulonnerie / fixation – Réf. 89125796,,,,,,,,,,Yes,0.00,,No,,No,,,,,,No,,,LM-89125796,,,À fournir par le client - Leroy Merlin - Réf. 89125796,Fournitures client - Autres,Yes,,https://media.adeo.com/marketplace/LMFR/89125796/00000000000089125796_01c_FR_CF.avif,,,,,,,No,,,,No,,,,
Visserie / boulonnerie / fixation – Réf. 89721244,,,,,,,,,,Yes,0.00,,No,,No,,,,,,No,,,LM-89721244,,,À fournir par le client - Leroy Merlin - Réf. 89721244,Fournitures client - Autres,Yes,,https://media.adeo.com/marketplace/LMFR/89721244/00000000000089721244_01c_FR_CF.avif,,,,,,,No,,,,No,,,,
Colle AXTON Extremfix transparente 290 ml – Réf. 90110994,,,,,,,,,,Yes,0.00,,No,,No,,,,,,No,,,LM-90110994,,,À fournir par le client - Leroy Merlin - Réf. 90110994,Fournitures client - Autres,Yes,,https://media.adeo.com/marketplace/LMFR/90110994/00000000000090110994_01c_FR_CF.avif,,,,,,,No,,,,No,,,,
Colle AXTON Superfix 310 ml - lot 6 – Réf. 90110995,,,,,,,,,,Yes,0.00,,No,,No,,,,,,No,,,LM-90110995,,,À fournir par le client - Leroy Merlin - Réf. 90110995,Fournitures client - Autres,Yes,,https://media.adeo.com/marketplace/LMFR/90110995/00000000000090110995_01c_FR_CF.avif,,,,,,,No,,,,No,,,,
Colle plinthes AXTON Onlyfix 310 ml – Réf. 90111012,,,,,,,,,,Yes,0.00,,No,,No,,,,,,No,,,LM-90111012,,,À fournir par le client - Leroy Merlin - Réf. 90111012,Fournitures client - Autres,Yes,,https://media.adeo.com/marketplace/LMFR/90111012/00000000000090111012_01c_FR_CF.avif,,,,,,,No,,,,No,,,,
Colle AXTON Extremfix blanc 290 ml – Réf. 90111029,,,,,,,,,,Yes,0.00,,No,,No,,,,,,No,,,LM-90111029,,,À fournir par le client - Leroy Merlin - Réf. 90111029,Fournitures client - Autres,Yes,,https://media.adeo.com/marketplace/LMFR/90111029/00000000000090111029_01c_FR_CF.avif,,,,,,,No,,,,No,,,,
Scellement chimique FISCHER ton pierre - lot 2 cartouches 300 ml – Réf. 90711215,,,,,,,,,,Yes,0.00,,No,,No,,,,,,No,,,LM-90711215,,,À fournir par le client - Leroy Merlin - Réf. 90711215,Fournitures client - Fixation / Visserie,Yes,,https://media.adeo.com/marketplace/LMFR/90711215/00000000000090711215_01c_FR_CF.avif,,,,,,,No,,,,No,,,,
Béton prêt à l'emploi PRB 30+5 kg – Réf. 90760720,,,,,,,,,,Yes,0.00,,No,,No,,,,,,No,,,LM-90760720,,,À fournir par le client - Leroy Merlin - Réf. 90760720,Fournitures client - Maçonnerie,Yes,,https://media.adeo.com/marketplace/LMFR/90760720/00000000000090760720_01c_FR_CF.avif,,,,,,,No,,,,No,,,,
Visserie / boulonnerie / fixation – Réf. 91007817,,,,,,,,,,Yes,0.00,,No,,No,,,,,,No,,,LM-91007817,,,À fournir par le client - Leroy Merlin - Réf. 91007817,Fournitures client - Autres,Yes,,https://media.adeo.com/marketplace/LMFR/91007817/00000000000091007817_01c_FR_CF.avif,,,,,,,No,,,,No,,,,
Visserie / boulonnerie / fixation – Réf. 91007832,,,,,,,,,,Yes,0.00,,No,,No,,,,,,No,,,LM-91007832,,,À fournir par le client - Leroy Merlin - Réf. 91007832,Fournitures client - Autres,Yes,,https://media.adeo.com/marketplace/LMFR/91007832/00000000000091007832_01c_FR_CF.avif,,,,,,,No,,,,No,,,,
Visserie / boulonnerie / fixation – Réf. 91007906,,,,,,,,,,Yes,0.00,,No,,No,,,,,,No,,,LM-91007906,,,À fournir par le client - Leroy Merlin - Réf. 91007906,Fournitures client - Autres,Yes,,https://media.adeo.com/marketplace/LMFR/91007906/00000000000091007906_01c_FR_CF.avif,,,,,,,No,,,,No,,,,
Visserie / boulonnerie / fixation – Réf. 91007915,,,,,,,,,,Yes,0.00,,No,,No,,,,,,No,,,LM-91007915,,,À fournir par le client - Leroy Merlin - Réf. 91007915,Fournitures client - Autres,Yes,,https://media.adeo.com/marketplace/LMFR/91007915/00000000000091007915_01c_FR_CF.avif,,,,,,,No,,,,No,,,,
Visserie / boulonnerie / fixation – Réf. 91007922,,,,,,,,,,Yes,0.00,,No,,No,,,,,,No,,,LM-91007922,,,À fournir par le client - Leroy Merlin - Réf. 91007922,Fournitures client - Autres,Yes,,https://media.adeo.com/marketplace/LMFR/91007922/00000000000091007922_01c_FR_CF.avif,,,,,,,No,,,,No,,,,
Visserie / boulonnerie / fixation – Réf. 91007925,,,,,,,,,,Yes,0.00,,No,,No,,,,,,No,,,LM-91007925,,,À fournir par le client - Leroy Merlin - Réf. 91007925,Fournitures client - Autres,Yes,,https://media.adeo.com/marketplace/LMFR/91007925/00000000000091007925_01c_FR_CF.avif,,,,,,,No,,,,No,,,,
Visserie / boulonnerie / fixation – Réf. 91008012,,,,,,,,,,Yes,0.00,,No,,No,,,,,,No,,,LM-91008012,,,À fournir par le client - Leroy Merlin - Réf. 91008012,Fournitures client - Autres,Yes,,https://media.adeo.com/marketplace/LMFR/91008012/00000000000091008012_01c_FR_CF.avif,,,,,,,No,,,,No,,,,
Visserie / boulonnerie / fixation – Réf. 91182181,,,,,,,,,,Yes,0.00,,No,,No,,,,,,No,,,LM-91182181,,,À fournir par le client - Leroy Merlin - Réf. 91182181,Fournitures client - Autres,Yes,,https://media.adeo.com/marketplace/LMFR/91182181/00000000000091182181_01c_FR_CF.avif,,,,,,,No,,,,No,,,,
Visserie / boulonnerie / fixation – Réf. 91182186,,,,,,,,,,Yes,0.00,,No,,No,,,,,,No,,,LM-91182186,,,À fournir par le client - Leroy Merlin - Réf. 91182186,Fournitures client - Autres,Yes,,https://media.adeo.com/marketplace/LMFR/91182186/00000000000091182186_01c_FR_CF.avif,,,,,,,No,,,,No,,,,
Visserie / boulonnerie / fixation – Réf. 91182193,,,,,,,,,,Yes,0.00,,No,,No,,,,,,No,,,LM-91182193,,,À fournir par le client - Leroy Merlin - Réf. 91182193,Fournitures client - Autres,Yes,,https://media.adeo.com/marketplace/LMFR/91182193/00000000000091182193_01c_FR_CF.avif,,,,,,,No,,,,No,,,,
Visserie / boulonnerie / fixation – Réf. 91182194,,,,,,,,,,Yes,0.00,,No,,No,,,,,,No,,,LM-91182194,,,À fournir par le client - Leroy Merlin - Réf. 91182194,Fournitures client - Autres,Yes,,https://media.adeo.com/marketplace/LMFR/91182194/00000000000091182194_01c_FR_CF.avif,,,,,,,No,,,,No,,,,
Visserie / boulonnerie / fixation – Réf. 91182197,,,,,,,,,,Yes,0.00,,No,,No,,,,,,No,,,LM-91182197,,,À fournir par le client - Leroy Merlin - Réf. 91182197,Fournitures client - Autres,Yes,,https://media.adeo.com/marketplace/LMFR/91182197/00000000000091182197_01c_FR_CF.avif,,,,,,,No,,,,No,,,,
Visserie / boulonnerie / fixation – Réf. 91182205,,,,,,,,,,Yes,0.00,,No,,No,,,,,,No,,,LM-91182205,,,À fournir par le client - Leroy Merlin - Réf. 91182205,Fournitures client - Autres,Yes,,https://media.adeo.com/marketplace/LMFR/91182205/00000000000091182205_01c_FR_CF.avif,,,,,,,No,,,,No,,,,
Visserie / boulonnerie / fixation – Réf. 91182206,,,,,,,,,,Yes,0.00,,No,,No,,,,,,No,,,LM-91182206,,,À fournir par le client - Leroy Merlin - Réf. 91182206,Fournitures client - Autres,Yes,,https://media.adeo.com/marketplace/LMFR/91182206/00000000000091182206_01c_FR_CF.avif,,,,,,,No,,,,No,,,,
Visserie / boulonnerie / fixation – Réf. 91182212,,,,,,,,,,Yes,0.00,,No,,No,,,,,,No,,,LM-91182212,,,À fournir par le client - Leroy Merlin - Réf. 91182212,Fournitures client - Autres,Yes,,https://media.adeo.com/marketplace/LMFR/91182212/00000000000091182212_01c_FR_CF.avif,,,,,,,No,,,,No,,,,
Visserie / boulonnerie / fixation – Réf. 91182217,,,,,,,,,,Yes,0.00,,No,,No,,,,,,No,,,LM-91182217,,,À fournir par le client - Leroy Merlin - Réf. 91182217,Fournitures client - Autres,Yes,,https://media.adeo.com/marketplace/LMFR/91182217/00000000000091182217_01c_FR_CF.avif,,,,,,,No,,,,No,,,,
Visserie / boulonnerie / fixation – Réf. 91182230,,,,,,,,,,Yes,0.00,,No,,No,,,,,,No,,,LM-91182230,,,À fournir par le client - Leroy Merlin - Réf. 91182230,Fournitures client - Autres,Yes,,https://media.adeo.com/marketplace/LMFR/91182230/00000000000091182230_01c_FR_CF.avif,,,,,,,No,,,,No,,,,
Visserie / boulonnerie / fixation – Réf. 91182233,,,,,,,,,,Yes,0.00,,No,,No,,,,,,No,,,LM-91182233,,,À fournir par le client - Leroy Merlin - Réf. 91182233,Fournitures client - Autres,Yes,,https://media.adeo.com/marketplace/LMFR/91182233/00000000000091182233_01c_FR_CF.avif,,,,,,,No,,,,No,,,,
Visserie / boulonnerie / fixation – Réf. 91182243,,,,,,,,,,Yes,0.00,,No,,No,,,,,,No,,,LM-91182243,,,À fournir par le client - Leroy Merlin - Réf. 91182243,Fournitures client - Autres,Yes,,https://media.adeo.com/marketplace/LMFR/91182243/00000000000091182243_01c_FR_CF.avif,,,,,,,No,,,,No,,,,
Visserie / boulonnerie / fixation – Réf. 91182251,,,,,,,,,,Yes,0.00,,No,,No,,,,,,No,,,LM-91182251,,,À fournir par le client - Leroy Merlin - Réf. 91182251,Fournitures client - Autres,Yes,,https://media.adeo.com/marketplace/LMFR/91182251/00000000000091182251_01c_FR_CF.avif,,,,,,,No,,,,No,,,,
Visserie / boulonnerie / fixation – Réf. 91182259,,,,,,,,,,Yes,0.00,,No,,No,,,,,,No,,,LM-91182259,,,À fournir par le client - Leroy Merlin - Réf. 91182259,Fournitures client - Autres,Yes,,https://media.adeo.com/marketplace/LMFR/91182259/00000000000091182259_01c_FR_CF.avif,,,,,,,No,,,,No,,,,
Visserie / boulonnerie / fixation – Réf. 91182260,,,,,,,,,,Yes,0.00,,No,,No,,,,,,No,,,LM-91182260,,,À fournir par le client - Leroy Merlin - Réf. 91182260,Fournitures client - Autres,Yes,,https://media.adeo.com/marketplace/LMFR/91182260/00000000000091182260_01c_FR_CF.avif,,,,,,,No,,,,No,,,,
Visserie / boulonnerie / fixation – Réf. 91182267,,,,,,,,,,Yes,0.00,,No,,No,,,,,,No,,,LM-91182267,,,À fournir par le client - Leroy Merlin - Réf. 91182267,Fournitures client - Autres,Yes,,https://media.adeo.com/marketplace/LMFR/91182267/00000000000091182267_01c_FR_CF.avif,,,,,,,No,,,,No,,,,
Visserie / boulonnerie / fixation – Réf. 91182269,,,,,,,,,,Yes,0.00,,No,,No,,,,,,No,,,LM-91182269,,,À fournir par le client - Leroy Merlin - Réf. 91182269,Fournitures client - Autres,Yes,,https://media.adeo.com/marketplace/LMFR/91182269/00000000000091182269_01c_FR_CF.avif,,,,,,,No,,,,No,,,,
Visserie / boulonnerie / fixation – Réf. 91182274,,,,,,,,,,Yes,0.00,,No,,No,,,,,,No,,,LM-91182274,,,À fournir par le client - Leroy Merlin - Réf. 91182274,Fournitures client - Autres,Yes,,https://media.adeo.com/marketplace/LMFR/91182274/00000000000091182274_01c_FR_CF.avif,,,,,,,No,,,,No,,,,
Visserie / boulonnerie / fixation – Réf. 91182291,,,,,,,,,,Yes,0.00,,No,,No,,,,,,No,,,LM-91182291,,,À fournir par le client - Leroy Merlin - Réf. 91182291,Fournitures client - Autres,Yes,,https://media.adeo.com/marketplace/LMFR/91182291/00000000000091182291_01c_FR_CF.avif,,,,,,,No,,,,No,,,,
Visserie / boulonnerie / fixation – Réf. 91182306,,,,,,,,,,Yes,0.00,,No,,No,,,,,,No,,,LM-91182306,,,À fournir par le client - Leroy Merlin - Réf. 91182306,Fournitures client - Autres,Yes,,https://media.adeo.com/marketplace/LMFR/91182306/00000000000091182306_01c_FR_CF.avif,,,,,,,No,,,,No,,,,
Visserie / boulonnerie / fixation – Réf. 91182307,,,,,,,,,,Yes,0.00,,No,,No,,,,,,No,,,LM-91182307,,,À fournir par le client - Leroy Merlin - Réf. 91182307,Fournitures client - Autres,Yes,,https://media.adeo.com/marketplace/LMFR/91182307/00000000000091182307_01c_FR_CF.avif,,,,,,,No,,,,No,,,,
Visserie / boulonnerie / fixation – Réf. 91182311,,,,,,,,,,Yes,0.00,,No,,No,,,,,,No,,,LM-91182311,,,À fournir par le client - Leroy Merlin - Réf. 91182311,Fournitures client - Autres,Yes,,https://media.adeo.com/marketplace/LMFR/91182311/00000000000091182311_01c_FR_CF.avif,,,,,,,No,,,,No,,,,
Colle carrelage AXTON max 60x60 gris 25 kg – Réf. 91952398,,,,,,,,,,Yes,0.00,,No,,No,,,,,,No,,,LM-91952398,,,À fournir par le client - Leroy Merlin - Réf. 91952398,Fournitures client - Carrelage,Yes,,https://media.adeo.com/marketplace/LMFR/91952398/00000000000091952398_01c_FR_CF.avif,,,,,,,No,,,,No,,,,
Colle carrelage AXTON tous formats gris 25 kg – Réf. 91952400,,,,,,,,,,Yes,0.00,,No,,No,,,,,,No,,,LM-91952400,,,À fournir par le client - Leroy Merlin - Réf. 91952400,Fournitures client - Carrelage,Yes,,https://media.adeo.com/marketplace/LMFR/91952400/00000000000091952400_01c_FR_CF.avif,,,,,,,No,,,,No,,,,
Colle carrelage AXTON max 60x60 gris 25 kg +20% – Réf. 91952403,,,,,,,,,,Yes,0.00,,No,,No,,,,,,No,,,LM-91952403,,,À fournir par le client - Leroy Merlin - Réf. 91952403,Fournitures client - Carrelage,Yes,,https://media.adeo.com/marketplace/LMFR/91952403/00000000000091952403_01c_FR_CF.avif,,,,,,,No,,,,No,,,,
Colle carrelage poudre AXTON tous formats gris 10 kg – Réf. 91952405,,,,,,,,,,Yes,0.00,,No,,No,,,,,,No,,,LM-91952405,,,À fournir par le client - Leroy Merlin - Réf. 91952405,Fournitures client - Carrelage,Yes,,https://media.adeo.com/marketplace/LMFR/91952405/00000000000091952405_01c_FR_CF.avif,,,,,,,No,,,,No,,,,
Colle carrelage AXTON max 60x60 blanc 5 kg – Réf. 91952406,,,,,,,,,,Yes,0.00,,No,,No,,,,,,No,,,LM-91952406,,,À fournir par le client - Leroy Merlin - Réf. 91952406,Fournitures client - Carrelage,Yes,,https://media.adeo.com/marketplace/LMFR/91952406/00000000000091952406_01c_FR_CF.avif,,,,,,,No,,,,No,,,,
Colle carrelage AXTON max 60x60 blanc 25 kg – Réf. 91952407,,,,,,,,,,Yes,0.00,,No,,No,,,,,,No,,,LM-91952407,,,À fournir par le client - Leroy Merlin - Réf. 91952407,Fournitures client - Carrelage,Yes,,https://media.adeo.com/marketplace/LMFR/91952407/00000000000091952407_01c_FR_CF.avif,,,,,,,No,,,,No,,,,
Colle carrelage AXTON tous formats blanc 25 kg +20% – Réf. 91952408,,,,,,,,,,Yes,0.00,,No,,No,,,,,,No,,,LM-91952408,,,À fournir par le client - Leroy Merlin - Réf. 91952408,Fournitures client - Carrelage,Yes,,https://media.adeo.com/marketplace/LMFR/91952408/00000000000091952408_01c_FR_CF.avif,,,,,,,No,,,,No,,,,
Béton bas carbone 25+5 kg – Réf. 93181696,,,,,,,,,,Yes,0.00,,No,,No,,,,,,No,,,LM-93181696,,,À fournir par le client - Leroy Merlin - Réf. 93181696,Fournitures client - Maçonnerie,Yes,,https://media.adeo.com/marketplace/LMFR/93181696/00000000000093181696_01c_FR_CF.avif,,,,,,,No,,,,No,,,,
Borne / connecteur / accessoire électrique – Réf. 93904289,,,,,,,,,,Yes,0.00,,No,,No,,,,,,No,,,LM-93904289,,,À fournir par le client - Leroy Merlin - Réf. 93904289,Fournitures client - Autres,Yes,,https://media.adeo.com/marketplace/LMFR/93904289/00000000000093904289_01c_FR_CF.avif,,,,,,,No,,,,No,,,,
Scellement chimique BATIFIX Polifirst beige 300 ml – Réf. 94230847,,,,,,,,,,Yes,0.00,,No,,No,,,,,,No,,,LM-94230847,,,À fournir par le client - Leroy Merlin - Réf. 94230847,Fournitures client - Fixation / Visserie,Yes,,https://media.adeo.com/marketplace/LMFR/94230847/00000000000094230847_01c_FR_CF.avif,,,,,,,No,,,,No,,,,
Kit scellement chimique SPIT polyester gris 300 ml – Réf. 94760747,,,,,,,,,,Yes,0.00,,No,,No,,,,,,No,,,LM-94760747,,,À fournir par le client - Leroy Merlin - Réf. 94760747,Fournitures client - Fixation / Visserie,Yes,,https://media.adeo.com/marketplace/LMFR/94760747/00000000000094760747_01c_FR_CF.avif,,,,,,,No,,,,No,,,,
Chevilles FISCHER DuoPower Ø8x40 + vis noires – Réf. 95505440,,,,,,,,,,Yes,0.00,,No,,No,,,,,,No,,,LM-95505440,,,À fournir par le client - Leroy Merlin - Réf. 95505440,Fournitures client - Fixation / Visserie,Yes,,https://media.adeo.com/marketplace/LMFR/95505440/00000000000095505440_01c_FR_CF.avif,,,,,,,No,,,,No,,,,
Visserie / boulonnerie / fixation – Réf. 96149079,,,,,,,,,,Yes,0.00,,No,,No,,,,,,No,,,LM-96149079,,,À fournir par le client - Leroy Merlin - Réf. 96149079,Fournitures client - Autres,Yes,,https://media.adeo.com/marketplace/LMFR/96149079/00000000000096149079_01c_FR_CF.avif,,,,,,,No,,,,No,,,,
Raccord / accessoire plomberie – Réf. 96553115,,,,,,,,,,Yes,0.00,,No,,No,,,,,,No,,,LM-96553115,,,À fournir par le client - Leroy Merlin - Réf. 96553115,Fournitures client - Plomberie,Yes,,https://media.adeo.com/marketplace/LMFR/96553115/00000000000096553115_01c_FR_CF.avif,,,,,,,No,,,,No,,,,
Raccord / accessoire plomberie – Réf. 96553120,,,,,,,,,,Yes,0.00,,No,,No,,,,,,No,,,LM-96553120,,,À fournir par le client - Leroy Merlin - Réf. 96553120,Fournitures client - Plomberie,Yes,,https://media.adeo.com/marketplace/LMFR/96553120/00000000000096553120_01c_FR_CF.avif,,,,,,,No,,,,No,,,,
Scellement chimique STANDERS beige 300 ml - lot 4 – Réf. 96928833,,,,,,,,,,Yes,0.00,,No,,No,,,,,,No,,,LM-96928833,,,À fournir par le client - Leroy Merlin - Réf. 96928833,Fournitures client - Fixation / Visserie,Yes,,https://media.adeo.com/marketplace/LMFR/96928833/00000000000096928833_01c_FR_CF.avif,,,,,,,No,,,,No,,,,
