SKU,status,product_url,source_image_url,hosted_image_url
LM-13783,product_found_image_failed,https://www.leroymerlin.fr/produits/te-simple-femelle-femelle-87-pvc-diam-100-mm-girpi-13783.html,,
LM-13825,product_found_image_failed,https://www.leroymerlin.fr/produits/embranchement-simple-male-femelle-45-pvc-diam-100-mm-girpi-13825.html,,
LM-14458542,product_found_image_failed,https://www.leroymerlin.fr/produits/lot-de-4-equerres-de-fixation-l-35-mm-x-h-7-x-p-3-cm-14458542.html,,
LM-17235386,reference_not_in_sitemap,,,
LM-17860864,product_found_image_failed,https://www.leroymerlin.fr/produits/20-vis-acier-tete-ronde-t-star-spax-6-x-l-30-mm-17860864.html,,
LM-19095790,product_found_image_failed,https://www.leroymerlin.fr/produits/dalle-osb3-pour-exterieur-kronospan-ep-15-mm-x-l-62-5-x-l-205-cm-19095790.html,,
LM-35737030,product_found_image_failed,https://www.leroymerlin.fr/produits/tige-filetee-acier-zingue-l-1000-x-diam-10-mm-suki-35737030.html,,
LM-35763784,product_found_image_failed,https://www.leroymerlin.fr/produits/tige-filetee-acier-zingue-l-1000-x-diam-20-mm-suki-35763784.html,,
LM-4040855,product_found_image_failed,https://www.leroymerlin.fr/produits/bloc-porte-isoplane-a-peindre-huisserie-65-mm-h-204-x-l-63-cm-poussant-droit-4040855.html,,
LM-4040862,product_found_image_failed,https://www.leroymerlin.fr/produits/bloc-porte-isoplane-a-peindre-huisserie-65-mm-h-204-x-l-63-cm-poussant-gauche-4040862.html,,
LM-4040876,product_found_image_failed,https://www.leroymerlin.fr/produits/bloc-porte-isoplane-a-peindre-huisserie-65-mm-h-204-x-l-83-cm-poussant-droit-4040876.html,,
LM-4040883,product_found_image_failed,https://www.leroymerlin.fr/produits/bloc-porte-isoplane-a-peindre-huisserie-65-mm-h-204-x-l-83-cm-poussant-gauche-4040883.html,,
LM-437024,product_found_image_failed,https://www.leroymerlin.fr/produits/equerre-de-fixation-acier-galvanise-90x90x65-mm-alberts-437024.html,,
LM-53110442,product_found_image_failed,https://www.leroymerlin.fr/produits/mastic-etancheite-portes-et-fenetres-rubson-transparent-280ml-53110442.html,,
LM-53132184,product_found_image_failed,https://www.leroymerlin.fr/produits/colle-assemblage-liquide-neoprene-sader-liquide-multi-usages-beige-55ml-53132184.html,,
LM-53162970,product_found_image_failed,https://www.leroymerlin.fr/produits/colle-de-reparation-liquide-cyano-loctite-super-glue-3-universel-transparent-3g-53162970.html,,
LM-56031360,product_found_image_failed,https://www.leroymerlin.fr/produits/coude-45-en-pvc-a-coller-femelle-male-d-32-56031360.html,,
LM-56031416,product_found_image_failed,https://www.leroymerlin.fr/produits/manchon-en-pvc-a-coller-femelle-femelle-d-32-56031416.html,,
LM-56031451,product_found_image_failed,https://www.leroymerlin.fr/produits/reduction-excentree-en-pvc-a-coller-femelle-male-d40-32-56031451.html,,
LM-56031465,product_found_image_failed,https://www.leroymerlin.fr/produits/reduction-incorporee-en-pvc-a-coller-femelle-male-d40-32-56031465.html,,
LM-56031633,product_found_image_failed,https://www.leroymerlin.fr/produits/bouchon-en-pvc-a-coller-male-d-40-56031633.html,,
LM-56031675,product_found_image_failed,https://www.leroymerlin.fr/produits/reduction-excentree-en-pvc-a-coller-femelle-male-d50-40-56031675.html,,
LM-56031724,product_found_image_failed,https://www.leroymerlin.fr/produits/culotte-de-branchement-45-en-pvc-a-coller-femelle-male-d-40-56031724.html,,
LM-56031745,product_found_image_failed,https://www.leroymerlin.fr/produits/te-87-30-en-pvc-a-coller-femelle-male-d-40-56031745.html,,
LM-56032494,product_found_image_failed,https://www.leroymerlin.fr/produits/coude-45-en-pvc-a-coller-femelle-femelle-d-32-56032494.html,,
LM-56032501,product_found_image_failed,https://www.leroymerlin.fr/produits/coude-45-en-pvc-a-coller-femelle-femelle-d-40-56032501.html,,
LM-56032543,product_found_image_failed,https://www.leroymerlin.fr/produits/culotte-de-branchement-45-en-pvc-a-coller-femelle-femelle-d-40-56032543.html,,
LM-56032550,product_found_image_failed,https://www.leroymerlin.fr/produits/te-87-30-en-pvc-a-coller-femelle-femelle-d-32-56032550.html,,
LM-56032564,product_found_image_failed,https://www.leroymerlin.fr/produits/te-87-30-en-pvc-a-coller-femelle-femelle-d-40-56032564.html,,
LM-56174965,product_found_image_failed,https://www.leroymerlin.fr/produits/coude-22-30-en-pvc-a-coller-femelle-femelle-d-32-56174965.html,,
LM-56175063,product_found_image_failed,https://www.leroymerlin.fr/produits/coude-22-30-en-pvc-a-coller-femelle-femelle-d-40-56175063.html,,
LM-56175091,product_found_image_failed,https://www.leroymerlin.fr/produits/te-pied-de-biche-87-30-pvc-a-coller-femelle-femelle-d-40-56175091.html,,
LM-56175231,product_found_image_failed,https://www.leroymerlin.fr/produits/reduction-incorporee-en-pvc-a-coller-femelle-male-d50-40-56175231.html,,
LM-56178815,product_found_image_failed,https://www.leroymerlin.fr/produits/coude-45-en-pvc-a-coller-femelle-male-d-50-56178815.html,,
LM-56178836,product_found_image_failed,https://www.leroymerlin.fr/produits/manchon-en-pvc-a-coller-femelle-femelle-d-50-56178836.html,,
LM-56178871,product_found_image_failed,https://www.leroymerlin.fr/produits/coude-45-en-pvc-a-coller-femelle-femelle-d-50-56178871.html,,
LM-56178976,product_found_image_failed,https://www.leroymerlin.fr/produits/coude-87-3-en-pvc-a-coller-femelle-femelle-d-50-56178976.html,,
LM-60018595,product_found_image_failed,https://www.leroymerlin.fr/produits/disjoncteur-monophase-2a-dnx3-legrand-60018595.html,,
LM-60018602,product_found_image_failed,https://www.leroymerlin.fr/produits/disjoncteur-monophase-10a-dnx3-legrand-60018602.html,,
LM-60018616,product_found_image_failed,https://www.leroymerlin.fr/produits/disjoncteur-monophase-16a-dnx3-legrand-60018616.html,,
LM-60018623,product_found_image_failed,https://www.leroymerlin.fr/produits/disjoncteur-monophase-20a-dnx3-legrand-60018623.html,,
LM-60499761,product_found_image_failed,https://www.leroymerlin.fr/produits/cheville-murale-avec-vis-vix-red-head-x-l-25-mm-60499761.html,,
LM-60499782,product_found_image_failed,https://www.leroymerlin.fr/produits/lot-de-30-chevilles-murale-avec-vis-vix-red-head-10-x-l-25-mm-60499782.html,,
LM-60655231,product_found_image_failed,https://www.leroymerlin.fr/produits/panneau-de-treillis-soude-2-4-x-1-2-m-60655231.html,,
LM-61367971,reference_not_in_sitemap,,,
LM-61368006,product_found_image_failed,https://www.leroymerlin.fr/produits/treillis-soude-25-x-1-19-m-diam-3-mm-61368006.html,,
LM-6150123,product_found_image_failed,https://www.leroymerlin.fr/produits/collier-de-fixation-pour-tube-pvc-diam-100-mm-girpi-6150123.html,,
LM-61564545,product_found_image_failed,https://www.leroymerlin.fr/produits/bloc-porte-isoplane-a-peindre-huisserie-65-mm-h-204-x-l-73-cm-poussant-droit-61564545.html,,
LM-61564573,product_found_image_failed,https://www.leroymerlin.fr/produits/bloc-porte-isoplane-a-peindre-huisserie-65-mm-h204-x-l73-cm-poussant-gauche-61564573.html,,
LM-61633663,product_found_image_failed,https://www.leroymerlin.fr/produits/coude-22-30-en-pvc-a-coller-femelle-male-d-32-61633663.html,,
LM-61647075,product_found_image_failed,https://www.leroymerlin.fr/produits/rouleau-pour-chape-bitume-50-tv-aluminium-l-1-x-l-8-m-61647075.html,,
LM-62227774,product_found_image_failed,https://www.leroymerlin.fr/produits/mortier-gris-prb-25-kg-62227774.html,,
LM-62227781,product_found_image_failed,https://www.leroymerlin.fr/produits/mortier-a-prise-rapide-prb-25-kg-62227781.html,,
LM-62227900,product_found_image_failed,https://www.leroymerlin.fr/produits/mortier-colle-beton-cellulaire-poudre-blanc-prb-10-kg-62227900.html,,
LM-62227921,product_found_image_failed,https://www.leroymerlin.fr/produits/mortier-colle-poudre-blanc-prb-25-kg-62227921.html,,
LM-62227956,product_found_image_failed,https://www.leroymerlin.fr/produits/mortier-impermeabilisation-gris-prb-20-kg-62227956.html,,
LM-62675683,product_found_image_failed,https://www.leroymerlin.fr/produits/coude-67-30-en-pvc-a-coller-femelle-male-d-32-62675683.html,,
LM-62676026,product_found_image_failed,https://www.leroymerlin.fr/produits/coude-67-30-en-pvc-a-coller-femelle-male-d-40-62676026.html,,
LM-62900131,product_found_image_failed,https://www.leroymerlin.fr/produits/gaine-icta-diam-16-mm-l-5-m-62900131.html,,
LM-62900236,product_found_image_failed,https://www.leroymerlin.fr/produits/gaine-icta-diam-16-mm-l-100-m-62900236.html,,
LM-62900355,product_found_image_failed,https://www.leroymerlin.fr/produits/gaine-icta-diam-20-mm-l-5-m-62900355.html,,
LM-62900481,product_found_image_failed,https://www.leroymerlin.fr/produits/gaine-icta-diam-20-mm-l-25-m-62900481.html,,
LM-62900733,product_found_image_failed,https://www.leroymerlin.fr/produits/gaine-icta-diam-32-mm-l-10-m-62900733.html,,
LM-62900873,product_found_image_failed,https://www.leroymerlin.fr/produits/gaine-icta-diam-32-mm-l-50-m-62900873.html,,
LM-63024780,product_found_image_failed,https://www.leroymerlin.fr/produits/bloc-porte-acoustique-isoplane-plenitude-h-204-xl-73cm-ep-40mm-poussant-gauche-63024780.html,,
LM-63064624,product_found_image_failed,https://www.leroymerlin.fr/produits/disjoncteur-modulaire-2a-courbe-c-resi9-xp-schneider-electric-63064624.html,,
LM-63064680,product_found_image_failed,https://www.leroymerlin.fr/produits/disjoncteur-modulaire-10a-courbe-c-resi9-xp-schneider-electric-63064680.html,,
LM-63064715,product_found_image_failed,https://www.leroymerlin.fr/produits/disjoncteur-modulaire-16a-courbe-c-resi9-xp-schneider-electric-63064715.html,,
LM-63064722,product_found_image_failed,https://www.leroymerlin.fr/produits/disjoncteur-modulaire-20a-courbe-c-resi9-xp-schneider-electric-63064722.html,,
LM-63064750,product_found_image_failed,https://www.leroymerlin.fr/produits/disjoncteur-modulaire-32a-courbe-c-resi9-xp-schneider-electric-63064750.html,,
LM-63245672,product_found_image_failed,https://www.leroymerlin.fr/produits/bardeau-en-rouleau-rouge-l-1-x-l-7-5-m-asphaltco-63245672.html,,
LM-63278516,product_found_image_failed,https://www.leroymerlin.fr/produits/100-vis-acier-tete-fraisee-pozidriv-spax-2-5-x-l-10-mm-63278516.html,,
LM-63278656,product_found_image_failed,https://www.leroymerlin.fr/produits/100-vis-acier-tete-fraisee-pozidriv-spax-3-5-x-l-16-mm-63278656.html,,
LM-63278754,product_found_image_failed,https://www.leroymerlin.fr/produits/100-vis-acier-tete-fraisee-pozidriv-spax-4-x-l-16-mm-63278754.html,,
LM-63278761,product_found_image_failed,https://www.leroymerlin.fr/produits/100-vis-acier-tete-fraisee-pozidriv-spax-4-x-l-20-mm-63278761.html,,
LM-63278782,product_found_image_failed,https://www.leroymerlin.fr/produits/100-vis-acier-tete-fraisee-pozidriv-spax-4-x-l-25-mm-63278782.html,,
LM-63278831,product_found_image_failed,https://www.leroymerlin.fr/produits/40-vis-acier-tete-fraisee-pozidriv-spax-4-x-l-40-mm-63278831.html,,
LM-63279622,product_found_image_failed,https://www.leroymerlin.fr/produits/100-vis-acier-tete-ronde-t-star-spax-3-5-x-l-12-mm-63279622.html,,
LM-63279664,product_found_image_failed,https://www.leroymerlin.fr/produits/100-vis-acier-tete-ronde-t-star-spax-4-x-l-16-mm-63279664.html,,
LM-63279671,product_found_image_failed,https://www.leroymerlin.fr/produits/100-vis-acier-tete-ronde-t-star-spax-4-x-l-20-mm-63279671.html,,
LM-63279720,product_found_image_failed,https://www.leroymerlin.fr/produits/50-vis-acier-tete-ronde-t-star-spax-5-x-l-25-mm-63279720.html,,
LM-63282184,product_found_image_failed,https://www.leroymerlin.fr/produits/30-vis-acier-tete-fraisee-pozidriv-spax-5-x-l-90-mm-63282184.html,,
LM-63283395,product_found_image_failed,https://www.leroymerlin.fr/produits/200-vis-acier-tete-fraisee-pozidriv-spax-5-x-l-50-mm-63283395.html,,
LM-63580881,reference_not_in_sitemap,,,
LM-63937636,product_found_image_failed,https://www.leroymerlin.fr/produits/tube-pvc-nfe-m1-diam-100-mm-l-1-m-63937636.html,,
LM-63937643,product_found_image_failed,https://www.leroymerlin.fr/produits/tube-pvc-nfe-m1-diam-100-mm-l-2-m-63937643.html,,
LM-63937762,product_found_image_failed,https://www.leroymerlin.fr/produits/tube-pvc-nfe-m1-diam-100-mm-l-4-m-63937762.html,,
LM-64212365,product_found_image_failed,https://www.leroymerlin.fr/produits/cable-electrique-4-g-0-75-mm2-h03vvf-a-coupe-blanc-64212365.html,,
LM-64249626,product_found_image_failed,https://www.leroymerlin.fr/produits/mortier-gris-prb-25-kg-64249626.html,,
LM-64923936,product_found_image_failed,https://www.leroymerlin.fr/produits/te-87-30-en-pvc-a-coller-femelle-femelle-d100-64923936.html,,
LM-64931454,product_found_image_failed,https://www.leroymerlin.fr/produits/tube-pvc-evacuation-diam-100-mm-1m-64931454.html,,
LM-65104431,product_found_image_failed,https://www.leroymerlin.fr/produits/boitier-de-connexion-etanche-debflex-65104431.html,,
LM-65175173,product_found_image_failed,https://www.leroymerlin.fr/produits/rouleau-pour-chape-bitume-aluminium-l-1-x-l-8-m-65175173.html,,
LM-65331560,product_found_image_failed,https://www.leroymerlin.fr/produits/plaque-de-platre-ba-13-l-260-x-l-120-cm-nf-standard-knauf-65331560.html,,
LM-65544724,product_found_image_failed,https://www.leroymerlin.fr/produits/mastic-etancheite-salle-de-bain-saine-rubson-blanc-280ml-65544724.html,,
LM-65562490,product_found_image_failed,https://www.leroymerlin.fr/produits/kit-bitube-thermostatique-133a-equation-65562490.html,,
LM-65764923,product_found_image_failed,https://www.leroymerlin.fr/produits/ciment-blanc-prb-n-a-52-5-25-kg-65764923.html,,
LM-66090913,product_found_image_failed,https://www.leroymerlin.fr/produits/lot-de-12-pattes-a-vis-en-acier-a-visser-66090913.html,,
LM-66271933,reference_not_in_sitemap,,,
LM-66272031,reference_not_in_sitemap,,,
LM-66272136,reference_not_in_sitemap,,,
LM-66272171,reference_not_in_sitemap,,,
LM-66272234,product_found_image_failed,https://www.leroymerlin.fr/produits/radiateur-eau-chaude-horizontal-equation-adapt-blanc-2024w-h-60-x-l-120-cm-66272234.html,,
LM-66272311,product_found_image_failed,https://www.leroymerlin.fr/produits/radiateur-eau-chaude-horizontal-equation-adapt-blanc-1718w-h-70-x-l-90-cm-66272311.html,,
LM-66272346,reference_not_in_sitemap,,,
LM-66371711,product_found_image_failed,https://www.leroymerlin.fr/produits/element-de-pilier-classique-bossele-blanc-l-40-x-p-40-x-h-16-7cm-66371711.html,,
LM-66443720,reference_not_in_sitemap,,,
LM-66443790,reference_not_in_sitemap,,,
LM-66443902,reference_not_in_sitemap,,,
LM-66450244,product_found_image_failed,https://www.leroymerlin.fr/produits/maxi-kit-de-chevilles-chimiques-pour-store-de-terrasse-tiges-acier-diametre-10-66450244.html,,
LM-66455340,product_found_image_failed,https://www.leroymerlin.fr/produits/mortier-gris-prb-30-kg-66455340.html,,
LM-66473694,product_found_image_failed,https://www.leroymerlin.fr/produits/disjoncteur-modulaire-10a-courbe-c-resi9-xe-schneider-electric-66473694.html,,
LM-66473701,product_found_image_failed,https://www.leroymerlin.fr/produits/disjoncteur-modulaire-16a-courbe-c-resi9-xe-schneider-electric-66473701.html,,
LM-66473715,product_found_image_failed,https://www.leroymerlin.fr/produits/disjoncteur-modulaire-20a-courbe-c-resi9-xe-schneider-electric-66473715.html,,
LM-66473722,product_found_image_failed,https://www.leroymerlin.fr/produits/disjoncteur-modulaire-32a-courbe-c-resi9-xe-schneider-electric-66473722.html,,
LM-66539333,product_found_image_failed,https://www.leroymerlin.fr/produits/tube-pvc-nfe-me-diam-100-mm-l-4-m-66539333.html,,
LM-66540250,product_found_image_failed,https://www.leroymerlin.fr/produits/tube-pvc-non-norme-diam-100-mm-l-4-m-66540250.html,,
LM-66540264,product_found_image_failed,https://www.leroymerlin.fr/produits/1px-tube-pvc-non-norme-diam-100-mm-l-2-m-66540264.html,,
LM-66576853,product_found_image_failed,https://www.leroymerlin.fr/produits/boite-encastrement-3-postes-p-40-mm-legrand-66576853.html,,
LM-66639664,product_found_image_failed,https://www.leroymerlin.fr/produits/plaque-de-platre-ba-13-l-280-x-l-120cm-nf-standard-knauf-66639664.html,,
LM-66738511,product_found_image_failed,https://www.leroymerlin.fr/produits/bloc-porte-postforme-droite-huisserie-65mm-h-204-x-l-83-cm-poussant-gauche-66738511.html,,
LM-66738532,product_found_image_failed,https://www.leroymerlin.fr/produits/bloc-porte-postforme-droite-huisserie-65mm-h-204-x-l-73-cm-poussant-droit-66738532.html,,
LM-66738553,product_found_image_failed,https://www.leroymerlin.fr/produits/bloc-porte-postforme-droite-huisserie-65mm-h-204-x-l-73-cm-poussant-gauche-66738553.html,,
LM-66762724,reference_not_in_sitemap,,,
LM-66889753,product_found_image_failed,https://www.leroymerlin.fr/produits/poutre-sapin-epicea-traite-et-rabote-145x145-mm-long-4-m-choix-2-classe-3-66889753.html,,
LM-66930612,product_found_image_failed,https://www.leroymerlin.fr/produits/50-vis-acier-tete-fraisee-t-star-spax-6-x-l-160-mm-66930612.html,,
LM-66930633,product_found_image_failed,https://www.leroymerlin.fr/produits/75-vis-acier-tete-fraisee-t-star-spax-6-x-l-120-mm-66930633.html,,
LM-66930640,product_found_image_failed,https://www.leroymerlin.fr/produits/100-vis-acier-tete-fraisee-t-star-spax-6-x-l-100-mm-66930640.html,,
LM-66930675,product_found_image_failed,https://www.leroymerlin.fr/produits/150-vis-acier-tete-fraisee-t-star-spax-5-x-l-80-mm-66930675.html,,
LM-66930682,product_found_image_failed,https://www.leroymerlin.fr/produits/200-vis-acier-tete-fraisee-t-star-spax-5-x-l-70-mm-66930682.html,,
LM-66930794,product_found_image_failed,https://www.leroymerlin.fr/produits/400-vis-acier-tete-fraisee-t-star-spax-4-x-l-45-mm-66930794.html,,
LM-66930801,product_found_image_failed,https://www.leroymerlin.fr/produits/500-vis-acier-tete-fraisee-t-star-spax-4-x-l-40-mm-66930801.html,,
LM-66930913,product_found_image_failed,https://www.leroymerlin.fr/produits/75-vis-acier-tete-fraisee-t-star-spax-5-x-l-50-mm-66930913.html,,
LM-66930990,product_found_image_failed,https://www.leroymerlin.fr/produits/100-vis-acier-tete-fraisee-t-star-spax-4-x-l-45-mm-66930990.html,,
LM-66931004,product_found_image_failed,https://www.leroymerlin.fr/produits/125-vis-acier-tete-fraisee-t-star-spax-4-x-l-40-mm-66931004.html,,
LM-66931011,product_found_image_failed,https://www.leroymerlin.fr/produits/150-vis-acier-tete-fraisee-t-star-spax-4-x-l-35-mm-66931011.html,,
LM-66931025,product_found_image_failed,https://www.leroymerlin.fr/produits/150-vis-acier-tete-fraisee-t-star-spax-4-x-l-30-mm-66931025.html,,
LM-66931053,product_found_image_failed,https://www.leroymerlin.fr/produits/200-vis-acier-tete-fraisee-t-star-spax-4-5-x-l-50-mm-66931053.html,,
LM-66931151,product_found_image_failed,https://www.leroymerlin.fr/produits/125-vis-inox-tete-cylindrique-t-star-spax-5-x-l-40-mm-66931151.html,,
LM-66931165,product_found_image_failed,https://www.leroymerlin.fr/produits/25-vis-acier-bombe-t-star-spax-8-x-l-50-mm-66931165.html,,
LM-66931200,product_found_image_failed,https://www.leroymerlin.fr/produits/50-vis-acier-inoxydable-tete-fraisee-t-star-spax-6-x-l-100-mm-66931200.html,,
LM-66931214,product_found_image_failed,https://www.leroymerlin.fr/produits/80-vis-acier-inoxydable-tete-fraisee-t-star-spax-5-x-l-80-mm-66931214.html,,
LM-66931221,product_found_image_failed,https://www.leroymerlin.fr/produits/100-vis-acier-tete-fraisee-t-star-spax-5-x-l-70-mm-66931221.html,,
LM-66931284,product_found_image_failed,https://www.leroymerlin.fr/produits/200-vis-acier-tete-fraisee-t-star-spax-4-x-l-40-mm-66931284.html,,
LM-66931340,product_found_image_failed,https://www.leroymerlin.fr/produits/150-vis-acier-tete-fraisee-t-star-spax-4-x-l-35-mm-66931340.html,,
LM-66931382,product_found_image_failed,https://www.leroymerlin.fr/produits/25-vis-acier-inoxydable-tete-fraisee-t-star-spax-4-5-x-l-45-mm-66931382.html,,
LM-66931403,product_found_image_failed,https://www.leroymerlin.fr/produits/25-vis-acier-inoxydable-tete-fraisee-t-star-spax-4-x-l-35-mm-66931403.html,,
LM-66931410,product_found_image_failed,https://www.leroymerlin.fr/produits/25-vis-acier-inoxydable-tete-fraisee-t-star-spax-4-x-l-30-mm-66931410.html,,
LM-66931424,product_found_image_failed,https://www.leroymerlin.fr/produits/25-vis-acier-inoxydable-tete-fraisee-t-star-spax-3-5-x-l-25-mm-66931424.html,,
LM-66931431,product_found_image_failed,https://www.leroymerlin.fr/produits/25-vis-acier-inoxydable-tete-fraisee-t-star-spax-3-5-x-l-20-mm-66931431.html,,
LM-66931445,product_found_image_failed,https://www.leroymerlin.fr/produits/25-vis-acier-inoxydable-tete-fraisee-t-star-spax-3-5-x-l-16-mm-66931445.html,,
LM-66931522,product_found_image_failed,https://www.leroymerlin.fr/produits/50-vis-acier-tete-plate-pozidriv-spax-5-x-l-80-mm-66931522.html,,
LM-66931536,product_found_image_failed,https://www.leroymerlin.fr/produits/50-vis-acier-tete-fraisee-pozidriv-spax-5-x-l-70-mm-66931536.html,,
LM-66931620,product_found_image_failed,https://www.leroymerlin.fr/produits/50-vis-acier-tete-fraisee-pozidriv-spax-4-5-x-l-80-mm-66931620.html,,
LM-66931655,product_found_image_failed,https://www.leroymerlin.fr/produits/75-vis-acier-tete-fraisee-pozidriv-spax-4-5-x-l-50-mm-66931655.html,,
LM-66931732,product_found_image_failed,https://www.leroymerlin.fr/produits/50-vis-acier-tete-fraisee-pozidriv-spax-4-x-l-70-mm-66931732.html,,
LM-66931746,product_found_image_failed,https://www.leroymerlin.fr/produits/75-vis-acier-tete-fraisee-pozidriv-spax-4-x-l-60-mm-66931746.html,,
LM-66931753,product_found_image_failed,https://www.leroymerlin.fr/produits/100-vis-acier-tete-fraisee-pozidriv-spax-4-x-l-50-mm-66931753.html,,
LM-66931760,product_found_image_failed,https://www.leroymerlin.fr/produits/100-vis-acier-tete-fraisee-pozidriv-spax-4-x-l-45-mm-66931760.html,,
LM-66931774,product_found_image_failed,https://www.leroymerlin.fr/produits/125-vis-acier-tete-fraisee-pozidriv-spax-4-x-l-40-mm-66931774.html,,
LM-66931781,product_found_image_failed,https://www.leroymerlin.fr/produits/150-vis-acier-tete-fraisee-pozidriv-spax-4-x-l-35-mm-66931781.html,,
LM-66931795,product_found_image_failed,https://www.leroymerlin.fr/produits/150-vis-acier-tete-fraisee-pozidriv-spax-4-x-l-30-mm-66931795.html,,
LM-66932061,product_found_image_failed,https://www.leroymerlin.fr/produits/25-vis-acier-tete-fraisee-pozidriv-spax-4-x-l-12-mm-66932061.html,,
LM-66957751,product_found_image_failed,https://www.leroymerlin.fr/produits/equerre-de-fixation-acier-galvanise-60x60x40-mm-alberts-66957751.html,,
LM-66957765,product_found_image_failed,https://www.leroymerlin.fr/produits/equerre-de-fixation-acier-galvanise-70x70x55-mm-alberts-66957765.html,,
LM-66971275,product_found_image_failed,https://www.leroymerlin.fr/produits/contacteur-jour-et-nuit-20a-250v-schneider-electric-66971275.html,,
LM-67002054,reference_not_in_sitemap,,,
LM-67005211,product_found_image_failed,https://www.leroymerlin.fr/produits/liteau-latte-sapin-epicea-traite-27x27-mm-longueur-3-m-choix-2-classe-2-67005211.html,,
LM-67005281,product_found_image_failed,https://www.leroymerlin.fr/produits/chevron-sapin-epicea-traite-63x75-mm-longueur-5-m-choix-2-classe-2-67005281.html,,
LM-67005295,product_found_image_failed,https://www.leroymerlin.fr/produits/chevron-sapin-epicea-traite-60x80-mm-longueur-4-m-choix-2-classe-2-67005295.html,,
LM-67005351,product_found_image_failed,https://www.leroymerlin.fr/produits/liteau-latte-sapin-epicea-traite-27x40-mm-longueur-4-m-choix-2-classe-2-67005351.html,,
LM-67005365,product_found_image_failed,https://www.leroymerlin.fr/produits/chevron-sapin-epicea-traite-50x70-mm-longueur-3-m-choix-2-classe-2-67005365.html,,
LM-67005372,product_found_image_failed,https://www.leroymerlin.fr/produits/liteau-latte-sapin-epicea-traite-18x40-mm-longueur-3-m-choix-2-classe-2-67005372.html,,
LM-67005386,product_found_image_failed,https://www.leroymerlin.fr/produits/liteau-latte-sapin-epicea-traite-18x40-mm-longueur-4-m-choix-2-classe-2-67005386.html,,
LM-67005400,product_found_image_failed,https://www.leroymerlin.fr/produits/liteau-latte-sapin-epicea-traite-38x40-mm-longueur-4-m-choix-2-classe-2-67005400.html,,
LM-67005603,product_found_image_failed,https://www.leroymerlin.fr/produits/liteau-latte-sapin-epicea-traite-38x40-mm-longueur-3-m-choix-2-classe-2-67005603.html,,
LM-67005610,product_found_image_failed,https://www.leroymerlin.fr/produits/1-2-bastaing-solivette-sapin-epicea-traite-32x160-mm-long-3-m-chx-2-classe-2-67005610.html,,
LM-67005764,product_found_image_failed,https://www.leroymerlin.fr/produits/madrier-sapin-epicea-traite-75x225-mm-longueur-4-m-choix-2-classe-2-67005764.html,,
LM-67005813,product_found_image_failed,https://www.leroymerlin.fr/produits/1-2-bastaing-solivette-sapin-epicea-traite-38x200-mm-long-4-m-chx-2-classe-2-67005813.html,,
LM-67005855,product_found_image_failed,https://www.leroymerlin.fr/produits/madrier-sapin-epicea-traite-75x225-mm-longueur-5-m-choix-2-classe-2-67005855.html,,
LM-67006233,product_found_image_failed,https://www.leroymerlin.fr/produits/bastaing-solive-sapin-epicea-traite-63x175-mm-long-5-m-chx-2-classe-2-67006233.html,,
LM-67006296,product_found_image_failed,https://www.leroymerlin.fr/produits/bastaing-solive-sapin-epicea-traite-63x175-mm-long-6-m-chx-2-classe-2-67006296.html,,
LM-67006331,product_found_image_failed,https://www.leroymerlin.fr/produits/bastaing-solive-sapin-epicea-traite-50x150-mm-long-4-m-chx-2-classe-2-67006331.html,,
LM-67006471,product_found_image_failed,https://www.leroymerlin.fr/produits/lambourde-1-2-chevron-sapin-epicea-traite-38x63-mm-long-4-m-chx-2-classe-2-67006471.html,,
LM-67006576,product_found_image_failed,https://www.leroymerlin.fr/produits/volige-sapin-epicea-traite-14x105-mm-longueur-3-m-choix-2-classe-2-67006576.html,,
LM-67006681,product_found_image_failed,https://www.leroymerlin.fr/produits/poutre-sapin-epicea-traite-150x150-mm-longueur-3-m-choix-1-classe-2-67006681.html,,
LM-67006751,product_found_image_failed,https://www.leroymerlin.fr/produits/1-2-bastaing-solivette-sapin-epicea-traite-32x175-mm-long-3-m-chx-2-classe-2-67006751.html,,
LM-67007080,product_found_image_failed,https://www.leroymerlin.fr/produits/volige-sapin-epicea-traite-14x105-mm-longueur-3-m-choix-2-classe-2-67007080.html,,
LM-67007192,product_found_image_failed,https://www.leroymerlin.fr/produits/poutre-sapin-epicea-traite-150x150-mm-longueur-3-m-choix-2-classe-2-67007192.html,,
LM-67012701,product_found_image_failed,https://www.leroymerlin.fr/produits/madrier-sapin-epicea-traite-75x225-mm-longueur-3-m-choix-2-classe-2-67012701.html,,
LM-67012736,product_found_image_failed,https://www.leroymerlin.fr/produits/madrier-sapin-epicea-traite-75x225-mm-longueur-4-m-choix-2-classe-2-67012736.html,,
LM-67012785,product_found_image_failed,https://www.leroymerlin.fr/produits/madrier-sapin-epicea-traite-75x225-mm-longueur-6-m-choix-2-classe-2-67012785.html,,
LM-67012806,product_found_image_failed,https://www.leroymerlin.fr/produits/bastaing-solive-sapin-epicea-traite-50x150-mm-long-3-m-choix-2-classe-2-67012806.html,,
LM-67012820,product_found_image_failed,https://www.leroymerlin.fr/produits/bastaing-solive-sapin-epicea-traite-50x150-mm-long-4-m-choix-2-classe-2-67012820.html,,
LM-67012960,product_found_image_failed,https://www.leroymerlin.fr/produits/bastaing-solive-sapin-epicea-traite-63x160-mm-long-4-m-choix-2-classe-2-67012960.html,,
LM-67013002,product_found_image_failed,https://www.leroymerlin.fr/produits/bastaing-solive-sapin-epicea-traite-63x175-mm-long-5-m-choix-2-classe-2-67013002.html,,
LM-67013030,product_found_image_failed,https://www.leroymerlin.fr/produits/bastaing-solive-sapin-epicea-traite-63x175-mm-long-6-m-choix-2-classe-2-67013030.html,,
LM-67013191,product_found_image_failed,https://www.leroymerlin.fr/produits/chevron-sapin-epicea-traite-50x50-mm-longueur-3-m-choix-2-classe-2-67013191.html,,
LM-67013212,product_found_image_failed,https://www.leroymerlin.fr/produits/chevron-sapin-epicea-traite-50x50-mm-longueur-4-m-choix-2-classe-2-67013212.html,,
LM-67013254,product_found_image_failed,https://www.leroymerlin.fr/produits/chevron-sapin-epicea-traite-50x70-mm-longueur-3-m-choix-2-classe-2-67013254.html,,
LM-67013282,product_found_image_failed,https://www.leroymerlin.fr/produits/chevron-sapin-epicea-traite-50x70-mm-longueur-4-m-choix-2-classe-2-67013282.html,,
LM-67013653,product_found_image_failed,https://www.leroymerlin.fr/produits/chevron-sapin-epicea-traite-63x75-mm-longueur-2-5-m-choix-2-classe-2-67013653.html,,
LM-67013730,product_found_image_failed,https://www.leroymerlin.fr/produits/chevron-sapin-epicea-traite-63x75-mm-longueur-6-m-choix-2-classe-2-67013730.html,,
LM-67013835,product_found_image_failed,https://www.leroymerlin.fr/produits/liteau-latte-sapin-epicea-traite-18x40-mm-longueur-3-m-choix-2-classe-2-67013835.html,,
LM-67013863,product_found_image_failed,https://www.leroymerlin.fr/produits/liteau-latte-sapin-epicea-traite-18x40-mm-longueur-4-m-choix-2-classe-2-67013863.html,,
LM-67013870,product_found_image_failed,https://www.leroymerlin.fr/produits/liteau-latte-sapin-epicea-traite-15x40-mm-longueur-4-m-choix-2-classe-2-67013870.html,,
LM-67014024,product_found_image_failed,https://www.leroymerlin.fr/produits/liteau-latte-sapin-epicea-traite-27x27-mm-longueur-3-m-choix-2-classe-2-67014024.html,,
LM-67014031,product_found_image_failed,https://www.leroymerlin.fr/produits/liteau-latte-sapin-epicea-traite-25x27-mm-longueur-3-m-choix-2-classe-2-67014031.html,,
LM-67014353,product_found_image_failed,https://www.leroymerlin.fr/produits/liteau-latte-sapin-epicea-traite-27x40-mm-longueur-3-m-choix-2-classe-2-67014353.html,,
LM-67014430,product_found_image_failed,https://www.leroymerlin.fr/produits/liteau-latte-sapin-epicea-traite-25x40-mm-longueur-4-m-choix-2-classe-2-67014430.html,,
LM-67014472,product_found_image_failed,https://www.leroymerlin.fr/produits/liteau-latte-sapin-epicea-traite-38x40-mm-longueur-3-m-choix-2-classe-2-67014472.html,,
LM-67014493,product_found_image_failed,https://www.leroymerlin.fr/produits/liteau-latte-sapin-epicea-traite-38x40-mm-longueur-4-m-choix-2-classe-2-67014493.html,,
LM-67014514,product_found_image_failed,https://www.leroymerlin.fr/produits/1-2-bastaing-solivette-sapin-epicea-traite-32x160-mm-long-3-m-chx-2-classe-2-67014514.html,,
LM-67014591,product_found_image_failed,https://www.leroymerlin.fr/produits/1-2-bastaing-solivette-sapin-epicea-traite-32x175-mm-long-3-m-chx-2-classe-2-67014591.html,,
LM-67014731,product_found_image_failed,https://www.leroymerlin.fr/produits/lambourde-1-2-chevron-sapin-epicea-traite-38x63-mm-long-3-m-chx-2-classe-2-67014731.html,,
LM-67014801,product_found_image_failed,https://www.leroymerlin.fr/produits/lambourde-1-2-chevron-sapin-epicea-traite-38x63-mm-long-4-m-chx-2-classe-2-67014801.html,,
LM-67015074,product_found_image_failed,https://www.leroymerlin.fr/produits/liteau-latte-sapin-epicea-traite-27x27-mm-longueur-4-m-choix-2-classe-2-67015074.html,,
LM-67159554,product_found_image_failed,https://www.leroymerlin.fr/produits/150-vis-pour-plaque-de-platre-acier-tete-de-trompette-phillips-spax-3-9-x-l-30-67159554.html,,
LM-67159596,product_found_image_failed,https://www.leroymerlin.fr/produits/600-vis-pour-plaque-de-platre-acier-tete-de-trompette-phillips-spax-3-9-x-l-25-67159596.html,,
LM-67159624,product_found_image_failed,https://www.leroymerlin.fr/produits/150-vis-pour-plaque-de-platre-acier-tete-de-trompette-phillips-spax-3-9-x-l-35-67159624.html,,
LM-67160205,product_found_image_failed,https://www.leroymerlin.fr/produits/30-vis-acier-tete-fraisee-t-star-spax-5-x-l-100-mm-67160205.html,,
LM-67160212,product_found_image_failed,https://www.leroymerlin.fr/produits/100-vis-acier-tete-fraisee-t-star-spax-5-x-l-40-mm-67160212.html,,
LM-67160233,product_found_image_failed,https://www.leroymerlin.fr/produits/50-vis-acier-tete-fraisee-t-star-spax-4-x-l-70-mm-67160233.html,,
LM-67160303,product_found_image_failed,https://www.leroymerlin.fr/produits/175-vis-acier-tete-fraisee-t-star-spax-3-5-x-l-35-mm-67160303.html,,
LM-67160366,product_found_image_failed,https://www.leroymerlin.fr/produits/18-vis-acier-tete-fraisee-t-star-spax-7-5-x-l-150-mm-67160366.html,,
LM-67160373,product_found_image_failed,https://www.leroymerlin.fr/produits/18-vis-acier-tete-fraisee-t-star-spax-7-5-x-l-120-mm-67160373.html,,
LM-67160443,product_found_image_failed,https://www.leroymerlin.fr/produits/175-vis-acier-tete-fraisee-t-star-spax-4-x-l-45-mm-67160443.html,,
LM-67160485,product_found_image_failed,https://www.leroymerlin.fr/produits/200-vis-acier-tete-fraisee-t-star-spax-4-x-l-25-mm-67160485.html,,
LM-67160534,product_found_image_failed,https://www.leroymerlin.fr/produits/25-vis-acier-inoxydable-tete-fraisee-t-star-spax-5-x-l-60-mm-67160534.html,,
LM-67160541,product_found_image_failed,https://www.leroymerlin.fr/produits/25-vis-acier-tete-fraisee-t-star-spax-5-x-l-50-mm-67160541.html,,
LM-67160583,product_found_image_failed,https://www.leroymerlin.fr/produits/25-vis-acier-inoxydable-tete-fraisee-t-star-spax-4-x-l-50-mm-67160583.html,,
LM-67160611,product_found_image_failed,https://www.leroymerlin.fr/produits/30-vis-acier-tete-fraisee-t-star-spax-4-x-l-20-mm-67160611.html,,
LM-67183151,reference_not_in_sitemap,,,
LM-67429306,product_found_image_failed,https://www.leroymerlin.fr/produits/4-equerres-acier-a-visser-universel-gris-h-8-x-l-4-x-p-3-cm-67429306.html,,
LM-67440800,original_converted,,https://media.adeo.com/media/914774/media.jpg,https://raw.githubusercontent.com/nuancedegreg-blip/Sumup-images/main/images_v3/LM-67440800.jpg
LM-67442375,reference_not_in_sitemap,,,
LM-67442396,reference_not_in_sitemap,,,
LM-67442403,reference_not_in_sitemap,,,
LM-67553920,product_found_image_failed,https://www.leroymerlin.fr/produits/lot-de-20-equerre-angle-blanc-hettich-l-30-mm-67553920.html,,
LM-67553934,product_found_image_failed,https://www.leroymerlin.fr/produits/lot-de-20-equerre-angle-blanc-hettich-l-40-mm-67553934.html,,
LM-67554606,product_found_image_failed,https://www.leroymerlin.fr/produits/1-equerre-assemblage-acier-zingue-hettich-l-32-mm-67554606.html,,
LM-67554711,product_found_image_failed,https://www.leroymerlin.fr/produits/1-equerre-assemblage-plate-acier-zingue-hettich-l-60-mm-67554711.html,,
LM-67554935,product_found_image_failed,https://www.leroymerlin.fr/produits/equerre-de-chaise-acier-epoxy-hettich-l-40-mm-67554935.html,,
LM-67554956,product_found_image_failed,https://www.leroymerlin.fr/produits/equerre-de-chaise-acier-epoxy-hettich-l-30-x-l-30-mm-blanc-67554956.html,,
LM-67554970,product_found_image_failed,https://www.leroymerlin.fr/produits/1-equerre-de-chaise-acier-epoxy-hettich-l-30-mm-67554970.html,,
LM-67594961,product_found_image_failed,https://www.leroymerlin.fr/produits/poutre-sapin-epicea-traite-et-rabote-145x145-mm-long-3-m-choix-2-classe-3-67594961.html,,
LM-67610144,product_found_image_failed,https://www.leroymerlin.fr/produits/panneau-treillis-2-4-x-4-2-m-67610144.html,,
LM-67630556,reference_not_in_sitemap,,,
LM-67637906,product_found_image_failed,https://www.leroymerlin.fr/produits/manchette-pvc-a-coller-femelle-femelle-d-40-67637906.html,,
LM-67638991,product_found_image_failed,https://www.leroymerlin.fr/produits/chaux-blanche-ce-prb-15-kg-67638991.html,,
LM-67712302,product_found_image_failed,https://www.leroymerlin.fr/produits/lot-de-200-chevilles-a-frapper-standers-6-x-40-cm-67712302.html,,
LM-67712330,product_found_image_failed,https://www.leroymerlin.fr/produits/lot-de-100-cavaliers-pivot-bride-standers-67712330.html,,
LM-67712372,product_found_image_failed,https://www.leroymerlin.fr/produits/lot-de-50-suspentes-longues-standers-400-mm-47-67712372.html,,
LM-67712393,product_found_image_failed,https://www.leroymerlin.fr/produits/lot-de-50-suspentes-longues-standers-300-mm-47-67712393.html,,
LM-67712400,product_found_image_failed,https://www.leroymerlin.fr/produits/lot-de-50-suspentes-longues-standers-240-mm-47-67712400.html,,
LM-67712414,product_found_image_failed,https://www.leroymerlin.fr/produits/lot-de-100-suspentes-longues-standers-180-mm-47-67712414.html,,
LM-67712421,product_found_image_failed,https://www.leroymerlin.fr/produits/lot-de-100-suspentes-courtes-standers-90-mm-47-67712421.html,,
LM-67712435,product_found_image_failed,https://www.leroymerlin.fr/produits/50-raccords-de-fourrure-standers-67712435.html,,
LM-67712442,product_found_image_failed,https://www.leroymerlin.fr/produits/boite-de-1000-vis-acier-standers-3-5-x-l-45-mm-67712442.html,,
LM-67712456,original_converted,,https://media.adeo.com/media/1630211/media.jpeg?fit=bounds&format=jpg&height=650&quality=80&width=650,https://raw.githubusercontent.com/nuancedegreg-blip/Sumup-images/main/images_v3/LM-67712456.jpg
LM-67712463,product_found_image_failed,https://www.leroymerlin.fr/produits/boite-de-1000-vis-standers-3-5-x-l-25-mm-67712463.html,,
LM-67712512,product_found_image_failed,https://www.leroymerlin.fr/produits/bande-armee-standers-12-5-ml-67712512.html,,
LM-67712526,product_found_image_failed,https://www.leroymerlin.fr/produits/bande-armee-standers-30-ml-67712526.html,,
LM-67712533,product_found_image_failed,https://www.leroymerlin.fr/produits/bande-a-joint-papier-standers-23-ml-67712533.html,,
LM-67764186,product_found_image_failed,https://www.leroymerlin.fr/produits/panneau-osb3-epicea-naturel-3-plis-ep-18-mm-x-l-250-x-l-125-cm-67764186.html,,
LM-67798892,product_found_image_failed,https://www.leroymerlin.fr/produits/bois-ossature-sec-sapin-epicea-traite-rabote-45x120-mm-long-3m-chx2-cl2-67798892.html,,
LM-67798934,product_found_image_failed,https://www.leroymerlin.fr/produits/bois-ossature-sec-sapin-epicea-traite-rabote-45x145-mm-long-3m-chx2-cl2-67798934.html,,
LM-67833724,product_found_image_failed,https://www.leroymerlin.fr/produits/60-vis-inox-tete-cylindrique-t-star-spax-5-x-l-50-mm-67833724.html,,
LM-67833745,product_found_image_failed,https://www.leroymerlin.fr/produits/30-vis-acier-tete-fraisee-t-star-spax-6-x-l-120-mm-67833745.html,,
LM-67833752,product_found_image_failed,https://www.leroymerlin.fr/produits/10-vis-acier-tete-fraisee-t-star-spax-6-x-l-120-mm-67833752.html,,
LM-67833766,product_found_image_failed,https://www.leroymerlin.fr/produits/10-vis-acier-tete-fraisee-t-star-spax-6-x-l-100-mm-67833766.html,,
LM-67835775,product_found_image_failed,https://www.leroymerlin.fr/produits/boite-de-500-vis-acier-standers-3-5-x-l-13-mm-67835775.html,,
LM-67835796,product_found_image_failed,https://www.leroymerlin.fr/produits/boite-de-500-vis-acier-standers-4-2-x-l-80-mm-67835796.html,,
LM-67835803,product_found_image_failed,https://www.leroymerlin.fr/produits/boite-de-500-vis-acier-standers-4-2-x-l-70-mm-67835803.html,,
LM-67835824,product_found_image_failed,https://www.leroymerlin.fr/produits/boite-de-200-vis-acier-standers-3-5-x-l-9-5-mm-67835824.html,,
LM-67875304,product_found_image_failed,https://www.leroymerlin.fr/produits/lot-de-100-chevilles-en-laiton-standers-diam-6-mm-67875304.html,,
LM-68060006,reference_not_in_sitemap,,,
LM-68185516,original_converted,,https://media.adeo.com/media/880526/media.jpg?auto=webp&fit=bounds&format=jpg&optimize=high&quality=100&width=4000,https://raw.githubusercontent.com/nuancedegreg-blip/Sumup-images/main/images_v3/LM-68185516.jpg
LM-68253654,reference_not_in_sitemap,,,
LM-68253696,reference_not_in_sitemap,,,
LM-68256454,product_found_image_failed,https://www.leroymerlin.fr/produits/rouleau-pare-vapeur-semin-1-5-x-25-m-68256454.html,,
LM-68258211,product_found_image_failed,https://www.leroymerlin.fr/produits/lot-de-6-equerres-galvanise-50x50x35-mm-68258211.html,,
LM-68398883,reference_not_in_sitemap,,,
LM-68398946,reference_not_in_sitemap,,,
LM-68398953,reference_not_in_sitemap,,,
LM-68398981,reference_not_in_sitemap,,,
LM-68399072,reference_not_in_sitemap,,,
LM-68449955,reference_not_in_sitemap,,,
LM-68480636,product_found_image_failed,https://www.leroymerlin.fr/produits/lot-de-20-raccords-angle-plastique-blanc-hettich-l-23-mm-68480636.html,,
LM-68530966,product_found_image_failed,https://www.leroymerlin.fr/produits/400-clous-en-forme-de-u-acier-standers-diam-1-6-x-l-16-mm-68530966.html,,
LM-68531015,product_found_image_failed,https://www.leroymerlin.fr/produits/500-clous-vitrier-acier-standers-tete-plate-1-3-x-l-18-mm-68531015.html,,
LM-68531022,product_found_image_failed,https://www.leroymerlin.fr/produits/530-clous-acier-standers-tete-homme-0-9-x-l-32-mm-68531022.html,,
LM-68532464,product_found_image_failed,https://www.leroymerlin.fr/produits/400-clous-acier-standers-tete-homme-1-2-x-l-20-mm-68532464.html,,
LM-68533486,reference_not_in_sitemap,,,
LM-68534144,product_found_image_failed,https://www.leroymerlin.fr/produits/8-boulons-poelier-inox-a4-standers-6-x-l-30-mm-68534144.html,,
LM-68534151,product_found_image_failed,https://www.leroymerlin.fr/produits/8-boulons-poelier-inox-a4-standers-6-x-l-40-mm-68534151.html,,
LM-68534165,product_found_image_failed,https://www.leroymerlin.fr/produits/6-boulons-poelier-inox-a4-standers-6-x-l-50-mm-68534165.html,,
LM-68534172,product_found_image_failed,https://www.leroymerlin.fr/produits/6-boulons-poelier-inox-a4-standers-6-x-l-60-mm-68534172.html,,
LM-68534186,product_found_image_failed,https://www.leroymerlin.fr/produits/2-boulons-poelier-inox-a4-standers-6-x-l-80-mm-68534186.html,,
LM-68534312,product_found_image_failed,https://www.leroymerlin.fr/produits/lot-de-4-boulons-trcc-inox-l-40-0-x-diam-7-mm-standers-68534312.html,,
LM-68534522,product_found_image_failed,https://www.leroymerlin.fr/produits/25-ecrous-acier-standers-4-mm-68534522.html,,
LM-68534543,product_found_image_failed,https://www.leroymerlin.fr/produits/15-ecrous-indesserrable-inox-6-mm-standers-68534543.html,,
LM-68534550,product_found_image_failed,https://www.leroymerlin.fr/produits/8-ecrous-indesserrable-inox-8-mm-standers-68534550.html,,
LM-68534564,product_found_image_failed,https://www.leroymerlin.fr/produits/4-ecrous-acier-standers-10-mm-68534564.html,,
LM-68534585,product_found_image_failed,https://www.leroymerlin.fr/produits/50-rondelles-acier-inoxydable-standers-4-mm-68534585.html,,
LM-68534592,product_found_image_failed,https://www.leroymerlin.fr/produits/40-rondelles-acier-inoxydable-standers-5-mm-68534592.html,,
LM-68534606,product_found_image_failed,https://www.leroymerlin.fr/produits/30-rondelles-acier-inoxydable-standers-6-mm-68534606.html,,
LM-68534613,product_found_image_failed,https://www.leroymerlin.fr/produits/15-rondelles-acier-inoxydable-standers-8-mm-68534613.html,,
LM-68534620,product_found_image_failed,https://www.leroymerlin.fr/produits/8-rondelles-inox-a4-10-mm-standers-68534620.html,,
LM-68534823,product_found_image_failed,https://www.leroymerlin.fr/produits/lot-de-12-crochets-a-visser-acier-standers-diam-3-5-x-l-20-mm-68534823.html,,
LM-68534865,product_found_image_failed,https://www.leroymerlin.fr/produits/lot-de-4-crochets-a-visser-acier-standers-diam-5-x-l-40-mm-68534865.html,,
LM-68535166,product_found_image_failed,https://www.leroymerlin.fr/produits/lot-de-6-crochets-a-visser-acier-epoxy-noir-diam-4-x-l-30-mm-standers-68535166.html,,
LM-68536545,reference_not_in_sitemap,,,
LM-68536650,reference_not_in_sitemap,,,
LM-68536664,reference_not_in_sitemap,,,
LM-68536825,reference_not_in_sitemap,,,
LM-68537546,reference_not_in_sitemap,,,
LM-68537553,reference_not_in_sitemap,,,
LM-68537735,product_found_image_failed,https://www.leroymerlin.fr/produits/2-boulons-inox-tete-6-pans-hexagonal-interne-standers-x-l-80-mm-68537735.html,,
LM-68537763,product_found_image_failed,https://www.leroymerlin.fr/produits/20-vis-a-filetage-metrique-avec-boulon-acier-inoxydable-tete-fraisee-plat-stande-68537763.html,,
LM-68537812,product_found_image_failed,https://www.leroymerlin.fr/produits/8-vis-a-filetage-metrique-avec-boulon-acier-tete-fraisee-tete-plate-plat-stand-68537812.html,,
LM-68537833,product_found_image_failed,https://www.leroymerlin.fr/produits/8-vis-a-filetage-metrique-avec-boulon-acier-tete-fraisee-tete-plate-plat-stand-68537833.html,,
LM-68537840,product_found_image_failed,https://www.leroymerlin.fr/produits/8-vis-a-filetage-metrique-avec-boulon-acier-tete-fraisee-tete-plate-plat-stand-68537840.html,,
LM-68537903,product_found_image_failed,https://www.leroymerlin.fr/produits/6-vis-a-filetage-metrique-avec-boulon-acier-tete-fraisee-tete-plate-plat-stand-68537903.html,,
LM-68537910,product_found_image_failed,https://www.leroymerlin.fr/produits/lot-de-4-boulons-tete-fraisee-inox-l-50-0-x-diam-8-mm-standers-68537910.html,,
LM-68537924,product_found_image_failed,https://www.leroymerlin.fr/produits/lot-de-4-boulons-tete-fraisee-inox-l-60-0-x-diam-8-mm-standers-68537924.html,,
LM-68537931,product_found_image_failed,https://www.leroymerlin.fr/produits/lot-de-2-boulons-tete-fraisee-inox-l-80-0-x-diam-8-mm-standers-68537931.html,,
LM-68537952,product_found_image_failed,https://www.leroymerlin.fr/produits/15-boulons-poelier-inox-a4-standers-4-x-l-30-mm-68537952.html,,
LM-68537973,product_found_image_failed,https://www.leroymerlin.fr/produits/12-boulons-acier-poelier-inox-a4-standers-5-x-l-20-mm-68537973.html,,
LM-68537980,product_found_image_failed,https://www.leroymerlin.fr/produits/8-boulons-poelier-inox-a4-standers-5-x-l-40-mm-68537980.html,,
LM-68538162,reference_not_in_sitemap,,,
LM-68538596,reference_not_in_sitemap,,,
LM-68538743,product_found_image_failed,https://www.leroymerlin.fr/produits/lot-de-4-tiges-filetees-acier-zingue-l-200-x-diam-4-mm-standers-68538743.html,,
LM-68538750,product_found_image_failed,https://www.leroymerlin.fr/produits/lot-de-2-tiges-filetees-acier-zingue-l-200-x-diam-5-mm-standers-68538750.html,,
LM-68538771,product_found_image_failed,https://www.leroymerlin.fr/produits/lot-de-2-tiges-filetees-acier-zingue-l-200-x-diam-8-mm-standers-68538771.html,,
LM-68538785,product_found_image_failed,https://www.leroymerlin.fr/produits/lot-de-2-tiges-filetees-acier-zingue-l-200-x-diam-10-mm-standers-68538785.html,,
LM-68540486,reference_not_in_sitemap,,,
LM-68540514,reference_not_in_sitemap,,,
LM-68553681,product_found_image_failed,https://www.leroymerlin.fr/produits/1-vis-patte-de-jonction-a-visser-acier-diam-5-2-x-l-70-mm-standers-68553681.html,,
LM-68563425,product_found_image_failed,https://www.leroymerlin.fr/produits/assortiment-de-1820-clous-acier-standers-68563425.html,,
LM-68610101,product_found_image_failed,https://www.leroymerlin.fr/produits/plaque-de-platre-ba-13-l-300-x-l-120-cm-hydrofuge-feu-ce-fassa-bortolo-68610101.html,,
LM-68618025,reference_not_in_sitemap,,,
LM-68642245,product_found_image_failed,https://www.leroymerlin.fr/produits/20-vis-acier-tete-fraisee-t-star-spax-6-x-l-140-mm-68642245.html,,
LM-68883325,product_found_image_failed,https://www.leroymerlin.fr/produits/embout-de-tournevis-spax-68883325.html,,
LM-68913173,reference_not_in_sitemap,,,
LM-68944106,product_found_image_failed,https://www.leroymerlin.fr/produits/colle-de-reparation-gel-epoxy-sader-seringue-bi-composants-rapide-transp-25ml-68944106.html,,
LM-69051871,product_found_image_failed,https://www.leroymerlin.fr/produits/plaque-de-platre-ba-13-standard-ce-l-250-x-l-120-cm-69051871.html,,
LM-69150011,reference_not_in_sitemap,,,
LM-69188630,product_found_image_failed,https://www.leroymerlin.fr/produits/tube-pvc-evacuation-diam-100-mm-2m-69188630.html,,
LM-69191521,product_found_image_failed,https://www.leroymerlin.fr/produits/coude-87-3-en-pvc-a-coller-femelle-male-d100-69191521.html,,
LM-69191535,product_found_image_failed,https://www.leroymerlin.fr/produits/te-87-30-en-pvc-a-coller-femelle-male-d100-69191535.html,,
LM-69191542,product_found_image_failed,https://www.leroymerlin.fr/produits/coude-22-30-en-pvc-a-coller-femelle-male-d100-69191542.html,,
LM-69191556,product_found_image_failed,https://www.leroymerlin.fr/produits/coude-22-30-en-pvc-a-coller-femelle-femelle-d100-69191556.html,,
LM-69191570,product_found_image_failed,https://www.leroymerlin.fr/produits/culotte-de-branchement-45-en-pvc-a-coller-femelle-femelle-d100-69191570.html,,
LM-69205423,reference_not_in_sitemap,,,
LM-69205465,reference_not_in_sitemap,,,
LM-69205556,reference_not_in_sitemap,,,
LM-69331584,product_found_image_failed,https://www.leroymerlin.fr/produits/plaque-de-platre-ba-13-l-260-x-l-120-cm-phonique-feu-ce-fassa-bortolo-69331584.html,,
LM-69389796,reference_not_in_sitemap,,,
LM-69415262,product_found_image_failed,https://www.leroymerlin.fr/produits/volige-sapin-epicea-traite-18x150-mm-longueur-4-m-choix-2-classe-2-69415262.html,,
LM-69466712,reference_not_in_sitemap,,,
LM-69489434,reference_not_in_sitemap,,,
LM-69529432,product_found_image_failed,https://www.leroymerlin.fr/produits/lot-de-50-colliers-a-embases-et-chevilles-grises-diam-16-a-25-mm-l-165-mm-69529432.html,,
LM-69576633,product_found_image_failed,https://www.leroymerlin.fr/produits/element-de-pilier-classique-unisliss-lisse-blanc-h-16-7-x-l-29-x-p-29-cm-69576633.html,,
LM-69600923,product_found_image_failed,https://www.leroymerlin.fr/produits/lot-de-4-tiges-filetees-pour-scellement-chimique-standers-diam-8-x-l-100-mm-69600923.html,,
LM-69600944,product_found_image_failed,https://www.leroymerlin.fr/produits/lot-de-4-tiges-filetees-pour-scellement-chimique-standers-diam-10-x-l-110-mm-69600944.html,,
LM-69600951,product_found_image_failed,https://www.leroymerlin.fr/produits/cartouche-de-scellement-chimique-et-2-canules-stan-fix-300-ml-standers-69600951.html,,
LM-69600972,product_found_image_failed,https://www.leroymerlin.fr/produits/lot-de-4-tiges-filetees-pour-scellement-chimique-standers-diam-10-x-l-160-mm-69600972.html,,
LM-69600986,original_converted,,https://media.adeo.com/media/1086488/media.jpg?fit=bounds&format=jpg&height=125&quality=60&width=125,https://raw.githubusercontent.com/nuancedegreg-blip/Sumup-images/main/images_v3/LM-69600986.jpg
LM-69600993,product_found_image_failed,https://www.leroymerlin.fr/produits/lot-de-3-canule-pour-scellement-chimique-standers-diam-12-x-l-200-mm-69600993.html,,
LM-69601000,product_found_image_failed,https://www.leroymerlin.fr/produits/lot-de-4-tamis-standers-diam-16-x-l-130-mm-69601000.html,,
LM-69601021,product_found_image_failed,https://www.leroymerlin.fr/produits/cartouche-de-scellement-chimique-et-2-canules-stan-fix-pro-300-ml-standers-69601021.html,,
LM-69601035,product_found_image_failed,https://www.leroymerlin.fr/produits/cartouche-de-scellement-chimique-et-2-canules-stan-fix-165-ml-standers-69601035.html,,
LM-69601042,product_found_image_failed,https://www.leroymerlin.fr/produits/lot-de-4-tamis-standers-diam-16-x-l-85-mm-69601042.html,,
LM-69601063,product_found_image_failed,https://www.leroymerlin.fr/produits/lot-de-4-tamis-standers-diam-12-x-l-50-mm-69601063.html,,
LM-69601070,product_found_image_failed,https://www.leroymerlin.fr/produits/lot-de-4-tiges-filetees-pour-scellement-chimique-standers-diam-6-x-l-70-mm-69601070.html,,
LM-69601091,product_found_image_failed,https://www.leroymerlin.fr/produits/lot-de-4-tiges-filetees-pour-scellement-chimique-standers-diam-10-x-l-130-mm-69601091.html,,
LM-69602946,product_found_image_failed,https://www.leroymerlin.fr/produits/cheville-murale-avec-vis-vix-red-head-x-l-30-mm-69602946.html,,
LM-69624373,product_found_image_failed,https://www.leroymerlin.fr/produits/250-vis-a-bois-universelles-superwood-etanco-5x45-mm-69624373.html,,
LM-69645352,product_found_image_failed,https://www.leroymerlin.fr/produits/colle-assemblage-liquide-sader-bois-pro-d3-transparent-250g-69645352.html,,
LM-69645366,product_found_image_failed,https://www.leroymerlin.fr/produits/colle-assemblage-liquide-sader-bois-pro-d3-transparent-750g-69645366.html,,
LM-69652975,product_found_image_failed,https://www.leroymerlin.fr/produits/cheville-murale-avec-vis-klix-red-head-x-l-53-mm-69652975.html,,
LM-69704131,reference_not_in_sitemap,,,
LM-69858684,reference_not_in_sitemap,,,
LM-69870675,product_found_image_failed,https://www.leroymerlin.fr/produits/bonde-pour-douche-diam-90-mm-valentin-69870675.html,,
LM-69955242,product_found_image_failed,https://www.leroymerlin.fr/produits/rouleau-de-laine-de-verre-comble-040-nu-ep-100mm-8-3x1-2m-knauf-69955242.html,,
LM-69962781,product_found_image_failed,https://www.leroymerlin.fr/produits/mastic-etancheite-cuisine-et-bain-rubson-blanc-280ml-69962781.html,,
LM-69962795,product_found_image_failed,https://www.leroymerlin.fr/produits/mastic-etancheite-cuisine-et-bain-rubson-transparent-280ml-69962795.html,,
LM-69962991,product_found_image_failed,https://www.leroymerlin.fr/produits/mastic-etancheite-cuisine-et-bain-rubson-beige-280ml-69962991.html,,
LM-69963075,product_found_image_failed,https://www.leroymerlin.fr/produits/mastic-etancheite-cuisine-et-bain-sechage-express-rubson-blanc-280ml-69963075.html,,
LM-69963096,reference_not_in_sitemap,,,
LM-69963110,product_found_image_failed,https://www.leroymerlin.fr/produits/mastic-etancheite-murs-et-fenetres-rubson-blanc-280ml-69963110.html,,
LM-69963124,original_converted,,https://media.adeo.com/media/5592067/media.png?fit=bounds&format=jpg&height=1000&quality=80&width=1000,https://raw.githubusercontent.com/nuancedegreg-blip/Sumup-images/main/images_v3/LM-69963124.jpg
LM-69963131,product_found_image_failed,https://www.leroymerlin.fr/produits/lot-de-3-mastics-etancheite-murs-et-fenetres-rubson-blanc-280ml-69963131.html,,
LM-69963145,original_converted,,https://media.adeo.com/media/5592113/media.png?fit=bounds&format=jpg&height=1000&quality=80&width=1000,https://raw.githubusercontent.com/nuancedegreg-blip/Sumup-images/main/images_v3/LM-69963145.jpg
LM-69963152,original_converted,,https://media.adeo.com/media/5592126/media.png?fit=bounds&format=jpg&height=1000&quality=80&width=1000,https://raw.githubusercontent.com/nuancedegreg-blip/Sumup-images/main/images_v3/LM-69963152.jpg
LM-69963166,product_found_image_failed,https://www.leroymerlin.fr/produits/mastic-etancheite-bois-et-parquet-rubson-gris-280ml-69963166.html,,
LM-69963180,product_found_image_failed,https://www.leroymerlin.fr/produits/mastic-etancheite-bois-et-parquet-rubson-gris-clair-280ml-69963180.html,,
LM-69963201,original_converted,,https://media.adeo.com/media/3894625/media.jpg?fit=bounds&format=jpg&height=1000&quality=80&width=1000,https://raw.githubusercontent.com/nuancedegreg-blip/Sumup-images/main/images_v3/LM-69963201.jpg
LM-69963215,product_found_image_failed,https://www.leroymerlin.fr/produits/mastic-etancheite-facades-rubson-blanc-280ml-69963215.html,,
LM-69999020,reference_not_in_sitemap,,,
LM-70027832,product_found_image_failed,https://www.leroymerlin.fr/produits/poutre-sapin-traite-et-rabote-145x145-mm-longueur-3-m-choix-2-classe-3-70027832.html,,
LM-70027972,product_found_image_failed,https://www.leroymerlin.fr/produits/chevron-sapin-traite-63x75-mm-longueur-6-m-choix-2-classe-2-70027972.html,,
LM-70027993,product_found_image_failed,https://www.leroymerlin.fr/produits/liteau-latte-sapin-traite-38x40-mm-longueur-4-m-choix-2-classe-2-70027993.html,,
LM-70028063,product_found_image_failed,https://www.leroymerlin.fr/produits/liteau-latte-sapin-traite-27x40-mm-longueur-4-m-choix-2-classe-2-70028063.html,,
LM-70028070,product_found_image_failed,https://www.leroymerlin.fr/produits/lambourde-1-2-chevron-sapin-traite-rabote-34x55-mm-long-4-m-chx-2-classe-3-70028070.html,,
LM-70028161,product_found_image_failed,https://www.leroymerlin.fr/produits/chevron-sapin-traite-50x70-mm-longueur-3-m-choix-2-classe-2-70028161.html,,
LM-70028182,product_found_image_failed,https://www.leroymerlin.fr/produits/chevron-sapin-traite-50x70-mm-longueur-4-m-choix-2-classe-2-70028182.html,,
LM-70028203,product_found_image_failed,https://www.leroymerlin.fr/produits/bastaing-solive-sapin-traite-63x175-mm-longueur-6-m-choix-2-classe-2-70028203.html,,
LM-70028224,product_found_image_failed,https://www.leroymerlin.fr/produits/chevron-sapin-traite-et-rabote-60x70-mm-longueur-4-m-choix-2-classe-3-70028224.html,,
LM-70028231,product_found_image_failed,https://www.leroymerlin.fr/produits/liteau-latte-sapin-traite-25x40-mm-longueur-4-m-choix-2-classe-2-70028231.html,,
LM-70028252,product_found_image_failed,https://www.leroymerlin.fr/produits/lambourde-1-2-chevron-sapin-traite-38x63-mm-longueur-4-m-choix-2-classe-2-70028252.html,,
LM-70028280,product_found_image_failed,https://www.leroymerlin.fr/produits/bastaing-solive-sapin-traite-63x175-mm-longueur-5-m-choix-2-classe-2-70028280.html,,
LM-70028301,product_found_image_failed,https://www.leroymerlin.fr/produits/liteau-latte-sapin-traite-25x40-mm-longueur-3-m-choix-2-classe-2-70028301.html,,
LM-70028322,product_found_image_failed,https://www.leroymerlin.fr/produits/liteau-latte-sapin-traite-27x40-mm-longueur-3-m-choix-2-classe-2-70028322.html,,
LM-70028336,product_found_image_failed,https://www.leroymerlin.fr/produits/bastaing-solive-sapin-traite-63x175-mm-longueur-4-m-choix-2-classe-2-70028336.html,,
LM-70028364,product_found_image_failed,https://www.leroymerlin.fr/produits/madrier-sapin-traite-75x225-mm-longueur-6-m-choix-2-classe-2-70028364.html,,
LM-70028392,product_found_image_failed,https://www.leroymerlin.fr/produits/liteau-latte-sapin-traite-27x40-mm-longueur-3-m-choix-2-classe-3-70028392.html,,
LM-70028441,product_found_image_failed,https://www.leroymerlin.fr/produits/bastaing-solive-sapin-traite-50x150-mm-longueur-3-m-choix-2-classe-2-70028441.html,,
LM-70028462,product_found_image_failed,https://www.leroymerlin.fr/produits/bois-ossature-sec-sapin-traite-rabote-45x145-mm-long-3-m-choix-2-classe-2-70028462.html,,
LM-70028483,product_found_image_failed,https://www.leroymerlin.fr/produits/bastaing-solive-sapin-traite-50x150-mm-longueur-4-m-choix-2-classe-2-70028483.html,,
LM-70028490,product_found_image_failed,https://www.leroymerlin.fr/produits/1-2-bastaing-solivette-sapin-traite-32x175-mm-long-3-m-choix-2-classe-2-70028490.html,,
LM-70028525,product_found_image_failed,https://www.leroymerlin.fr/produits/madrier-sapin-traite-75x225-mm-longueur-3-m-choix-2-classe-2-70028525.html,,
LM-70028553,product_found_image_failed,https://www.leroymerlin.fr/produits/liteau-latte-sapin-traite-27x27-mm-longueur-4-m-choix-2-classe-2-70028553.html,,
LM-70028560,product_found_image_failed,https://www.leroymerlin.fr/produits/madrier-sapin-traite-75x225-mm-longueur-4-m-choix-2-classe-2-70028560.html,,
LM-70028574,product_found_image_failed,https://www.leroymerlin.fr/produits/lambourde-1-2-chevron-sapin-traite-38x60-mm-longueur-3-m-choix-2-classe-2-70028574.html,,
LM-70028581,product_found_image_failed,https://www.leroymerlin.fr/produits/madrier-sapin-traite-75x225-mm-longueur-5-m-choix-2-classe-2-70028581.html,,
LM-70028623,product_found_image_failed,https://www.leroymerlin.fr/produits/liteau-latte-sapin-traite-27x27-mm-longueur-3-m-choix-2-classe-2-70028623.html,,
LM-70028630,product_found_image_failed,https://www.leroymerlin.fr/produits/madrier-sapin-traite-75x200-mm-longueur-4-m-choix-2-classe-2-70028630.html,,
LM-70028714,product_found_image_failed,https://www.leroymerlin.fr/produits/1-2-bastaing-solivette-sapin-traite-32x175-mm-long-4-m-choix-2-classe-2-70028714.html,,
LM-70028784,product_found_image_failed,https://www.leroymerlin.fr/produits/liteau-latte-sapin-traite-18x40-mm-longueur-4-m-choix-2-classe-2-70028784.html,,
LM-70028931,product_found_image_failed,https://www.leroymerlin.fr/produits/liteau-latte-sapin-traite-15x40-mm-longueur-3-m-choix-2-classe-2-70028931.html,,
LM-70028952,product_found_image_failed,https://www.leroymerlin.fr/produits/liteau-latte-sapin-traite-15x40-mm-longueur-4-m-choix-2-classe-2-70028952.html,,
LM-70052654,reference_not_in_sitemap,,,
LM-70076286,product_found_image_failed,https://www.leroymerlin.fr/produits/manchon-en-pvc-a-coller-femelle-femelle-d-40-70076286.html,,
LM-70174433,product_found_image_failed,https://www.leroymerlin.fr/produits/coupe-tube-pour-per-42-mm-70174433.html,,
LM-70182721,reference_not_in_sitemap,,,
LM-70207410,product_found_image_failed,https://www.leroymerlin.fr/produits/1-equerre-reglage-acier-zingue-hettich-l-50-mm-70207410.html,,
LM-70207732,product_found_image_failed,https://www.leroymerlin.fr/produits/lot-de-25-equerres-assemblage-plastique-brut-hettich-l-30-mm-70207732.html,,
LM-70207865,product_found_image_failed,https://www.leroymerlin.fr/produits/1-equerre-assemblage-poli-hettich-l-40-mm-70207865.html,,
LM-70221550,product_found_image_failed,https://www.leroymerlin.fr/produits/kit-de-4-fixations-scellement-chimique-pour-tiges-m8x160mm-70221550.html,,
LM-70243082,product_found_image_failed,https://www.leroymerlin.fr/produits/550-vis-acier-tete-cylindrique-t-star-spax-5-x-l-50-mm-70243082.html,,
LM-70246813,reference_not_in_sitemap,,,
LM-70257453,product_found_image_failed,https://www.leroymerlin.fr/produits/dalle-osb3-epicea-naturel-3-plis-swiss-krono-ep-22-mm-x-l-250-x-l-67-5-cm-70257453.html,,
LM-70280455,reference_not_in_sitemap,,,
LM-70348341,product_found_image_failed,https://www.leroymerlin.fr/produits/dalle-osb3-epicea-naturel-3-plis-ep-18-mm-l-205-x-l-67-5-cm-70348341.html,,
LM-70348355,product_found_image_failed,https://www.leroymerlin.fr/produits/dalle-osb3-epicea-naturel-3-plis-ep-22-mm-l-205-x-l-67-5-cm-70348355.html,,
LM-70350266,reference_not_in_sitemap,,,
LM-70350301,reference_not_in_sitemap,,,
LM-70350343,reference_not_in_sitemap,,,
LM-70398545,product_found_image_failed,https://www.leroymerlin.fr/produits/fil-electrique-1-5-mm2-h07vu-en-couronne-de-100m-rouge-70398545.html,,
LM-70398552,product_found_image_failed,https://www.leroymerlin.fr/produits/fil-electrique-1-5-mm2-h07vu-en-couronne-de-100m-bleu-70398552.html,,
LM-70398566,product_found_image_failed,https://www.leroymerlin.fr/produits/fil-electrique-h07vu-vert-jaune-1-5-mm2-l-100-m-70398566.html,,
LM-70398580,product_found_image_failed,https://www.leroymerlin.fr/produits/fil-electrique-2-5-mm2-h07vu-en-couronne-de-100m-rouge-70398580.html,,
LM-70398594,product_found_image_failed,https://www.leroymerlin.fr/produits/fil-electrique-2-5-mm2-h07vu-en-couronne-de-100m-bleu-70398594.html,,
LM-70398601,product_found_image_failed,https://www.leroymerlin.fr/produits/fil-electrique-2-5-mm2-h07vu-l-100-m-vert-jaune-70398601.html,,
LM-70399224,product_found_image_failed,https://www.leroymerlin.fr/produits/boite-encastrement-1-poste-p-50-mm-lexman-70399224.html,,
LM-70413784,reference_not_in_sitemap,,,
LM-70413791,reference_not_in_sitemap,,,
LM-70499625,product_found_image_failed,https://www.leroymerlin.fr/produits/poutre-pin-traite-et-rabote-70x70-mm-longueur-3-m-choix-2-classe-4-70499625.html,,
LM-70505960,original_converted,,https://media.adeo.com/media/1196780/media.jpg?width=640,https://raw.githubusercontent.com/nuancedegreg-blip/Sumup-images/main/images_v3/LM-70505960.jpg
LM-70511602,product_found_image_failed,https://www.leroymerlin.fr/produits/rouleau-de-laine-de-verre-comble-035-nu-ep-100mm-7-4x1-2m-knauf-70511602.html,,
LM-70535640,product_found_image_failed,https://www.leroymerlin.fr/produits/cable-electrique-4-g-1-5-mm2-ho5vvf-l-10-m-blanc-70535640.html,,
LM-70535696,product_found_image_failed,https://www.leroymerlin.fr/produits/cable-electrique-5-g-2-5-mm2-ho5vvf-l-10-m-gris-70535696.html,,
LM-70612052,product_found_image_failed,https://www.leroymerlin.fr/produits/poutre-pin-traite-et-rabote-90x90-mm-longueur-3-m-choix-2-classe-4-70612052.html,,
LM-70620151,reference_not_in_sitemap,,,
LM-70620172,reference_not_in_sitemap,,,
LM-70620242,reference_not_in_sitemap,,,
LM-70620473,reference_not_in_sitemap,,,
LM-70620522,reference_not_in_sitemap,,,
LM-70620536,reference_not_in_sitemap,,,
LM-70620571,reference_not_in_sitemap,,,
LM-70620732,reference_not_in_sitemap,,,
LM-70661115,product_found_image_failed,https://www.leroymerlin.fr/produits/disjoncteur-monophase-2a-dnx3-legrand-70661115.html,,
LM-70661122,product_found_image_failed,https://www.leroymerlin.fr/produits/disjoncteur-monophase-10a-dnx3-legrand-70661122.html,,
LM-70661136,product_found_image_failed,https://www.leroymerlin.fr/produits/disjoncteur-monophase-16a-dnx3-legrand-70661136.html,,
LM-70661143,product_found_image_failed,https://www.leroymerlin.fr/produits/disjoncteur-monophase-20a-dnx3-legrand-70661143.html,,
LM-70661150,product_found_image_failed,https://www.leroymerlin.fr/produits/disjoncteur-monophase-32a-dnx3-legrand-70661150.html,,
LM-70670404,product_found_image_failed,https://www.leroymerlin.fr/produits/interrupteur-differentiel-30ma-40a-type-a-legrand-70670404.html,,
LM-70670985,product_found_image_failed,https://www.leroymerlin.fr/produits/rallonge-jardin-electraline-ho5-vv-f-2x1-5mm2-40m-70670985.html,,
LM-70753382,product_found_image_failed,https://www.leroymerlin.fr/produits/fil-electrique-1-5-mm2-h07vu-en-couronne-de-100m-marron-70753382.html,,
LM-70753396,product_found_image_failed,https://www.leroymerlin.fr/produits/fil-electrique-1-5-mm2-h07vu-en-couronne-de-100m-violet-70753396.html,,
LM-70753403,product_found_image_failed,https://www.leroymerlin.fr/produits/fil-electrique-1-5-mm2-h07vu-en-couronne-de-100m-orange-70753403.html,,
LM-70753410,product_found_image_failed,https://www.leroymerlin.fr/produits/fil-electrique-1-5-mm2-h07vu-en-couronne-de-100m-noir-70753410.html,,
LM-70768726,product_found_image_failed,https://www.leroymerlin.fr/produits/systeme-galandage-unique-100-eclisse-premonte-pour-porte-de-largeur-73-cm-70768726.html,,
LM-70768740,product_found_image_failed,https://www.leroymerlin.fr/produits/systeme-galandage-unique-100-eclisse-premonte-pour-porte-de-largeur-93-cm-70768740.html,,
LM-70768775,product_found_image_failed,https://www.leroymerlin.fr/produits/systeme-galandage-unique-100-eclisse-a-monter-pour-porte-de-largeur-123-cm-70768775.html,,
LM-70768810,product_found_image_failed,https://www.leroymerlin.fr/produits/systeme-galandage-unique-100-eclisse-premonte-pour-porte-de-largeur-83-cm-70768810.html,,
LM-70768845,product_found_image_failed,https://www.leroymerlin.fr/produits/systeme-galandage-unique-100-eclisse-a-monter-pour-porte-de-largeur-93-cm-70768845.html,,
LM-70768866,product_found_image_failed,https://www.leroymerlin.fr/produits/systeme-galandage-unique-100-eclisse-a-monter-pour-porte-de-largeur-63-cm-70768866.html,,
LM-70770161,product_found_image_failed,https://www.leroymerlin.fr/produits/foret-a-beton-sds-plus-diam-16-mm-l-200-mm-tivoly-70770161.html,,
LM-70808703,product_found_image_failed,https://www.leroymerlin.fr/produits/cable-electrique-3-g-2-5-mm2-u1000r2v-l-50-m-noir-70808703.html,,
LM-70808710,product_found_image_failed,https://www.leroymerlin.fr/produits/fil-electrique-2-5-mm2-h07vu-l-25-m-rouge-bleu-vert-jaune-70808710.html,,
LM-70808766,product_found_image_failed,https://www.leroymerlin.fr/produits/fil-electrique-10-mm2-h07vr-a-coupe-bleu-70808766.html,,
LM-70808773,product_found_image_failed,https://www.leroymerlin.fr/produits/fil-electrique-6-mm2-h07vr-a-coupe-rouge-70808773.html,,
LM-70808843,product_found_image_failed,https://www.leroymerlin.fr/produits/fil-electrique-10-mm2-h07vr-a-coupe-rouge-70808843.html,,
LM-70808850,product_found_image_failed,https://www.leroymerlin.fr/produits/fil-electrique-6-mm2-h07vr-a-coupe-bleu-70808850.html,,
LM-70808871,product_found_image_failed,https://www.leroymerlin.fr/produits/fil-electrique-2-5-mm2-h07vu-l-5-m-rouge-vert-jaune-bleu-70808871.html,,
LM-70808892,product_found_image_failed,https://www.leroymerlin.fr/produits/fil-electrique-16-mm2-h07vr-a-coupe-vert-jaune-70808892.html,,
LM-70808941,product_found_image_failed,https://www.leroymerlin.fr/produits/cable-electrique-5-g-1-5-mm2-u1000r2v-l-50-m-noir-70808941.html,,
LM-70809004,product_found_image_failed,https://www.leroymerlin.fr/produits/fil-electrique-16-mm2-h07vr-a-coupe-bleu-70809004.html,,
LM-70809011,product_found_image_failed,https://www.leroymerlin.fr/produits/fil-electrique-6-mm2-h07vr-a-coupe-jaune-70809011.html,,
LM-70809046,product_found_image_failed,https://www.leroymerlin.fr/produits/cable-electrique-5-g-2-5-mm2-u1000r2v-l-50-m-noir-70809046.html,,
LM-70809060,product_found_image_failed,https://www.leroymerlin.fr/produits/fil-electrique-10-mm2-h07vr-a-coupe-vert-jaune-70809060.html,,
LM-70809074,product_found_image_failed,https://www.leroymerlin.fr/produits/fil-electrique-16-mm2-h07vr-a-coupe-rouge-70809074.html,,
LM-70811972,product_found_image_failed,https://www.leroymerlin.fr/produits/fil-electrique-1-5-mm2-h07vu-en-couronne-de-25m-rouge-70811972.html,,
LM-70811993,product_found_image_failed,https://www.leroymerlin.fr/produits/fil-electrique-2-5-mm2-h07vu-l-10-m-vert-jaune-70811993.html,,
LM-70812021,product_found_image_failed,https://www.leroymerlin.fr/produits/fil-electrique-2-5-mm2-h07vu-en-couronne-de-10m-rouge-70812021.html,,
LM-70812035,product_found_image_failed,https://www.leroymerlin.fr/produits/fil-electrique-1-5-mm2-h07vu-en-couronne-de-10m-rouge-70812035.html,,
LM-70812042,product_found_image_failed,https://www.leroymerlin.fr/produits/fil-electrique-1-5-mm2-h07vu-en-couronne-de-10m-violet-70812042.html,,
LM-70812056,product_found_image_failed,https://www.leroymerlin.fr/produits/fil-electrique-2-5-mm2-h07vu-l-5-m-vert-jaune-70812056.html,,
LM-70812063,product_found_image_failed,https://www.leroymerlin.fr/produits/fil-electrique-1-5-mm2-h07vu-en-couronne-de-25m-vert-jaune-70812063.html,,
LM-70812084,product_found_image_failed,https://www.leroymerlin.fr/produits/fil-electrique-6-mm2-h07vr-en-couronne-de-10m-rouge-70812084.html,,
LM-70812091,product_found_image_failed,https://www.leroymerlin.fr/produits/fil-electrique-1-5-mm2-h07vu-en-couronne-de-25m-marron-70812091.html,,
LM-70812105,product_found_image_failed,https://www.leroymerlin.fr/produits/fil-electrique-1-5-mm2-h07vu-en-couronne-de-10m-bleu-70812105.html,,
LM-70812112,product_found_image_failed,https://www.leroymerlin.fr/produits/fil-electrique-6-mm2-h07vr-en-couronne-de-25m-rouge-70812112.html,,
LM-70812126,product_found_image_failed,https://www.leroymerlin.fr/produits/fil-electrique-2-5-mm2-h07vu-en-couronne-de-25m-vert-jaune-70812126.html,,
LM-70812133,product_found_image_failed,https://www.leroymerlin.fr/produits/fil-electrique-1-5-mm2-h07vu-en-couronne-de-10m-orange-70812133.html,,
LM-70812140,product_found_image_failed,https://www.leroymerlin.fr/produits/fil-electrique-2-5-mm2-h07vu-en-couronne-de-10m-bleu-70812140.html,,
LM-70812161,product_found_image_failed,https://www.leroymerlin.fr/produits/fil-electrique-1-5-mm2-h07vu-en-couronne-de-10m-vert-jaune-70812161.html,,
LM-70812182,product_found_image_failed,https://www.leroymerlin.fr/produits/fil-electrique-6-mm2-h07vr-en-couronne-de-10m-bleu-70812182.html,,
LM-70812196,product_found_image_failed,https://www.leroymerlin.fr/produits/fil-electrique-2-5-mm2-h07vu-en-couronne-de-5m-bleu-70812196.html,,
LM-70812224,product_found_image_failed,https://www.leroymerlin.fr/produits/fil-electrique-1-5-mm2-h07vu-en-couronne-de-25m-orange-70812224.html,,
LM-70812245,product_found_image_failed,https://www.leroymerlin.fr/produits/fil-electrique-6-mm2-h07vr-l-25-m-vert-jaune-70812245.html,,
LM-70812252,product_found_image_failed,https://www.leroymerlin.fr/produits/fil-electrique-2-5-mm2-h07vu-en-couronne-de-5m-rouge-70812252.html,,
LM-70812266,product_found_image_failed,https://www.leroymerlin.fr/produits/fil-electrique-1-5-mm2-h07vu-en-couronne-de-5m-bleu-70812266.html,,
LM-70812273,product_found_image_failed,https://www.leroymerlin.fr/produits/fil-electrique-1-5-mm2-h07vu-en-couronne-de-10m-noir-70812273.html,,
LM-70812280,product_found_image_failed,https://www.leroymerlin.fr/produits/fil-electrique-1-5-mm2-h07vu-en-couronne-de-25m-bleu-70812280.html,,
LM-70812294,product_found_image_failed,https://www.leroymerlin.fr/produits/fil-electrique-2-5-mm2-h07vu-en-couronne-de-25m-rouge-70812294.html,,
LM-70812301,product_found_image_failed,https://www.leroymerlin.fr/produits/fil-electrique-1-5-mm2-h07vu-en-couronne-de-25m-violet-70812301.html,,
LM-70812322,product_found_image_failed,https://www.leroymerlin.fr/produits/fil-electrique-1-5-mm2-h07vu-en-couronne-de-5m-rouge-70812322.html,,
LM-70812336,product_found_image_failed,https://www.leroymerlin.fr/produits/fil-electrique-6-mm2-h07vr-en-couronne-de-10m-vert-jaune-70812336.html,,
LM-70829332,product_found_image_failed,https://www.leroymerlin.fr/produits/cable-electrique-2-x-1-5-mm2-ho5vvf-a-coupe-blanc-70829332.html,,
LM-70854861,product_found_image_failed,https://www.leroymerlin.fr/produits/volige-sapin-epicea-traite-18x200-mm-longueur-3-m-choix-2-classe-2-70854861.html,,
LM-70870905,product_found_image_failed,https://www.leroymerlin.fr/produits/equerre-de-chaise-acier-blanc-hettich-l-100-mm-x-l-20-mm-x-h-10-cm-70870905.html,,
LM-70870926,product_found_image_failed,https://www.leroymerlin.fr/produits/lot-de-10-equerres-de-chaise-acier-noir-hettich-l-20-mm-x-l-15-mm-x-h-2-cm-70870926.html,,
LM-70871241,product_found_image_failed,https://www.leroymerlin.fr/produits/lot-de-12-equerres-assemblage-acier-zingue-hettich-l-80mm-x-l-15mm-x-h-0-2cm-70871241.html,,
LM-70909762,product_found_image_failed,https://www.leroymerlin.fr/produits/100-chevilles-3-en-1-duopower-8-x-l-40-mm-70909762.html,,
LM-70909783,product_found_image_failed,https://www.leroymerlin.fr/produits/50-chevilles-et-vis-3-en-1-duopower-6-x-l-30-mm-70909783.html,,
LM-70909811,product_found_image_failed,https://www.leroymerlin.fr/produits/lot-de-50-cheville-et-vis-3-en-1-duopower-diam-8-x-l-40-mm-70909811.html,,
LM-70921130,product_found_image_failed,https://www.leroymerlin.fr/produits/lot-de-210-chevilles-duopower-fischer-6-8-et-10mm-70921130.html,,
LM-70966154,reference_not_in_sitemap,,,
LM-72598036,reference_not_in_sitemap,,,
LM-73031595,reference_not_in_sitemap,,,
LM-73031672,product_found_image_failed,https://www.leroymerlin.fr/produits/sous-couche-plaque-de-platre-luxens-10l-73031672.html,,
LM-73031784,product_found_image_failed,https://www.leroymerlin.fr/produits/sous-couche-universelle-luxens-10l-73031784.html,,
LM-73031791,product_found_image_failed,https://www.leroymerlin.fr/produits/sous-couche-universelle-luxens-10l-20-gratuit-73031791.html,,
LM-73064222,reference_not_in_sitemap,,,
LM-73081904,reference_not_in_sitemap,,,
LM-73205006,product_found_image_failed,https://www.leroymerlin.fr/produits/treillis-soudes-carre-l-1-19-x-l-2-33-m-diam-5-mm-73205006.html,,
LM-73720521,product_found_image_failed,https://www.leroymerlin.fr/produits/beton-haute-resistance-gris-prb-30-kg-73720521.html,,
LM-73733590,product_found_image_failed,https://www.leroymerlin.fr/produits/bloc-porte-mdf-madrid-2-h-204-x-l-73-cm-poussant-gauche-73733590.html,,
LM-73733646,product_found_image_failed,https://www.leroymerlin.fr/produits/bloc-porte-fin-de-chantier-mdf-madrid-2-h-204-x-l-83-cm-poussant-gauche-73733646.html,,
LM-747453,product_found_image_failed,https://www.leroymerlin.fr/produits/colle-assemblage-gel-neoprene-sader-gel-multi-usages-beige-125ml-747453.html,,
LM-75498150,reference_not_in_sitemap,,,
LM-75598306,reference_not_in_sitemap,,,
LM-75810595,reference_not_in_sitemap,,,
LM-76410670,reference_not_in_sitemap,,,
LM-76932254,product_found_image_failed,https://www.leroymerlin.fr/produits/lot-de-240-chevilles-tout-type-de-mur-big-pack-duopower-fischer-6-x-l-30-mm-76932254.html,,
LM-77260190,reference_not_in_sitemap,,,
LM-77676263,product_found_image_failed,https://www.leroymerlin.fr/produits/450-vis-acier-tete-plate-t-star-spax-4-x-l-45-mm-77676263.html,,
LM-77676270,product_found_image_failed,https://www.leroymerlin.fr/produits/300-vis-acier-tete-fraisee-t-star-spax-4-x-l-60-mm-77676270.html,,
LM-77676410,product_found_image_failed,https://www.leroymerlin.fr/produits/100-vis-acier-tete-fraisee-t-star-spax-4-x-l-16-mm-77676410.html,,
LM-77676424,product_found_image_failed,https://www.leroymerlin.fr/produits/100-vis-acier-tete-fraisee-t-star-spax-4-x-l-20-mm-77676424.html,,
LM-77676431,product_found_image_failed,https://www.leroymerlin.fr/produits/100-vis-acier-tete-fraisee-t-star-spax-4-x-l-25-mm-77676431.html,,
LM-77676564,product_found_image_failed,https://www.leroymerlin.fr/produits/100-vis-acier-tete-fraisee-t-star-spax-4-5-x-l-20-mm-77676564.html,,
LM-77676816,product_found_image_failed,https://www.leroymerlin.fr/produits/10-vis-acier-tete-fraisee-t-star-spax-6-x-l-80-mm-77676816.html,,
LM-77676830,product_found_image_failed,https://www.leroymerlin.fr/produits/10-vis-acier-tete-fraisee-t-star-spax-6-x-l-120-mm-77676830.html,,
LM-77676942,product_found_image_failed,https://www.leroymerlin.fr/produits/30-vis-acier-tete-ronde-t-star-spax-3-x-l-10-mm-77676942.html,,
LM-77677005,product_found_image_failed,https://www.leroymerlin.fr/produits/100-vis-acier-tete-fraisee-t-star-spax-4-x-l-45-mm-77677005.html,,
LM-77677012,product_found_image_failed,https://www.leroymerlin.fr/produits/100-vis-acier-tete-fraisee-t-star-spax-4-x-l-50-mm-77677012.html,,
LM-77953386,reference_not_in_sitemap,,,
LM-78923893,product_found_image_failed,https://www.leroymerlin.fr/produits/lot-de-10-interrupteur-dooxie-va-et-vient-a-assembler-legrand-blanc-78923893.html,,
LM-78923895,product_found_image_failed,https://www.leroymerlin.fr/produits/lot-de-10-prises-a-composer-dooxie-legrand-blanc-78923895.html,,
LM-791882,product_found_image_failed,https://www.leroymerlin.fr/produits/colle-assemblage-liquide-sader-prise-progressive-transparent-250g-791882.html,,
LM-79520063,product_found_image_failed,https://www.leroymerlin.fr/produits/80-vis-acier-tete-fraisee-t-star-spax-6-x-l-120-mm-79520063.html,,
LM-79520084,product_found_image_failed,https://www.leroymerlin.fr/produits/espaceurs-spax-ep-4-5-6-7-mm-79520084.html,,
LM-79678746,product_found_image_failed,https://www.leroymerlin.fr/produits/lot-de-50-chevilles-duopower-fischer-diam-10-x-l-50-mm-79678746.html,,
LM-79793504,product_found_image_failed,https://www.leroymerlin.fr/produits/lot-de-2-cartouches-de-scellement-chimique-fix-standers-300ml-79793504.html,,
LM-79917796,product_found_image_failed,https://www.leroymerlin.fr/produits/disjoncteur-monophase-10a-dnx3-legrand-79917796.html,,
LM-79917803,product_found_image_failed,https://www.leroymerlin.fr/produits/disjoncteur-monophase-16a-dnx3-legrand-79917803.html,,
LM-79917810,product_found_image_failed,https://www.leroymerlin.fr/produits/disjoncteur-monophase-20a-dnx3-legrand-79917810.html,,
LM-80104780,product_found_image_failed,https://www.leroymerlin.fr/produits/colle-assemblage-liquide-axton-bois-interieur-rapide-transparent-100g-80104780.html,,
LM-80119273,product_found_image_failed,https://www.leroymerlin.fr/produits/25-chevilles-et-vis-a-expansion-grapex-red-head-6-x-l-25-mm-80119273.html,,
LM-80121040,product_found_image_failed,https://www.leroymerlin.fr/produits/80-chevilles-et-vis-a-expansion-ou-a-verrouillage-grapex-red-head-6-x-l-25-mm-80121040.html,,
LM-80121079,product_found_image_failed,https://www.leroymerlin.fr/produits/lot-de-50-chevilles-et-vis-a-visser-red-head-diam-4-x-l-35-mm-80121079.html,,
LM-80121093,reference_not_in_sitemap,,,
LM-80121094,reference_not_in_sitemap,,,
LM-80121101,product_found_image_failed,https://www.leroymerlin.fr/produits/cheville-murale-avec-vis-driva-drivatr10-spit-x-l-30-mm-80121101.html,,
LM-80121102,product_found_image_failed,https://www.leroymerlin.fr/produits/cheville-murale-avec-vis-driva-drivabtr100-spit-x-l-30-mm-80121102.html,,
LM-80121181,product_found_image_failed,https://www.leroymerlin.fr/produits/cheville-murale-avec-vis-fix3-spit-x-l-75-mm-80121181.html,,
LM-80121185,product_found_image_failed,https://www.leroymerlin.fr/produits/cheville-murale-avec-vis-fix3-spit-x-l-95-mm-80121185.html,,
LM-80121188,product_found_image_failed,https://www.leroymerlin.fr/produits/cheville-murale-avec-vis-fix3-spit-x-l-140-mm-80121188.html,,
LM-80121261,product_found_image_failed,https://www.leroymerlin.fr/produits/lot-de-4-tamis-pour-scellement-chimique-ndall-spit-diam-16-80121261.html,,
LM-80121262,product_found_image_failed,https://www.leroymerlin.fr/produits/lot-de-4-tamis-ndall-spit-diam-10-80121262.html,,
LM-80121263,product_found_image_failed,https://www.leroymerlin.fr/produits/lot-de-16-tamis-spit-diam-16-x-l-85-mm-80121263.html,,
LM-80121264,product_found_image_failed,https://www.leroymerlin.fr/produits/lot-de-10-tamis-spit-diam-16-x-l-130-mm-80121264.html,,
LM-80121265,product_found_image_failed,https://www.leroymerlin.fr/produits/lot-de-8-tamis-spit-diam-20-x-l-85-mm-80121265.html,,
LM-80121303,product_found_image_failed,https://www.leroymerlin.fr/produits/cartouche-pour-fixation-chimique-beige-spit-300-ml-80121303.html,,
LM-80121304,product_found_image_failed,https://www.leroymerlin.fr/produits/lot-de-2-cartouches-pour-fixation-chimique-beige-spit-300-ml-80121304.html,,
LM-80121305,product_found_image_failed,https://www.leroymerlin.fr/produits/cartouche-pour-fixation-chimique-gris-spit-300-ml-80121305.html,,
LM-80121306,product_found_image_failed,https://www.leroymerlin.fr/produits/lot-de-2-cartouches-pour-fixation-chimique-gris-spit-300-ml-80121306.html,,
LM-80125274,product_found_image_failed,https://www.leroymerlin.fr/produits/cartouche-de-scellement-chimique-et-canule-vifix-160-ml-standers-80125274.html,,
LM-80125279,product_found_image_failed,https://www.leroymerlin.fr/produits/18-chevilles-et-vis-a-expansion-fischer-5-x-l-25-0-mm-80125279.html,,
LM-80125280,product_found_image_failed,https://www.leroymerlin.fr/produits/12-chevilles-et-vis-a-expansion-fischer-6-x-l-30-0-mm-80125280.html,,
LM-80125281,product_found_image_failed,https://www.leroymerlin.fr/produits/8-chevilles-et-vis-a-expansion-fischer-8-x-l-40-0-mm-80125281.html,,
LM-80125282,product_found_image_failed,https://www.leroymerlin.fr/produits/4-chevilles-et-tirefonds-fischer-10-x-l-50-0-mm-80125282.html,,
LM-80125283,product_found_image_failed,https://www.leroymerlin.fr/produits/kit-chevilles-et-vis-nylon-fischer-x-2-diam-12-x-l-60-mm-80125283.html,,
LM-80125285,product_found_image_failed,https://www.leroymerlin.fr/produits/kit-chevilles-et-vis-nylon-fischer-x-4-x-l-65-mm-80125285.html,,
LM-80125286,product_found_image_failed,https://www.leroymerlin.fr/produits/lot-de-4-chevilles-multi-materiaux-avec-vis-nylon-fischer-diam-6-l-de-50-a-100-80125286.html,,
LM-80125287,product_found_image_failed,https://www.leroymerlin.fr/produits/kit-chevilles-nylon-fischer-x-28-diam-6-x-l-30-mm-80125287.html,,
LM-80125288,product_found_image_failed,https://www.leroymerlin.fr/produits/lot-de-18-cheville-pour-tout-type-de-mur-duopower-duopower-8x40-fischer-8-x-l-80125288.html,,
LM-80125289,product_found_image_failed,https://www.leroymerlin.fr/produits/kit-chevilles-nylon-fischer-x-8-diam-10-x-l-50-mm-80125289.html,,
LM-80125290,product_found_image_failed,https://www.leroymerlin.fr/produits/kit-chevilles-nylon-fischer-x-4-diam-12-x-l-60-mm-80125290.html,,
LM-80125396,product_found_image_failed,https://www.leroymerlin.fr/produits/plaque-design-pour-grille-de-ventilation-transparente-colorline-aldes-80125396.html,,
LM-80125445,product_found_image_failed,https://www.leroymerlin.fr/produits/10-chevilles-pour-plaques-de-platre-avec-vis-standers-diam-13-x-l-31mm-80125445.html,,
LM-80125446,product_found_image_failed,https://www.leroymerlin.fr/produits/8-chevilles-acier-pour-plaques-de-platre-standers-diam-13-x-l-31mm-80125446.html,,
LM-80125449,product_found_image_failed,https://www.leroymerlin.fr/produits/50-chevilles-a-expansion-avec-vis-acier-standers-diam-13-x-l-31mm-80125449.html,,
LM-80125451,product_found_image_failed,https://www.leroymerlin.fr/produits/10-chevilles-pour-plaques-de-platre-et-vis-standers-diam-13-x-l-41-mm-80125451.html,,
LM-80125452,product_found_image_failed,https://www.leroymerlin.fr/produits/lot-de-12-chevilles-multi-materiaux-avec-vis-acier-standers-diam-11-l-de-50-a-80125452.html,,
LM-80125454,product_found_image_failed,https://www.leroymerlin.fr/produits/120-chevilles-a-expansion-avec-vis-acier-standers-diam-8-x-l-46mm-80125454.html,,
LM-80125455,product_found_image_failed,https://www.leroymerlin.fr/produits/20-chevilles-a-expansion-et-vis-acier-standers-diam-8-x-l-46-mm-80125455.html,,
LM-80125459,product_found_image_failed,https://www.leroymerlin.fr/produits/50-chevilles-a-expansion-avec-vis-acier-standers-diam-8-x-l-46-mm-80125459.html,,
LM-80125462,product_found_image_failed,https://www.leroymerlin.fr/produits/lot-de-50-kit-chevilles-a-expansion-et-vis-acier-standers-diam-8-l-34-mm-80125462.html,,
LM-80125464,product_found_image_failed,https://www.leroymerlin.fr/produits/10-chevilles-a-expansion-avec-vis-acier-standers-diam-8-x-l-46-mm-80125464.html,,
LM-80125466,product_found_image_failed,https://www.leroymerlin.fr/produits/kit-chevilles-et-vis-acier-standers-x-10-diam-8-x-l-46-mm-80125466.html,,
LM-80125468,product_found_image_failed,https://www.leroymerlin.fr/produits/40-chevilles-pour-plaques-de-platre-et-vis-standers-diam-11-x-l-36-mm-80125468.html,,
LM-80125469,product_found_image_failed,https://www.leroymerlin.fr/produits/8-chevilles-a-expansion-avec-vis-acier-standers-diam-11-x-l-36-mm-80125469.html,,
LM-80125473,product_found_image_failed,https://www.leroymerlin.fr/produits/20-chevilles-a-expansion-standers-diam-11-x-l-50-mm-80125473.html,,
LM-80125474,product_found_image_failed,https://www.leroymerlin.fr/produits/20-chevilles-a-expansion-et-vis-acier-standers-diam-11-x-l-36mm-80125474.html,,
LM-80125476,product_found_image_failed,https://www.leroymerlin.fr/produits/20-chevilles-a-expansion-avec-vis-acier-standers-diam-8-x-l-34mm-80125476.html,,
LM-80125477,product_found_image_failed,https://www.leroymerlin.fr/produits/10-chevilles-a-expansion-avec-vis-acier-standers-diam-8-x-l-34mm-80125477.html,,
LM-80125478,product_found_image_failed,https://www.leroymerlin.fr/produits/pince-pour-cheville-metal-standers-l-5-mm-80125478.html,,
LM-80125482,product_found_image_failed,https://www.leroymerlin.fr/produits/1-cheville-a-bascule-standers-diam-6-80125482.html,,
LM-80125487,product_found_image_failed,https://www.leroymerlin.fr/produits/2-chevilles-a-bascule-standers-diam-9-x-l-49-mm-vis-80125487.html,,
LM-80125491,product_found_image_failed,https://www.leroymerlin.fr/produits/15-chevilles-a-frapper-brique-beton-parpaing-standers-diam-6-x-l-40-mm-80125491.html,,
LM-80125492,product_found_image_failed,https://www.leroymerlin.fr/produits/cheville-murale-avec-vis-standers-x-l-30-mm-80125492.html,,
LM-80125495,product_found_image_failed,https://www.leroymerlin.fr/produits/250-chevilles-a-frapper-brique-beton-parpaing-standers-diam-6-x-l-40-mm-80125495.html,,
LM-80125496,product_found_image_failed,https://www.leroymerlin.fr/produits/75-chevilles-a-frapper-brique-beton-parpaing-standers-diam-6-x-l-80-mm-80125496.html,,
LM-80125502,product_found_image_failed,https://www.leroymerlin.fr/produits/200-chevilles-a-frapper-brique-beton-parpaing-standers-diam-6-x-l-60-mm-80125502.html,,
LM-80125504,product_found_image_failed,https://www.leroymerlin.fr/produits/cheville-murale-avec-vis-standers-x-l-80-mm-80125504.html,,
LM-80125506,product_found_image_failed,https://www.leroymerlin.fr/produits/8-chevilles-a-frapper-brique-beton-parpaing-standers-diam-8-x-l-100mm-80125506.html,,
LM-80125510,product_found_image_failed,https://www.leroymerlin.fr/produits/60-chevilles-a-frapper-brique-beton-parpaing-standers-diam-5-x-l-30-mm-80125510.html,,
LM-80125512,product_found_image_failed,https://www.leroymerlin.fr/produits/75-chevilles-a-frapper-brique-beton-parpaing-standers-diam-6-x-l-60-mm-80125512.html,,
LM-80125513,product_found_image_failed,https://www.leroymerlin.fr/produits/10-chevilles-a-frapper-brique-beton-parpaing-standers-diam-6-x-l-60-mm-80125513.html,,
LM-80126306,product_found_image_failed,https://www.leroymerlin.fr/produits/ciment-gris-cimalit-ce-32-5-35-kg-80126306.html,,
LM-80126484,product_found_image_failed,https://www.leroymerlin.fr/produits/parpaing-chainage-vertical-l-50-x-l-20-x-h-20-cm-80126484.html,,
LM-80126495,product_found_image_failed,https://www.leroymerlin.fr/produits/parpaing-chainage-vertical-l-50-x-l-20-x-h-20-cm-80126495.html,,
LM-80126912,reference_not_in_sitemap,,,
LM-80127296,product_found_image_failed,https://www.leroymerlin.fr/produits/parpaing-creux-beton-nf-p-50-x-h-20-x-ep-20-cm-alkern-80127296.html,,
LM-80127312,product_found_image_failed,https://www.leroymerlin.fr/produits/bloc-beton-l-50-x-l-20-x-h-20-cm-80127312.html,,
LM-80127313,product_found_image_failed,https://www.leroymerlin.fr/produits/bloc-beton-l-50-x-l-20-x-h-20-cm-80127313.html,,
LM-80127318,product_found_image_failed,https://www.leroymerlin.fr/produits/bloc-beton-l-50-x-l-20-x-h-20-cm-80127318.html,,
LM-80127319,product_found_image_failed,https://www.leroymerlin.fr/produits/bloc-beton-l-50-x-l-20-x-h-20-cm-80127319.html,,
LM-80127323,product_found_image_failed,https://www.leroymerlin.fr/produits/bloc-beton-l-50-x-l-20-x-h-20-cm-80127323.html,,
LM-80127325,product_found_image_failed,https://www.leroymerlin.fr/produits/bloc-beton-l-50-x-l-20-x-h-20-cm-80127325.html,,
LM-80127326,product_found_image_failed,https://www.leroymerlin.fr/produits/bloc-beton-l-50-x-l-20-x-h-20-cm-80127326.html,,
LM-80127328,product_found_image_failed,https://www.leroymerlin.fr/produits/bloc-beton-l-50-x-l-20-x-h-20-cm-80127328.html,,
LM-80127330,product_found_image_failed,https://www.leroymerlin.fr/produits/bloc-beton-l-50-x-l-20-x-h-20-cm-80127330.html,,
LM-80127339,product_found_image_failed,https://www.leroymerlin.fr/produits/bloc-beton-l-50-x-l-20-x-h-20-cm-80127339.html,,
LM-80129018,reference_not_in_sitemap,,,
LM-80129158,reference_not_in_sitemap,,,
LM-80129238,reference_not_in_sitemap,,,
LM-80129330,reference_not_in_sitemap,,,
LM-80129466,product_found_image_failed,https://www.leroymerlin.fr/produits/2-charnieres-invisibles-l-66-mm-35-mm-recouvrement-total-105-80129466.html,,
LM-80129468,product_found_image_failed,https://www.leroymerlin.fr/produits/2-charnieres-invisibles-l-67-3-mm-35-mm-recouvrement-total-110-80129468.html,,
LM-80129469,product_found_image_failed,https://www.leroymerlin.fr/produits/2-charnieres-invisibles-l-66-8-mm-35-mm-recouvrement-total-165-80129469.html,,
LM-80130300,product_found_image_failed,https://www.leroymerlin.fr/produits/lot-de-230-chevilles-multi-materiaux-et-vis-standers-diam-6-8-10-l-50-60-70mm-80130300.html,,
LM-80130302,product_found_image_failed,https://www.leroymerlin.fr/produits/4-chevilles-multi-materiaux-et-vis-standers-diam-10-x-l-60mm-80130302.html,,
LM-80130304,product_found_image_failed,https://www.leroymerlin.fr/produits/10-chevilles-multi-materiaux-avec-vis-standers-diam-6-x-l-40mm-80130304.html,,
LM-80130306,product_found_image_failed,https://www.leroymerlin.fr/produits/250-chevilles-multi-materiaux-avec-vis-standers-diam-6-x-l-40mm-80130306.html,,
LM-80130308,product_found_image_failed,https://www.leroymerlin.fr/produits/200-chevilles-multi-materiaux-et-vis-standers-diam-8-x-l-50mm-80130308.html,,
LM-80130309,product_found_image_failed,https://www.leroymerlin.fr/produits/10-chevilles-multi-materiaux-et-vis-standers-diam-8-x-l-50mm-80130309.html,,
LM-80130310,product_found_image_failed,https://www.leroymerlin.fr/produits/50-chevilles-multi-materiaux-et-vis-standers-diam-8-x-l-50mm-80130310.html,,
LM-80130311,product_found_image_failed,https://www.leroymerlin.fr/produits/5-chevilles-multi-materiaux-et-vis-standers-diam-8-x-l-50mm-80130311.html,,
LM-80130313,product_found_image_failed,https://www.leroymerlin.fr/produits/40-chevilles-multi-materiaux-standers-diam-10-x-l-60-mm-80130313.html,,
LM-80130314,product_found_image_failed,https://www.leroymerlin.fr/produits/20-chevilles-multi-materiaux-standers-6-x-l-40-mm-80130314.html,,
LM-80130315,product_found_image_failed,https://www.leroymerlin.fr/produits/350-chevilles-multi-materiaux-avec-vis-standers-diam-5-x-l-30mm-80130315.html,,
LM-80130316,product_found_image_failed,https://www.leroymerlin.fr/produits/lot-de-25-chevilles-multi-materiaux-avec-vis-acier-standers-diam-5-x-l-30mm-80130316.html,,
LM-80130319,product_found_image_failed,https://www.leroymerlin.fr/produits/100-chevilles-multi-materiaux-et-vis-standers-diam-10-x-l-60mm-80130319.html,,
LM-80130321,product_found_image_failed,https://www.leroymerlin.fr/produits/100-chevilles-multi-materiaux-et-vis-standers-diam-5-x-l-30mm-80130321.html,,
LM-80130322,product_found_image_failed,https://www.leroymerlin.fr/produits/8-chevilles-multi-materiaux-standers-diam-8-x-l-50mm-80130322.html,,
LM-80131107,product_found_image_failed,https://www.leroymerlin.fr/produits/bloc-beton-l-50-x-l-20-x-h-20-cm-80131107.html,,
LM-80131118,product_found_image_failed,https://www.leroymerlin.fr/produits/parpaing-creux-beton-l-50-x-l-15-x-h-20-cm-80131118.html,,
LM-80131147,product_found_image_failed,https://www.leroymerlin.fr/produits/parpaing-creux-beton-l-50-x-l-15-x-h-20-cm-80131147.html,,
LM-80131148,product_found_image_failed,https://www.leroymerlin.fr/produits/parpaing-creux-beton-l-50-x-l-15-x-h-20-cm-80131148.html,,
LM-80131150,product_found_image_failed,https://www.leroymerlin.fr/produits/parpaing-creux-beton-l-50-x-l-15-x-h-20-cm-80131150.html,,
LM-80131164,product_found_image_failed,https://www.leroymerlin.fr/produits/parpaing-creux-beton-l-50-x-l-15-x-h-20-cm-80131164.html,,
LM-80131313,product_found_image_failed,https://www.leroymerlin.fr/produits/parpaing-creux-beton-l-50-x-l-10-x-h-20-cm-80131313.html,,
LM-80131323,product_found_image_failed,https://www.leroymerlin.fr/produits/parpaing-creux-beton-l-50-x-l-10-x-h-20-cm-80131323.html,,
LM-80131335,product_found_image_failed,https://www.leroymerlin.fr/produits/bloc-beton-l-50-x-l-10-x-h-20-cm-80131335.html,,
LM-80131344,product_found_image_failed,https://www.leroymerlin.fr/produits/parpaing-creux-beton-l-50-x-l-10-x-h-20-cm-80131344.html,,
LM-80131353,product_found_image_failed,https://www.leroymerlin.fr/produits/parpaing-creux-beton-l-50-x-l-10-x-h-20-cm-80131353.html,,
LM-80133011,product_found_image_failed,https://www.leroymerlin.fr/produits/parpaing-creux-beton-l-50-x-l-7-5-x-h-20-cm-80133011.html,,
LM-80133033,product_found_image_failed,https://www.leroymerlin.fr/produits/bloc-a-bancher-l-50-x-l-20-x-h-20-cm-80133033.html,,
LM-80133040,product_found_image_failed,https://www.leroymerlin.fr/produits/bloc-a-bancher-l-50-x-l-20-x-h-20-cm-80133040.html,,
LM-80133050,product_found_image_failed,https://www.leroymerlin.fr/produits/bloc-a-bancher-l-50-x-l-20-x-h-20-cm-80133050.html,,
LM-80133056,product_found_image_failed,https://www.leroymerlin.fr/produits/bloc-a-bancher-l-50-x-l-20-x-h-20-cm-80133056.html,,
LM-80133061,product_found_image_failed,https://www.leroymerlin.fr/produits/bloc-a-bancher-l-50-x-l-20-x-h-20-cm-80133061.html,,
LM-80133078,product_found_image_failed,https://www.leroymerlin.fr/produits/parpaing-creux-beton-l-50-x-l-25-x-h-20-cm-80133078.html,,
LM-80133084,product_found_image_failed,https://www.leroymerlin.fr/produits/parpaing-creux-beton-l-50-x-l-25-x-h-20-cm-80133084.html,,
LM-80133318,product_found_image_failed,https://www.leroymerlin.fr/produits/parpaing-chainage-horizontal-l-50-x-l-20-x-h-20-cm-80133318.html,,
LM-80133351,product_found_image_failed,https://www.leroymerlin.fr/produits/parpaing-creux-beton-l-50-x-l-20-x-h-25-cm-80133351.html,,
LM-80133561,product_found_image_failed,https://www.leroymerlin.fr/produits/parpaing-chainage-vertical-l-50-x-l-15-x-h-20-cm-80133561.html,,
LM-80134514,reference_not_in_sitemap,,,
LM-80134518,product_found_image_failed,https://www.leroymerlin.fr/produits/montant-de-48-35-mm-nf-long-2-59-m-80134518.html,,
LM-80135739,product_found_image_failed,https://www.leroymerlin.fr/produits/50-vis-acier-zingue-peint-suki-7x40-mm-80135739.html,,
LM-80135852,product_found_image_failed,https://www.leroymerlin.fr/produits/sachet-de-4-tamis-diam-15x130mm-4-goujons-m10-red-head-80135852.html,,
LM-80135854,product_found_image_failed,https://www.leroymerlin.fr/produits/cartouche-de-scellement-chimique-ton-pierre-red-head-300-ml-80135854.html,,
LM-80135855,product_found_image_failed,https://www.leroymerlin.fr/produits/cartouche-de-scellement-chimique-red-head-80135855.html,,
LM-80136218,product_found_image_failed,https://www.leroymerlin.fr/produits/ciment-gris-pro-nf-cem-ii-32-5-35-kg-80136218.html,,
LM-80136219,product_found_image_failed,https://www.leroymerlin.fr/produits/ciment-type-ii-portland-composite-cimalit-n-a-32-5-35-kg-80136219.html,,
LM-80136720,product_found_image_failed,https://www.leroymerlin.fr/produits/kit-grille-de-ventilation-d125-mm-en-blanc-colorline-aldes-80136720.html,,
LM-80139321,reference_not_in_sitemap,,,
LM-80139714,product_found_image_failed,https://www.leroymerlin.fr/produits/140-chevilles-duopower-et-vis-fischer-diam-6-x-l-30-mm-80139714.html,,
LM-80141603,product_found_image_failed,https://www.leroymerlin.fr/produits/parpaing-creux-beton-l-50-x-l-20-x-h-20-cm-80141603.html,,
LM-80150387,product_found_image_failed,https://www.leroymerlin.fr/produits/parpaing-creux-beton-l-50-x-l-20-x-h-20-cm-80150387.html,,
LM-80152841,product_found_image_failed,https://www.leroymerlin.fr/produits/type-ii-portland-composite-cimalit-n-a-32-5-35-kg-80152841.html,,
LM-80152849,reference_not_in_sitemap,,,
LM-80153048,product_found_image_failed,https://www.leroymerlin.fr/produits/plaque-de-platre-ba-13-h-260-x-l-120-cm-hydrofuge-verte-h1-nf-resi-80153048.html,,
LM-80153787,product_found_image_failed,https://www.leroymerlin.fr/produits/mortier-gris-prb-25-kg-80153787.html,,
LM-80154450,product_found_image_failed,https://www.leroymerlin.fr/produits/parpaing-creux-beton-l-50-x-l-15-x-h-20-cm-80154450.html,,
LM-80164942,product_found_image_failed,https://www.leroymerlin.fr/produits/plaque-simple-dooxie-legrand-blanc-80164942.html,,
LM-80164944,product_found_image_failed,https://www.leroymerlin.fr/produits/plaque-triple-dooxie-legrand-blanc-80164944.html,,
LM-80164945,product_found_image_failed,https://www.leroymerlin.fr/produits/plaque-quadruple-dooxie-legrand-blanc-80164945.html,,
LM-80164949,product_found_image_failed,https://www.leroymerlin.fr/produits/plaque-simple-dooxie-legrand-aluminium-80164949.html,,
LM-80164953,product_found_image_failed,https://www.leroymerlin.fr/produits/plaque-simple-dooxie-legrand-noir-velours-80164953.html,,
LM-80164954,product_found_image_failed,https://www.leroymerlin.fr/produits/plaque-double-dooxie-legrand-noir-velours-80164954.html,,
LM-80164955,product_found_image_failed,https://www.leroymerlin.fr/produits/plaque-triple-dooxie-legrand-noir-velours-80164955.html,,
LM-80164967,product_found_image_failed,https://www.leroymerlin.fr/produits/plaque-simple-dooxie-legrand-aluminium-80164967.html,,
LM-80164984,product_found_image_failed,https://www.leroymerlin.fr/produits/lot-de-5-interrupteurs-va-et-vient-complet-legrand-dooxie-blanc-80164984.html,,
LM-80164985,product_found_image_failed,https://www.leroymerlin.fr/produits/lot-de-5-prises-avec-terre-complet-dooxie-legrand-blanc-80164985.html,,
LM-80164986,product_found_image_failed,https://www.leroymerlin.fr/produits/interrupteur-va-et-vient-dooxie-legrand-blanc-80164986.html,,
LM-80165043,product_found_image_failed,https://www.leroymerlin.fr/produits/lot-de-6-interrupteurs-va-et-vient-a-assembler-legrand-dooxie-blanc-80165043.html,,
LM-80165048,product_found_image_failed,https://www.leroymerlin.fr/produits/interrupteur-va-et-vient-dooxie-legrand-noir-80165048.html,,
LM-80165052,product_found_image_failed,https://www.leroymerlin.fr/produits/interrupteur-va-et-vient-et-poussoir-legrand-dooxie-blanc-80165052.html,,
LM-80165055,product_found_image_failed,https://www.leroymerlin.fr/produits/interrupteur-va-et-vient-a-voyant-temoin-a-assembler-legrand-dooxie-blanc-80165055.html,,
LM-80165061,product_found_image_failed,https://www.leroymerlin.fr/produits/double-interrupteur-va-et-vient-a-assembler-legrand-dooxie-blanc-80165061.html,,
LM-80165062,product_found_image_failed,https://www.leroymerlin.fr/produits/double-interrupteur-va-et-vient-a-assembler-legrand-dooxie-aluminium-80165062.html,,
LM-80165063,product_found_image_failed,https://www.leroymerlin.fr/produits/double-interrupteur-va-et-vient-legrand-dooxie-noir-80165063.html,,
LM-80165066,product_found_image_failed,https://www.leroymerlin.fr/produits/poussoir-a-assembler-legrand-dooxie-noir-80165066.html,,
LM-80165080,product_found_image_failed,https://www.leroymerlin.fr/produits/prise-rj45-a-composer-dooxie-legrand-noir-80165080.html,,
LM-80165085,product_found_image_failed,https://www.leroymerlin.fr/produits/interrupteur-automatique-a-assembler-legrand-dooxie-aluminium-80165085.html,,
LM-80165090,product_found_image_failed,https://www.leroymerlin.fr/produits/prise-sans-terre-a-composer-dooxie-legrand-blanc-80165090.html,,
LM-80165099,product_found_image_failed,https://www.leroymerlin.fr/produits/sortie-de-cable-complet-dooxie-legrand-blanc-80165099.html,,
LM-80165100,product_found_image_failed,https://www.leroymerlin.fr/produits/prise-a-composer-dooxie-legrand-blanc-80165100.html,,
LM-80165102,product_found_image_failed,https://www.leroymerlin.fr/produits/prise-a-composer-dooxie-legrand-noir-80165102.html,,
LM-80165104,product_found_image_failed,https://www.leroymerlin.fr/produits/prise-a-composer-dooxie-legrand-blanc-80165104.html,,
LM-80165105,product_found_image_failed,https://www.leroymerlin.fr/produits/prise-a-composer-dooxie-legrand-aluminium-80165105.html,,
LM-80165107,product_found_image_failed,https://www.leroymerlin.fr/produits/prise-a-composer-dooxie-legrand-blanc-80165107.html,,
LM-80165110,product_found_image_failed,https://www.leroymerlin.fr/produits/double-prise-a-composer-dooxie-legrand-blanc-80165110.html,,
LM-80165119,product_found_image_failed,https://www.leroymerlin.fr/produits/prise-tv-passante-a-composer-dooxie-legrand-blanc-80165119.html,,
LM-80165120,product_found_image_failed,https://www.leroymerlin.fr/produits/prise-tv-passante-a-composer-dooxie-legrand-aluminium-80165120.html,,
LM-80176510,reference_not_in_sitemap,,,
LM-81962491,product_found_image_failed,https://www.leroymerlin.fr/produits/raccord-de-connexion-pour-machine-a-laver-polypropylene-diam-40-mm-equation-81962491.html,,
LM-81990972,reference_not_in_sitemap,,,
LM-82008419,product_found_image_failed,https://www.leroymerlin.fr/produits/disjoncteur-de-branchement-60a-500ma-schneider-electric-82008419.html,,
LM-82008709,product_found_image_failed,https://www.leroymerlin.fr/produits/robinet-arret-1-2-15x21-male-male-equation-82008709.html,,
LM-82009028,product_found_image_failed,https://www.leroymerlin.fr/produits/quart-de-rond-mur-blanc-mat-pvc-l-250-cm-x-ep-10-mm-82009028.html,,
LM-82009042,product_found_image_failed,https://www.leroymerlin.fr/produits/quart-de-rond-produit-sans-finition-pvc-82009042.html,,
LM-82009044,product_found_image_failed,https://www.leroymerlin.fr/produits/quart-de-rond-beige-pvc-l-250-cm-x-ep-12-mm-82009044.html,,
LM-82009062,product_found_image_failed,https://www.leroymerlin.fr/produits/quart-de-rond-mur-et-sol-argent-brillant-aluminium-l-250-cm-x-ep-12-mm-82009062.html,,
LM-82009093,product_found_image_failed,https://www.leroymerlin.fr/produits/equerre-de-finition-carrelage-mur-et-sol-gris-brillant-aluminium-l-250cmxep-10mm-82009093.html,,
LM-82009094,product_found_image_failed,https://www.leroymerlin.fr/produits/equerre-de-finition-carrelage-mur-et-sol-gris-brillant-aluminium-l-250cmxep-12mm-82009094.html,,
LM-82009106,product_found_image_failed,https://www.leroymerlin.fr/produits/listel-electropoli-aluminium-82009106.html,,
LM-82036225,product_found_image_failed,https://www.leroymerlin.fr/produits/chaux-hydraulique-nf-prb-25-kg-82036225.html,,
LM-82062435,product_found_image_failed,https://www.leroymerlin.fr/produits/cable-electrique-5-g-1-5-mm2-ho5vvf-l-10-m-blanc-82062435.html,,
LM-82134851,product_found_image_failed,https://www.leroymerlin.fr/produits/100-vis-pour-plaque-de-platre-acier-tete-de-trompette-phillips-spax-5-5-x-l-38-82134851.html,,
LM-82140148,reference_not_in_sitemap,,,
LM-82140162,reference_not_in_sitemap,,,
LM-82144720,product_found_image_failed,https://www.leroymerlin.fr/produits/parpaing-creux-beton-l-50-x-l-20-x-h-25-cm-alkern-82144720.html,,
LM-82144721,product_found_image_failed,https://www.leroymerlin.fr/produits/parpaing-creux-beton-l-50-x-l-20-x-h-25-cm-alkern-82144721.html,,
LM-82144785,product_found_image_failed,https://www.leroymerlin.fr/produits/20-vis-acier-tete-plate-pozidriv-spax-4-x-l-30-mm-82144785.html,,
LM-82158118,product_found_image_failed,https://www.leroymerlin.fr/produits/parpaing-creux-beton-h-25-x-p-50-x-ep-15-cm-82158118.html,,
LM-82176027,reference_not_in_sitemap,,,
LM-82181935,product_found_image_failed,https://www.leroymerlin.fr/produits/20-vis-acier-tete-fraisee-phillips-standers-3-9-x-l-25-mm-82181935.html,,
LM-82181940,product_found_image_failed,https://www.leroymerlin.fr/produits/20-vis-acier-tete-fraisee-phillips-standers-4-2-x-l-32-mm-82181940.html,,
LM-82181946,product_found_image_failed,https://www.leroymerlin.fr/produits/8-vis-acier-tete-fraisee-phillips-standers-4-8-x-l-38-mm-82181946.html,,
LM-82181951,product_found_image_failed,https://www.leroymerlin.fr/produits/200-vis-acier-tete-fraisee-phillips-standers-3-9-x-l-16-mm-82181951.html,,
LM-82181953,product_found_image_failed,https://www.leroymerlin.fr/produits/100-vis-acier-tete-fraisee-phillips-standers-4-8-x-l-25-mm-82181953.html,,
LM-82181955,product_found_image_failed,https://www.leroymerlin.fr/produits/30-vis-acier-tete-ronde-phillips-standers-3-5-x-l-9-5-mm-82181955.html,,
LM-82181965,product_found_image_failed,https://www.leroymerlin.fr/produits/20-vis-acier-tete-ronde-phillips-standers-4-2-x-l-32-mm-82181965.html,,
LM-82181968,product_found_image_failed,https://www.leroymerlin.fr/produits/20-vis-acier-tete-ronde-phillips-standers-4-8-x-l-16-mm-82181968.html,,
LM-82181969,product_found_image_failed,https://www.leroymerlin.fr/produits/15-vis-acier-tete-ronde-phillips-standers-8-x-l-19-mm-82181969.html,,
LM-82181974,product_found_image_failed,https://www.leroymerlin.fr/produits/200-vis-acier-tete-ronde-phillips-standers-3-5-x-l-13-mm-82181974.html,,
LM-82181975,product_found_image_failed,https://www.leroymerlin.fr/produits/200-vis-acier-tete-ronde-phillips-standers-3-5-x-l-16-mm-82181975.html,,
LM-82181999,product_found_image_failed,https://www.leroymerlin.fr/produits/80-vis-acier-tete-6-pans-hex-standers-5-5-x-l-38-mm-82181999.html,,
LM-82182190,product_found_image_failed,https://www.leroymerlin.fr/produits/250-vis-acier-tete-6-pans-hex-standers-4-8-x-l-16-mm-82182190.html,,
LM-82183929,product_found_image_failed,https://www.leroymerlin.fr/produits/20-vis-inox-tete-ronde-pozidriv-standers-4-x-l-30-mm-82183929.html,,
LM-82183956,reference_not_in_sitemap,,,
LM-82183970,product_found_image_failed,https://www.leroymerlin.fr/produits/1-vis-inox-tete-6-pans-hexagonal-interne-standers-10-x-l-80-mm-82183970.html,,
LM-82184775,product_found_image_failed,https://www.leroymerlin.fr/produits/6-vis-acier-tete-fraisee-ttap-standers-6-x-l-100-mm-82184775.html,,
LM-82184776,product_found_image_failed,https://www.leroymerlin.fr/produits/6-vis-acier-tete-fraisee-ttap-standers-6-x-l-110-mm-82184776.html,,
LM-82184777,product_found_image_failed,https://www.leroymerlin.fr/produits/6-vis-acier-tete-fraisee-ttap-standers-6-x-l-120-mm-82184777.html,,
LM-82184779,product_found_image_failed,https://www.leroymerlin.fr/produits/250-vis-acier-tete-fraisee-ttap-standers-4-x-l-30-mm-82184779.html,,
LM-82184781,product_found_image_failed,https://www.leroymerlin.fr/produits/120-vis-acier-tete-fraisee-ttap-standers-4-x-l-50-mm-82184781.html,,
LM-82184782,product_found_image_failed,https://www.leroymerlin.fr/produits/100-vis-acier-tete-fraisee-ttap-standers-4-x-l-60-mm-82184782.html,,
LM-82184784,product_found_image_failed,https://www.leroymerlin.fr/produits/80-vis-acier-tete-fraisee-ttap-standers-5-x-l-50-mm-82184784.html,,
LM-82184785,product_found_image_failed,https://www.leroymerlin.fr/produits/70-vis-acier-tete-fraisee-ttap-standers-5-x-l-60-mm-82184785.html,,
LM-82184786,product_found_image_failed,https://www.leroymerlin.fr/produits/60-vis-acier-tete-fraisee-ttap-standers-5-x-l-70-mm-82184786.html,,
LM-82184787,product_found_image_failed,https://www.leroymerlin.fr/produits/50-vis-acier-tete-fraisee-ttap-standers-5-x-l-80-mm-82184787.html,,
LM-82184792,product_found_image_failed,https://www.leroymerlin.fr/produits/30-vis-acier-tete-fraisee-ttap-standers-6-x-l-90-mm-82184792.html,,
LM-82184795,product_found_image_failed,https://www.leroymerlin.fr/produits/30-vis-acier-tete-fraisee-ttap-standers-6-x-l-120-mm-82184795.html,,
LM-82184801,product_found_image_failed,https://www.leroymerlin.fr/produits/500-vis-acier-tete-fraisee-ttap-standers-5-x-l-40-mm-82184801.html,,
LM-82184803,product_found_image_failed,https://www.leroymerlin.fr/produits/200-vis-acier-tete-fraisee-ttap-standers-5-x-l-60-mm-82184803.html,,
LM-82184806,product_found_image_failed,https://www.leroymerlin.fr/produits/200-vis-acier-tete-fraisee-ttap-standers-6-x-l-50-mm-82184806.html,,
LM-82184810,product_found_image_failed,https://www.leroymerlin.fr/produits/150-vis-acier-tete-fraisee-ttap-standers-6-x-l-90-mm-82184810.html,,
LM-82184811,product_found_image_failed,https://www.leroymerlin.fr/produits/150-vis-acier-tete-fraisee-ttap-standers-6-x-l-100-mm-82184811.html,,
LM-82184813,product_found_image_failed,https://www.leroymerlin.fr/produits/150-vis-acier-tete-fraisee-ttap-standers-6-x-l-140-mm-82184813.html,,
LM-82203715,product_found_image_failed,https://www.leroymerlin.fr/produits/boite-derivation-170x170x50-legrand-82203715.html,,
LM-82203881,product_found_image_failed,https://www.leroymerlin.fr/produits/boite-derivation-d-70-plexo-legrand-82203881.html,,
LM-82203883,product_found_image_failed,https://www.leroymerlin.fr/produits/boite-derivation-80x80-blanche-legrand-82203883.html,,
LM-82203885,product_found_image_failed,https://www.leroymerlin.fr/produits/boite-derivation-100x100-plexo-legrand-blanc-82203885.html,,
LM-82203887,product_found_image_failed,https://www.leroymerlin.fr/produits/boite-derivation-155x110-plexo-legrand-82203887.html,,
LM-82204151,product_found_image_failed,https://www.leroymerlin.fr/produits/disjoncteur-monophase-45a-dnx3-legrand-82204151.html,,
LM-82216985,product_found_image_failed,https://www.leroymerlin.fr/produits/colle-fixation-pate-ms-polymere-pattex-ni-clou-ni-vis-crystal-transparent-290g-82216985.html,,
LM-82222838,product_found_image_failed,https://www.leroymerlin.fr/produits/30-vis-plaque-de-platre-acier-tete-de-trompette-phillips-standers-3-5-x-l-25mm-82222838.html,,
LM-82222857,product_found_image_failed,https://www.leroymerlin.fr/produits/350-vis-plaque-de-platre-acier-tete-de-trompette-phillips-standers-3-5xl-55mm-82222857.html,,
LM-82222858,product_found_image_failed,https://www.leroymerlin.fr/produits/1000-vis-plaque-de-platre-acier-tete-de-trompette-phillips-standers-3-5xl-25mm-82222858.html,,
LM-82231763,product_found_image_failed,https://www.leroymerlin.fr/produits/vis-double-filetage-bois-bois-acier-standers-diam-8-mm-x-l-60-mm-82231763.html,,
LM-82231786,product_found_image_failed,https://www.leroymerlin.fr/produits/50-vis-acier-tete-fraisee-pozidriv-standers-3-x-l-12-mm-82231786.html,,
LM-82231802,product_found_image_failed,https://www.leroymerlin.fr/produits/40-vis-acier-tete-fraisee-pozidriv-standers-4-x-l-12-mm-82231802.html,,
LM-82231803,product_found_image_failed,https://www.leroymerlin.fr/produits/35-vis-acier-tete-fraisee-pozidriv-standers-4-x-l-16-mm-82231803.html,,
LM-82231822,product_found_image_failed,https://www.leroymerlin.fr/produits/25-vis-acier-tete-fraisee-pozidriv-standers-5-x-l-20-mm-82231822.html,,
LM-82231831,product_found_image_failed,https://www.leroymerlin.fr/produits/6-vis-acier-tete-fraisee-pozidriv-standers-5-x-l-80-mm-82231831.html,,
LM-82231840,product_found_image_failed,https://www.leroymerlin.fr/produits/320-vis-acier-tete-fraisee-pozidriv-standers-3-x-l-20-mm-82231840.html,,
LM-82231841,product_found_image_failed,https://www.leroymerlin.fr/produits/250-vis-acier-tete-fraisee-pozidriv-standers-3-x-l-25-mm-82231841.html,,
LM-82231842,product_found_image_failed,https://www.leroymerlin.fr/produits/200-vis-acier-tete-fraisee-pozidriv-standers-3-x-l-30-mm-82231842.html,,
LM-82231843,product_found_image_failed,https://www.leroymerlin.fr/produits/380-vis-acier-tete-fraisee-pozidriv-standers-3-5-x-l-12-mm-82231843.html,,
LM-82231844,product_found_image_failed,https://www.leroymerlin.fr/produits/300-vis-acier-tete-fraisee-pozidriv-standers-3-5-x-l-16-mm-82231844.html,,
LM-82231845,product_found_image_failed,https://www.leroymerlin.fr/produits/280-vis-acier-tete-fraisee-pozidriv-standers-3-5-x-l-20-mm-82231845.html,,
LM-82231848,product_found_image_failed,https://www.leroymerlin.fr/produits/400-vis-acier-tete-fraisee-pozidriv-standers-4-x-l-16-mm-82231848.html,,
LM-82231849,product_found_image_failed,https://www.leroymerlin.fr/produits/380-vis-acier-tete-fraisee-pozidriv-standers-4-x-l-20-mm-82231849.html,,
LM-82231850,product_found_image_failed,https://www.leroymerlin.fr/produits/300-vis-acier-tete-fraisee-pozidriv-standers-4-x-l-25-mm-82231850.html,,
LM-82231851,product_found_image_failed,https://www.leroymerlin.fr/produits/250-vis-acier-tete-fraisee-pozidriv-standers-4-x-l-30-mm-82231851.html,,
LM-82231852,product_found_image_failed,https://www.leroymerlin.fr/produits/180-vis-acier-tete-fraisee-pozidriv-standers-4-x-l-35-mm-82231852.html,,
LM-82231853,product_found_image_failed,https://www.leroymerlin.fr/produits/150-vis-acier-tete-fraisee-pozidriv-standers-4-x-l-40-mm-82231853.html,,
LM-82231854,product_found_image_failed,https://www.leroymerlin.fr/produits/120-vis-acier-tete-fraisee-pozidriv-standers-4-x-l-50-mm-82231854.html,,
LM-82231855,product_found_image_failed,https://www.leroymerlin.fr/produits/100-vis-acier-tete-fraisee-pozidriv-standers-4-x-l-60-mm-82231855.html,,
LM-82231856,product_found_image_failed,https://www.leroymerlin.fr/produits/200-vis-acier-tete-fraisee-pozidriv-standers-4-5-x-l-30-mm-82231856.html,,
LM-82231860,product_found_image_failed,https://www.leroymerlin.fr/produits/120-vis-acier-tete-fraisee-pozidriv-standers-5-x-l-40-mm-82231860.html,,
LM-82231861,product_found_image_failed,https://www.leroymerlin.fr/produits/80-vis-acier-tete-fraisee-pozidriv-standers-5-x-l-50-mm-82231861.html,,
LM-82231863,product_found_image_failed,https://www.leroymerlin.fr/produits/60-vis-acier-tete-fraisee-pozidriv-standers-5-x-l-70-mm-82231863.html,,
LM-82231864,product_found_image_failed,https://www.leroymerlin.fr/produits/50-vis-acier-tete-fraisee-pozidriv-standers-5-x-l-80-mm-82231864.html,,
LM-82231866,product_found_image_failed,https://www.leroymerlin.fr/produits/60-vis-acier-tete-fraisee-pozidriv-standers-6-x-l-50-mm-82231866.html,,
LM-82231874,product_found_image_failed,https://www.leroymerlin.fr/produits/500-vis-acier-tete-fraisee-pozidriv-standers-4-x-l-16-mm-82231874.html,,
LM-82231875,product_found_image_failed,https://www.leroymerlin.fr/produits/500-vis-acier-tete-fraisee-pozidriv-standers-4-x-l-20-mm-82231875.html,,
LM-82231880,product_found_image_failed,https://www.leroymerlin.fr/produits/500-vis-acier-tete-fraisee-pozidriv-standers-4-5-x-l-30-mm-82231880.html,,
LM-82231881,product_found_image_failed,https://www.leroymerlin.fr/produits/40-vis-acier-tete-fraisee-pozidriv-standers-2-5-x-l-12-mm-82231881.html,,
LM-82231891,product_found_image_failed,https://www.leroymerlin.fr/produits/10-vis-acier-tete-fraisee-pozidriv-standers-4-x-l-40-mm-82231891.html,,
LM-82231893,product_found_image_failed,https://www.leroymerlin.fr/produits/50-vis-acier-tete-ronde-pozidriv-standers-3-x-l-12-mm-82231893.html,,
LM-82231896,product_found_image_failed,https://www.leroymerlin.fr/produits/35-vis-acier-tete-ronde-pozidriv-standers-4-x-l-16-mm-82231896.html,,
LM-82231897,product_found_image_failed,https://www.leroymerlin.fr/produits/35-vis-acier-tete-ronde-pozidriv-standers-4-x-l-20-mm-82231897.html,,
LM-82231898,product_found_image_failed,https://www.leroymerlin.fr/produits/30-vis-acier-tete-ronde-pozidriv-standers-4-x-l-25-mm-82231898.html,,
LM-82231899,product_found_image_failed,https://www.leroymerlin.fr/produits/25-vis-acier-tete-ronde-pozidriv-standers-4-x-l-30-mm-82231899.html,,
LM-82231905,product_found_image_failed,https://www.leroymerlin.fr/produits/20-vis-acier-tete-ronde-pozidriv-standers-5-x-l-30-mm-82231905.html,,
LM-82231915,product_found_image_failed,https://www.leroymerlin.fr/produits/10-vis-acier-tete-ronde-indesserrable-standers-5-x-l-35-mm-82231915.html,,
LM-82231916,product_found_image_failed,https://www.leroymerlin.fr/produits/8-vis-acier-tete-ronde-indesserrable-standers-5-x-l-40-mm-82231916.html,,
LM-82232002,product_found_image_failed,https://www.leroymerlin.fr/produits/lot-de-500-vis-argent-v51-standers-l-multiples-pozidriv-tete-fraisee-82232002.html,,
LM-82233130,product_found_image_failed,https://www.leroymerlin.fr/produits/bonde-pour-bac-de-douche-diam-90-mm-valentin-82233130.html,,
LM-82239575,product_found_image_failed,https://www.leroymerlin.fr/produits/10-vis-laiton-tete-ronde-plat-standers-4-x-l-40-mm-82239575.html,,
LM-82240539,product_found_image_failed,https://www.leroymerlin.fr/produits/5-vis-acier-tete-6-pans-hex-standers-7-x-l-60-mm-82240539.html,,
LM-82240552,product_found_image_failed,https://www.leroymerlin.fr/produits/30-vis-acier-tete-6-pans-hex-standers-8-x-l-50-mm-82240552.html,,
LM-82240553,product_found_image_failed,https://www.leroymerlin.fr/produits/25-vis-acier-tete-6-pans-hex-standers-8-x-l-60-mm-82240553.html,,
LM-82240554,product_found_image_failed,https://www.leroymerlin.fr/produits/20-vis-acier-tete-6-pans-hex-standers-8-x-l-80-mm-82240554.html,,
LM-82240555,product_found_image_failed,https://www.leroymerlin.fr/produits/20-vis-acier-tete-6-pans-hex-standers-8-x-l-100-mm-82240555.html,,
LM-82240556,product_found_image_failed,https://www.leroymerlin.fr/produits/20-vis-acier-tete-6-pans-hex-standers-8-x-l-120-mm-82240556.html,,
LM-82249185,product_found_image_failed,https://www.leroymerlin.fr/produits/lot-de-5-disjoncteurs-automatiques-phase-neutre-legrand-10-a-82249185.html,,
LM-82249186,product_found_image_failed,https://www.leroymerlin.fr/produits/lot-de-5-disjoncteurs-automatiques-phase-neutre-legrand-16-a-82249186.html,,
LM-82249187,product_found_image_failed,https://www.leroymerlin.fr/produits/lot-de-5-disjoncteurs-automatiques-phase-neutre-legrand-20-a-82249187.html,,
LM-82261724,product_found_image_failed,https://www.leroymerlin.fr/produits/bache-de-protection-meuble-12-microns-dexter-l-3-x-l-10m-82261724.html,,
LM-82261731,product_found_image_failed,https://www.leroymerlin.fr/produits/bache-de-protection-sol-couloir-40-microns-dexter-l-15-x-l-3m-82261731.html,,
LM-82261734,product_found_image_failed,https://www.leroymerlin.fr/produits/bache-de-protection-sol-escalier-couloir-80-microns-dexter-pro-l-15-x-l-3m-82261734.html,,
LM-82278583,reference_not_in_sitemap,,,
LM-82279843,product_found_image_failed,https://www.leroymerlin.fr/produits/gaine-icta-diam-20-mm-l-100-m-82279843.html,,
LM-82283824,product_found_image_failed,https://www.leroymerlin.fr/produits/tete-de-robinet-thermostatique-connecte-droit-male-plastique-somatherm-for-you-82283824.html,,
LM-82291456,reference_not_in_sitemap,,,
LM-82291472,reference_not_in_sitemap,,,
LM-82306450,reference_not_in_sitemap,,,
LM-82306451,reference_not_in_sitemap,,,
LM-82306459,reference_not_in_sitemap,,,
LM-82328911,product_found_image_failed,https://www.leroymerlin.fr/produits/bache-de-protection-mur-sol-avec-ruban-de-masquage-dexter-l-20-x-l-2-7m-82328911.html,,
LM-82338779,reference_not_in_sitemap,,,
LM-82338781,reference_not_in_sitemap,,,
LM-82371622,reference_not_in_sitemap,,,
LM-82509556,product_found_image_failed,https://www.leroymerlin.fr/produits/35-chevilles-multi-materiaux-avec-vis-standers-diam-6-8-l-40-50-mm-82509556.html,,
LM-82509557,product_found_image_failed,https://www.leroymerlin.fr/produits/50-chevilles-multi-materiaux-et-vis-standers-8-x-l-50-mm-82509557.html,,
LM-82509558,product_found_image_failed,https://www.leroymerlin.fr/produits/100-chevilles-multi-materiaux-et-vis-standers-6-x-l-40-mm-82509558.html,,
LM-82547339,product_found_image_failed,https://www.leroymerlin.fr/produits/lot-de-24-equerres-bichromatees-forme-l-pour-panneaux-bois-h-83-x-p-32mm-82547339.html,,
LM-82547341,product_found_image_failed,https://www.leroymerlin.fr/produits/lot-de-4-equerres-inox-forme-l-pour-panneaux-bois-h-83-x-p-32mm-82547341.html,,
LM-82557396,product_found_image_failed,https://www.leroymerlin.fr/produits/accessoires-pour-vmc-ou-ventilateur-bouche-bio-carree-80-pvc-aldes-11022065-82557396.html,,
LM-82582730,product_found_image_failed,https://www.leroymerlin.fr/produits/30-vis-a-filetage-metrique-avec-boulon-acier-tete-fraisee-tete-plate-phillips-82582730.html,,
LM-82582738,product_found_image_failed,https://www.leroymerlin.fr/produits/25-vis-a-filetage-metrique-avec-boulon-acier-tete-fraisee-tete-plate-phillips-82582738.html,,
LM-82582740,product_found_image_failed,https://www.leroymerlin.fr/produits/20-vis-a-filetage-metrique-avec-boulon-acier-tete-fraisee-tete-plate-phillips-82582740.html,,
LM-82582742,product_found_image_failed,https://www.leroymerlin.fr/produits/15-vis-a-filetage-metrique-avec-boulon-acier-tete-fraisee-tete-plate-phillips-82582742.html,,
LM-82582747,product_found_image_failed,https://www.leroymerlin.fr/produits/8-vis-a-filetage-metrique-avec-boulon-acier-tete-fraisee-tete-plate-phillips-s-82582747.html,,
LM-82582749,product_found_image_failed,https://www.leroymerlin.fr/produits/20-vis-a-filetage-metrique-avec-boulon-acier-tete-fraisee-tete-plate-phillips-82582749.html,,
LM-82582758,product_found_image_failed,https://www.leroymerlin.fr/produits/20-vis-a-filetage-metrique-avec-boulon-acier-tete-ronde-phillips-standers-4-x-82582758.html,,
LM-82582760,product_found_image_failed,https://www.leroymerlin.fr/produits/15-vis-a-filetage-metrique-avec-boulon-acier-tete-ronde-phillips-standers-4-x-82582760.html,,
LM-82582761,product_found_image_failed,https://www.leroymerlin.fr/produits/12-vis-a-filetage-metrique-avec-boulon-acier-tete-ronde-phillips-standers-4-x-82582761.html,,
LM-82582762,product_found_image_failed,https://www.leroymerlin.fr/produits/10-vis-a-filetage-metrique-avec-boulon-acier-tete-ronde-phillips-standers-4-x-82582762.html,,
LM-82582763,product_found_image_failed,https://www.leroymerlin.fr/produits/15-vis-a-filetage-metrique-avec-boulon-acier-tete-ronde-phillips-standers-5-x-82582763.html,,
LM-82582770,product_found_image_failed,https://www.leroymerlin.fr/produits/20-vis-a-filetage-metrique-acier-tete-demi-ronde-phillips-standers-4-x-l-20-mm-82582770.html,,
LM-82582775,product_found_image_failed,https://www.leroymerlin.fr/produits/15-vis-a-filetage-metrique-acier-tete-cylindrique-phillips-standers-4-x-l-40-m-82582775.html,,
LM-82582776,product_found_image_failed,https://www.leroymerlin.fr/produits/6-vis-a-filetage-metrique-avec-boulon-acier-tete-ronde-phillips-standers-5-x-l-82582776.html,,
LM-82582777,product_found_image_failed,https://www.leroymerlin.fr/produits/12-vis-a-filetage-metrique-acier-tete-demi-ronde-phillips-standers-4-x-l-50-mm-82582777.html,,
LM-82582778,product_found_image_failed,https://www.leroymerlin.fr/produits/10-vis-a-filetage-metrique-acier-tete-demi-ronde-phillips-standers-4-x-l-60-mm-82582778.html,,
LM-82582779,product_found_image_failed,https://www.leroymerlin.fr/produits/6-vis-a-filetage-metrique-acier-tete-demi-ronde-phillips-standers-4-x-l-80-mm-82582779.html,,
LM-82582780,product_found_image_failed,https://www.leroymerlin.fr/produits/20-vis-a-filetage-metrique-acier-tete-demi-ronde-phillips-standers-5-x-l-12-mm-82582780.html,,
LM-82582782,product_found_image_failed,https://www.leroymerlin.fr/produits/15-vis-a-filetage-metrique-acier-tete-demi-ronde-phillips-standers-5-x-l-20-mm-82582782.html,,
LM-82582785,product_found_image_failed,https://www.leroymerlin.fr/produits/12-vis-a-filetage-metrique-avec-boulon-acier-tete-fraisee-tete-plate-phillips-82582785.html,,
LM-82582788,product_found_image_failed,https://www.leroymerlin.fr/produits/6-vis-a-filetage-metrique-acier-tete-demi-ronde-phillips-standers-5-x-l-60-mm-82582788.html,,
LM-82582789,product_found_image_failed,https://www.leroymerlin.fr/produits/8-vis-a-filetage-metrique-avec-boulon-acier-tete-fraisee-tete-plate-phillips-s-82582789.html,,
LM-82582790,product_found_image_failed,https://www.leroymerlin.fr/produits/6-vis-a-filetage-metrique-acier-tete-demi-ronde-phillips-standers-5-x-l-80-mm-82582790.html,,
LM-82582791,product_found_image_failed,https://www.leroymerlin.fr/produits/6-vis-a-filetage-metrique-acier-tete-fraisee-tete-plate-phillips-standers-5-82582791.html,,
LM-82582794,product_found_image_failed,https://www.leroymerlin.fr/produits/6-vis-a-filetage-metrique-avec-boulon-acier-tete-fraisee-tete-plate-phillips-s-82582794.html,,
LM-82582796,product_found_image_failed,https://www.leroymerlin.fr/produits/12-vis-a-filetage-metrique-avec-boulon-acier-tete-fraisee-tete-plate-phillips-82582796.html,,
LM-82582799,product_found_image_failed,https://www.leroymerlin.fr/produits/8-vis-a-filetage-metrique-avec-boulon-acier-tete-fraisee-tete-plate-phillips-s-82582799.html,,
LM-82582802,product_found_image_failed,https://www.leroymerlin.fr/produits/4-vis-a-filetage-metrique-avec-boulon-acier-tete-fraisee-tete-plate-phillips-s-82582802.html,,
LM-82582803,product_found_image_failed,https://www.leroymerlin.fr/produits/30-vis-a-filetage-metrique-acier-tete-demi-ronde-phillips-standers-2-5-x-l-8-m-82582803.html,,
LM-82582804,product_found_image_failed,https://www.leroymerlin.fr/produits/30-vis-a-filetage-metrique-acier-tete-demi-ronde-phillips-standers-2-5-x-l-20-82582804.html,,
LM-82582805,product_found_image_failed,https://www.leroymerlin.fr/produits/30-vis-a-filetage-metrique-acier-tete-demi-ronde-phillips-standers-3-x-l-10-mm-82582805.html,,
LM-82582808,product_found_image_failed,https://www.leroymerlin.fr/produits/10-vis-a-filetage-metrique-avec-boulon-acier-tete-ronde-phillips-standers-6-x-82582808.html,,
LM-82582810,product_found_image_failed,https://www.leroymerlin.fr/produits/30-vis-a-filetage-metrique-acier-tete-demi-ronde-phillips-standers-3-x-l-20-mm-82582810.html,,
LM-82582812,product_found_image_failed,https://www.leroymerlin.fr/produits/25-vis-a-filetage-metrique-acier-tete-demi-ronde-phillips-standers-3-x-l-25-mm-82582812.html,,
LM-82582814,product_found_image_failed,https://www.leroymerlin.fr/produits/8-vis-a-filetage-metrique-avec-boulon-acier-tete-ronde-phillips-standers-6-x-l-82582814.html,,
LM-82582823,product_found_image_failed,https://www.leroymerlin.fr/produits/lot-de-15-boulons-tete-ronde-et-cou-carre-acier-zingue-l-120-standers-82582823.html,,
LM-82582824,product_found_image_failed,https://www.leroymerlin.fr/produits/30-vis-a-filetage-metrique-avec-boulon-acier-tete-6-pans-hexagonal-interne-stand-82582824.html,,
LM-82582838,product_found_image_failed,https://www.leroymerlin.fr/produits/15-vis-a-filetage-metrique-avec-boulon-acier-tete-6-pans-hexagonal-interne-stand-82582838.html,,
LM-82582839,product_found_image_failed,https://www.leroymerlin.fr/produits/6-boulons-acier-tete-ronde-et-cou-carre-sans-encoche-standers-diam-5-mm-x-l-20-82582839.html,,
LM-82582840,product_found_image_failed,https://www.leroymerlin.fr/produits/12-vis-a-filetage-metrique-avec-boulon-acier-tete-6-pans-hexagonal-interne-stand-82582840.html,,
LM-82582843,product_found_image_failed,https://www.leroymerlin.fr/produits/6-vis-a-filetage-metrique-acier-tete-6-pans-hexagonal-interne-standers-5-x-l-6-82582843.html,,
LM-82582850,product_found_image_failed,https://www.leroymerlin.fr/produits/6-boulons-acier-tete-ronde-et-cou-carre-sans-encoche-standers-diam-5-mm-x-l-30-82582850.html,,
LM-82582859,product_found_image_failed,https://www.leroymerlin.fr/produits/4-boulons-acier-tete-ronde-et-cou-carre-sans-encoche-standers-diam-6-mm-x-l-60-82582859.html,,
LM-82582862,product_found_image_failed,https://www.leroymerlin.fr/produits/4-boulons-acier-tete-ronde-et-cou-carre-sans-encoche-standers-diam-6-mm-x-l-80-82582862.html,,
LM-82582864,product_found_image_failed,https://www.leroymerlin.fr/produits/4-boulons-acier-tete-ronde-et-cou-carre-sans-encoche-standers-diam-8-mm-x-l-40-82582864.html,,
LM-82582866,product_found_image_failed,https://www.leroymerlin.fr/produits/4-boulons-acier-tete-ronde-et-cou-carre-sans-encoche-standers-diam-8-mm-x-l-50-82582866.html,,
LM-82582871,product_found_image_failed,https://www.leroymerlin.fr/produits/4-vis-a-filetage-metrique-acier-tete-6-pans-hexagonal-interne-standers-8-x-l-6-82582871.html,,
LM-82582872,product_found_image_failed,https://www.leroymerlin.fr/produits/6-vis-a-filetage-metrique-avec-boulon-acier-tete-6-pans-hexagonal-interne-stande-82582872.html,,
LM-82582875,product_found_image_failed,https://www.leroymerlin.fr/produits/lot-de-35-boulons-tete-ronde-et-cou-carre-acier-zingue-l-50-standers-82582875.html,,
LM-82582876,product_found_image_failed,https://www.leroymerlin.fr/produits/2-vis-a-filetage-metrique-avec-boulon-acier-tete-6-pans-hexagonal-interne-stande-82582876.html,,
LM-82582877,product_found_image_failed,https://www.leroymerlin.fr/produits/lot-de-30-boulons-tete-ronde-et-cou-carre-acier-zingue-l-60-standers-82582877.html,,
LM-82582882,product_found_image_failed,https://www.leroymerlin.fr/produits/4-vis-a-filetage-metrique-avec-boulon-acier-tete-6-pans-hexagonal-interne-stande-82582882.html,,
LM-82582889,product_found_image_failed,https://www.leroymerlin.fr/produits/10-vis-metrique-a-tete-cylindrique-bombee-hexagonal-standers-4-x-l-30-mm-82582889.html,,
LM-82582890,product_found_image_failed,https://www.leroymerlin.fr/produits/20-vis-metrique-a-tete-cylindrique-bombee-hexagonal-standers-4-x-l-12-mm-82582890.html,,
LM-82582892,product_found_image_failed,https://www.leroymerlin.fr/produits/15-vis-metrique-a-tete-cylindrique-bombee-hexagonal-standers-4-x-l-16-mm-82582892.html,,
LM-82582893,product_found_image_failed,https://www.leroymerlin.fr/produits/8-vis-metrique-a-tete-cylindrique-bombee-hexagonal-standers-5-x-l-30-mm-82582893.html,,
LM-82582894,product_found_image_failed,https://www.leroymerlin.fr/produits/8-vis-metrique-a-tete-cylindrique-bombee-hexagonal-standers-5-x-l-40-mm-82582894.html,,
LM-82582898,product_found_image_failed,https://www.leroymerlin.fr/produits/6-vis-metrique-a-tete-cylindrique-bombee-hexagonal-standers-6-x-l-50-mm-82582898.html,,
LM-82582903,product_found_image_failed,https://www.leroymerlin.fr/produits/4-vis-metrique-a-tete-cylindrique-bombee-hexagonal-standers-8-x-l-40-mm-82582903.html,,
LM-82582904,product_found_image_failed,https://www.leroymerlin.fr/produits/4-vis-metrique-a-tete-cylindrique-bombee-hexagonal-standers-8-x-l-50-mm-82582904.html,,
LM-82583002,product_found_image_failed,https://www.leroymerlin.fr/produits/150-ecrous-acier-standers-3-mm-82583002.html,,
LM-82583003,product_found_image_failed,https://www.leroymerlin.fr/produits/100-ecrous-acier-standers-4-mm-82583003.html,,
LM-82583004,product_found_image_failed,https://www.leroymerlin.fr/produits/70-ecrous-acier-standers-5-mm-82583004.html,,
LM-82583006,product_found_image_failed,https://www.leroymerlin.fr/produits/15-ecrous-acier-standers-8-mm-82583006.html,,
LM-82583007,product_found_image_failed,https://www.leroymerlin.fr/produits/8-ecrous-acier-standers-10-mm-82583007.html,,
LM-82583010,product_found_image_failed,https://www.leroymerlin.fr/produits/280-ecrous-acier-standers-6-mm-82583010.html,,
LM-82583017,product_found_image_failed,https://www.leroymerlin.fr/produits/20-ecrous-acier-standers-4-mm-82583017.html,,
LM-82583019,product_found_image_failed,https://www.leroymerlin.fr/produits/15-ecrous-acier-standers-5-mm-82583019.html,,
LM-82583021,product_found_image_failed,https://www.leroymerlin.fr/produits/6-ecrous-acier-standers-8-mm-82583021.html,,
LM-82583029,product_found_image_failed,https://www.leroymerlin.fr/produits/80-ecrous-acier-standers-3-mm-82583029.html,,
LM-82583030,product_found_image_failed,https://www.leroymerlin.fr/produits/40-ecrous-acier-standers-4-mm-82583030.html,,
LM-82583031,product_found_image_failed,https://www.leroymerlin.fr/produits/30-ecrous-acier-standers-5-mm-82583031.html,,
LM-82583034,product_found_image_failed,https://www.leroymerlin.fr/produits/10-ecrous-acier-standers-8-mm-82583034.html,,
LM-82583036,product_found_image_failed,https://www.leroymerlin.fr/produits/6-ecrous-acier-standers-10-mm-82583036.html,,
LM-82583042,product_found_image_failed,https://www.leroymerlin.fr/produits/100-rondelles-acier-zingue-standers-4-mm-82583042.html,,
LM-82583044,product_found_image_failed,https://www.leroymerlin.fr/produits/75-rondelles-acier-zingue-standers-5-mm-82583044.html,,
LM-82583049,product_found_image_failed,https://www.leroymerlin.fr/produits/20-rondelles-acier-zingue-standers-8-mm-82583049.html,,
LM-82583051,product_found_image_failed,https://www.leroymerlin.fr/produits/15-rondelles-acier-zingue-standers-10-mm-82583051.html,,
LM-82583063,product_found_image_failed,https://www.leroymerlin.fr/produits/20-ecrous-acier-standers-4-mm-82583063.html,,
LM-82583064,product_found_image_failed,https://www.leroymerlin.fr/produits/15-ecrous-acier-standers-5-mm-82583064.html,,
LM-82583071,product_found_image_failed,https://www.leroymerlin.fr/produits/15-ecrous-acier-standers-4-mm-82583071.html,,
LM-82583072,product_found_image_failed,https://www.leroymerlin.fr/produits/10-ecrous-acier-standers-5-mm-82583072.html,,
LM-82583073,product_found_image_failed,https://www.leroymerlin.fr/produits/8-rondelles-acier-zingue-standers-10-mm-82583073.html,,
LM-82583076,product_found_image_failed,https://www.leroymerlin.fr/produits/4-rondelles-acier-zingue-standers-12-mm-82583076.html,,
LM-82583079,product_found_image_failed,https://www.leroymerlin.fr/produits/2-rondelles-acier-zingue-standers-16-mm-82583079.html,,
LM-82583084,product_found_image_failed,https://www.leroymerlin.fr/produits/40-rondelles-acier-zingue-standers-6-mm-82583084.html,,
LM-82583110,product_found_image_failed,https://www.leroymerlin.fr/produits/100-rondelles-acier-zingue-standers-3-mm-82583110.html,,
LM-82583111,product_found_image_failed,https://www.leroymerlin.fr/produits/60-rondelles-acier-zingue-standers-4-mm-82583111.html,,
LM-82583112,product_found_image_failed,https://www.leroymerlin.fr/produits/35-rondelles-acier-zingue-standers-5-mm-82583112.html,,
LM-82583114,product_found_image_failed,https://www.leroymerlin.fr/produits/15-rondelles-acier-zingue-standers-7-mm-82583114.html,,
LM-82583115,product_found_image_failed,https://www.leroymerlin.fr/produits/10-rondelles-acier-zingue-standers-8-mm-82583115.html,,
LM-82598295,product_found_image_failed,https://www.leroymerlin.fr/produits/8-vis-acier-tete-demi-ronde-torx-standers-6-x-l-50-mm-82598295.html,,
LM-82609941,product_found_image_failed,https://www.leroymerlin.fr/produits/lisseur-pour-mastic-rubson-82609941.html,,
LM-82620216,reference_not_in_sitemap,,,
LM-82620217,reference_not_in_sitemap,,,
LM-82645826,product_found_image_failed,https://www.leroymerlin.fr/produits/dalle-osb3-pour-exterieur-kronospan-ep-18-mm-x-l-62-5-x-l-205-cm-82645826.html,,
LM-82661565,product_found_image_failed,https://www.leroymerlin.fr/produits/flexible-male-femelle-12x17-3-8-dn8-15-cm-equation-82661565.html,,
LM-82661573,product_found_image_failed,https://www.leroymerlin.fr/produits/flexible-male-femelle-12x17-3-8-dn8-30-cm-equation-82661573.html,,
LM-82671824,original_converted,,https://media.adeo.com/media/1020213/media.png?fit=bounds&format=jpg&height=3000&quality=80&width=3000,https://raw.githubusercontent.com/nuancedegreg-blip/Sumup-images/main/images_v3/LM-82671824.jpg
LM-82671835,product_found_image_failed,https://www.leroymerlin.fr/produits/mortier-gris-mortier-francais-25-kg-82671835.html,,
LM-82709661,reference_not_in_sitemap,,,
LM-82751497,product_found_image_failed,https://www.leroymerlin.fr/produits/mastic-etancheite-ap30-peintre-et-plaquiste-rubson-blanc-300ml-82751497.html,,
LM-82751505,product_found_image_failed,https://www.leroymerlin.fr/produits/mastic-etancheite-sanitaire-pure-rubson-blanc-280ml-82751505.html,,
LM-82751508,product_found_image_failed,https://www.leroymerlin.fr/produits/mastic-etancheite-cuisine-et-bain-blancheur-protection-rubson-blanc-280ml-82751508.html,,
LM-82751510,product_found_image_failed,https://www.leroymerlin.fr/produits/mastic-etancheite-bois-et-parquet-rubson-blanc-280ml-82751510.html,,
LM-82754517,reference_not_in_sitemap,,,
LM-82754520,product_found_image_failed,https://www.leroymerlin.fr/produits/borne-automatique-2-5-mm2-wago-82754520.html,,
LM-82754527,reference_not_in_sitemap,,,
LM-82754528,reference_not_in_sitemap,,,
LM-82754533,product_found_image_failed,https://www.leroymerlin.fr/produits/borne-automatique-6-mm2-wago-82754533.html,,
LM-82799954,product_found_image_failed,https://www.leroymerlin.fr/produits/rouleau-pour-peindre-une-facade-lisse-l-180-mm-dexter-82799954.html,,
LM-82800004,product_found_image_failed,https://www.leroymerlin.fr/produits/rouleau-pour-peindre-une-facade-rugueuse-l-180-mm-dexter-82800004.html,,
LM-82826264,product_found_image_failed,https://www.leroymerlin.fr/produits/tige-filetee-acier-inoxydable-a2-l-1000-x-diam-8-mm-suki-82826264.html,,
LM-82857313,product_found_image_failed,https://www.leroymerlin.fr/produits/gaine-icta-diam-16-mm-l-50-m-82857313.html,,
LM-82857322,product_found_image_failed,https://www.leroymerlin.fr/produits/gaine-icta-diam-25-mm-l-5-m-82857322.html,,
LM-82857324,product_found_image_failed,https://www.leroymerlin.fr/produits/gaine-icta-diam-25-mm-l-25-m-82857324.html,,
LM-82857326,product_found_image_failed,https://www.leroymerlin.fr/produits/gaine-icta-diam-25-mm-l-50-m-82857326.html,,
LM-82893797,product_found_image_failed,https://www.leroymerlin.fr/produits/interrupteur-va-et-vient-plexo-legrand-gris-82893797.html,,
LM-83151234,product_found_image_failed,https://www.leroymerlin.fr/produits/maxi-kit-de-chevilles-chimiques-pour-store-de-terrasse-tiges-inox-diametre-10-83151234.html,,
LM-83185611,product_found_image_failed,https://www.leroymerlin.fr/produits/mastic-etancheite-soudal-blanc-280ml-83185611.html,,
LM-83242416,product_found_image_failed,https://www.leroymerlin.fr/produits/mastic-etancheite-joint-de-finition-pattex-chene-clair-280ml-83242416.html,,
LM-83242418,product_found_image_failed,https://www.leroymerlin.fr/produits/mastic-etancheite-joint-de-finition-pattex-chene-moyen-280ml-83242418.html,,
LM-83242420,product_found_image_failed,https://www.leroymerlin.fr/produits/mastic-etancheite-joint-de-finition-pattex-chene-280ml-83242420.html,,
LM-83242421,product_found_image_failed,https://www.leroymerlin.fr/produits/mastic-etancheite-joint-de-finition-pattex-gris-280ml-83242421.html,,
LM-83242422,product_found_image_failed,https://www.leroymerlin.fr/produits/mastic-etancheite-joint-de-finition-pattex-blanc-280ml-83242422.html,,
LM-83242423,product_found_image_failed,https://www.leroymerlin.fr/produits/mastic-etancheite-joint-de-finition-pattex-gris-clair-280ml-83242423.html,,
LM-83242424,product_found_image_failed,https://www.leroymerlin.fr/produits/mastic-etancheite-joint-de-finition-pattex-gris-fonce-280ml-83242424.html,,
LM-83325275,reference_not_in_sitemap,,,
LM-83513565,reference_not_in_sitemap,,,
LM-83513568,reference_not_in_sitemap,,,
LM-83513571,reference_not_in_sitemap,,,
LM-83513574,product_found_image_failed,https://www.leroymerlin.fr/produits/support-et-plaque-2-postes-encastre-plexo-legrand-gris-83513574.html,,
LM-83513576,reference_not_in_sitemap,,,
LM-83513578,reference_not_in_sitemap,,,
LM-83626820,product_found_image_failed,https://www.leroymerlin.fr/produits/prise-sortie-de-cable-complet-dooxie-legrand-blanc-83626820.html,,
LM-83635147,product_found_image_failed,https://www.leroymerlin.fr/produits/2-interrupteurs-va-et-vient-complet-legrand-dooxie-blanc-chrome-83635147.html,,
LM-83635213,product_found_image_failed,https://www.leroymerlin.fr/produits/2-commandes-volet-roulant-complet-legrand-dooxie-blanc-83635213.html,,
LM-83635282,product_found_image_failed,https://www.leroymerlin.fr/produits/commande-volet-roulant-et-2-prises-complet-legrand-dooxie-blanc-83635282.html,,
LM-83635341,product_found_image_failed,https://www.leroymerlin.fr/produits/commande-volet-roulant-dooxie-legrand-blanc-83635341.html,,
LM-83831897,product_found_image_failed,https://www.leroymerlin.fr/produits/vanne-arret-1-4-de-tour-femelle-femelle-15-x-21-mm-15-x-21-mm-83831897.html,,
LM-83831901,product_found_image_failed,https://www.leroymerlin.fr/produits/vanne-arret-a-visser-1-4-de-tour-male-male-12-x-17-mm-12-x-17-mm-83831901.html,,
LM-83831902,product_found_image_failed,https://www.leroymerlin.fr/produits/vanne-arret-a-visser-1-4-de-tour-male-male-15-x-21-mm-15-x-21-mm-83831902.html,,
LM-83831903,product_found_image_failed,https://www.leroymerlin.fr/produits/vanne-arret-1-4-de-tour-male-femelle-20-x-27-mm-20-x-27-mm-83831903.html,,
LM-83831905,product_found_image_failed,https://www.leroymerlin.fr/produits/vanne-arret-a-visser-1-4-de-tour-male-male-20-x-27-mm-20-x-27-mm-83831905.html,,
LM-83831908,product_found_image_failed,https://www.leroymerlin.fr/produits/vanne-arret-1-4-de-tour-male-male-26-x-34-mm-26-x-34-mm-83831908.html,,
LM-83831912,product_found_image_failed,https://www.leroymerlin.fr/produits/vanne-arret-a-visser-1-4-de-tour-male-femelle-12-x-17-mm-12-x-17-mm-83831912.html,,
LM-83831914,product_found_image_failed,https://www.leroymerlin.fr/produits/vanne-arret-a-visser-1-4-de-tour-femelle-femelle-26-x-34-mm-26-x-34-mm-83831914.html,,
LM-83831915,product_found_image_failed,https://www.leroymerlin.fr/produits/vanne-arret-1-4-de-tour-male-femelle-15-x-21-mm-15-x-21-mm-83831915.html,,
LM-83831927,product_found_image_failed,https://www.leroymerlin.fr/produits/vanne-arret-1-4-de-tour-male-femelle-20-x-27-mm-20-x-27-mm-83831927.html,,
LM-83972877,product_found_image_failed,https://www.leroymerlin.fr/produits/mortier-gris-prise-rapide-axton-5-kg-83972877.html,,
LM-83983092,product_found_image_failed,https://www.leroymerlin.fr/produits/mastic-etancheite-cuisine-et-bain-axton-transparent-280ml-83983092.html,,
LM-83992442,product_found_image_failed,https://www.leroymerlin.fr/produits/mortier-de-reparation-fibre-gris-axton-5-kg-83992442.html,,
LM-83992443,product_found_image_failed,https://www.leroymerlin.fr/produits/mortier-de-reparation-fibre-gris-axton-1-5-kg-83992443.html,,
LM-83992444,product_found_image_failed,https://www.leroymerlin.fr/produits/mortier-de-reparation-fibre-gris-axton-10-kg-83992444.html,,
LM-83992449,product_found_image_failed,https://www.leroymerlin.fr/produits/mortier-de-reparation-gris-axton-5-kg-83992449.html,,
LM-83992454,product_found_image_failed,https://www.leroymerlin.fr/produits/mortier-de-reparation-blanc-axton-5-kg-83992454.html,,
LM-84127154,product_found_image_failed,https://www.leroymerlin.fr/produits/pare-vapeur-translucide-20m-x-1-5m-84127154.html,,
LM-84173415,product_found_image_failed,https://www.leroymerlin.fr/produits/enduit-de-rebouchage-en-poudre-axton-5-kg-84173415.html,,
LM-84173427,product_found_image_failed,https://www.leroymerlin.fr/produits/enduit-de-lissage-en-poudre-axton-5-kg-84173427.html,,
LM-84355387,product_found_image_failed,https://www.leroymerlin.fr/produits/cartouche-de-scellement-chimique-polyester-ton-gris-red-head-300ml-2-buses-84355387.html,,
LM-84360690,product_found_image_failed,https://www.leroymerlin.fr/produits/mortier-de-montage-prb-30-5-kg-gratuits-84360690.html,,
LM-84376620,product_found_image_failed,https://www.leroymerlin.fr/produits/kit-vmc-simple-flux-autoreglable-a-detection-humidite-aldes-easyhome-autosens-84376620.html,,
LM-84450544,product_found_image_failed,https://www.leroymerlin.fr/produits/borne-automatique-wago-84450544.html,,
LM-84471164,product_found_image_failed,https://www.leroymerlin.fr/produits/mallette-wago-150-bornes-s2273-et-s221-84471164.html,,
LM-84617498,product_found_image_failed,https://www.leroymerlin.fr/produits/foret-a-metal-diam-8-5-mm-l-75-mm-dexter-pro-84617498.html,,
LM-84710349,product_found_image_failed,https://www.leroymerlin.fr/produits/foret-helicoidal-pour-bois-diam-10-mm-l-160-mm-dexter-84710349.html,,
LM-84732103,product_found_image_failed,https://www.leroymerlin.fr/produits/foret-a-beton-triangulaire-diam-16-mm-l-120-mm-dexter-pro-84732103.html,,
LM-84732114,product_found_image_failed,https://www.leroymerlin.fr/produits/foret-a-beton-cylindrique-diam-16-mm-l-90-mm-dexter-84732114.html,,
LM-84732268,product_found_image_failed,https://www.leroymerlin.fr/produits/foret-a-beton-sds-plus-diam-18-mm-l-170-mm-dexter-pro-84732268.html,,
LM-84732335,product_found_image_failed,https://www.leroymerlin.fr/produits/foret-a-beton-sds-plus-diam-12-mm-l-185-mm-dexter-pro-84732335.html,,
LM-84732349,product_found_image_failed,https://www.leroymerlin.fr/produits/foret-a-beton-sds-plus-diam-16-mm-l-175-mm-dexter-pro-84732349.html,,
LM-84770247,product_found_image_failed,https://www.leroymerlin.fr/produits/30-chevilles-et-vis-a-expansion-red-head-diam-8-x-l-35-mm-84770247.html,,
LM-84770249,product_found_image_failed,https://www.leroymerlin.fr/produits/10-chevilles-et-vis-a-expansion-red-head-diam-8-x-l-35-mm-84770249.html,,
LM-84770265,product_found_image_failed,https://www.leroymerlin.fr/produits/10-chevilles-et-vis-a-expansion-red-head-diam-10-x-l-35-mm-84770265.html,,
LM-84818576,product_found_image_failed,https://www.leroymerlin.fr/produits/cable-u1000-r2v-3g-2-5mm2-en-touret-de-l-500-m-84818576.html,,
LM-84850962,product_found_image_failed,https://www.leroymerlin.fr/produits/lot-de-10-coudes-pour-tuyau-multicouche-a-sertir-d-16-mm-equation-84850962.html,,
LM-84850963,product_found_image_failed,https://www.leroymerlin.fr/produits/calibreur-ebavureur-pour-tube-multicouche-d-26mm-equation-84850963.html,,
LM-84850964,product_found_image_failed,https://www.leroymerlin.fr/produits/lot-de-10-coudes-pour-tuyau-multicouche-a-sertir-d-20-mm-equation-84850964.html,,
LM-84850965,product_found_image_failed,https://www.leroymerlin.fr/produits/tube-multicouche-nu-16-en-barre-de-2m-equation-84850965.html,,
LM-84850967,product_found_image_failed,https://www.leroymerlin.fr/produits/tube-multicouche-nu-16-en-couronne-de-10m-equation-84850967.html,,
LM-84850970,product_found_image_failed,https://www.leroymerlin.fr/produits/tube-multicouche-nu-16-en-couronne-de-25m-equation-84850970.html,,
LM-84850972,product_found_image_failed,https://www.leroymerlin.fr/produits/tube-multicouche-nu-16-en-couronne-de-50m-equation-84850972.html,,
LM-84850980,product_found_image_failed,https://www.leroymerlin.fr/produits/te-pour-tuyau-multicouche-a-sertir-d-16-mm-84850980.html,,
LM-84850982,product_found_image_failed,https://www.leroymerlin.fr/produits/te-pour-tuyau-multicouche-a-sertir-d-20-mm-84850982.html,,
LM-84850986,product_found_image_failed,https://www.leroymerlin.fr/produits/coude-pour-tuyau-multicouche-a-visser-a-sertir-f-d-1-2-15x21-x-16-mm-84850986.html,,
LM-84850988,product_found_image_failed,https://www.leroymerlin.fr/produits/tube-multicouche-gaine-rouge-16-en-couronne-de-25m-equation-84850988.html,,
LM-84850989,product_found_image_failed,https://www.leroymerlin.fr/produits/te-inegal-pour-tuyau-multicouche-a-sertir-d-20-x-16-mm-84850989.html,,
LM-84850992,product_found_image_failed,https://www.leroymerlin.fr/produits/coude-pour-tuyau-multicouche-a-visser-a-sertir-m-d-1-2-15x21-x-16-mm-84850992.html,,
LM-84850993,product_found_image_failed,https://www.leroymerlin.fr/produits/tube-multicouche-gaine-rouge-16-en-couronne-de-50m-equation-84850993.html,,
LM-84850994,product_found_image_failed,https://www.leroymerlin.fr/produits/coude-pour-tuyau-multicouche-a-visser-a-sertir-f-d-1-2-15x21-x-16-mm-84850994.html,,
LM-84850996,product_found_image_failed,https://www.leroymerlin.fr/produits/tube-multicouche-gaine-bleu-16-en-couronne-de-50m-equation-84850996.html,,
LM-84851000,product_found_image_failed,https://www.leroymerlin.fr/produits/coude-pour-tuyau-multicouche-a-visser-a-sertir-f-d-3-4-20-x-27-x-20-mm-84851000.html,,
LM-84851012,reference_not_in_sitemap,,,
LM-84851047,product_found_image_failed,https://www.leroymerlin.fr/produits/lot-de-10-colliers-de-fixation-simple-d16-mm-pour-tubes-multicouche-equation-84851047.html,,
LM-84851048,product_found_image_failed,https://www.leroymerlin.fr/produits/lot-de-10-colliers-de-fixation-simple-de-d20-mm-pour-tubes-multicouche-equation-84851048.html,,
LM-84851051,product_found_image_failed,https://www.leroymerlin.fr/produits/coude-pour-tuyau-multicouche-a-sertir-d-16-mm-84851051.html,,
LM-84851052,product_found_image_failed,https://www.leroymerlin.fr/produits/coude-pour-tuyau-multicouche-a-sertir-d-20-mm-84851052.html,,
LM-84851055,product_found_image_failed,https://www.leroymerlin.fr/produits/raccord-pour-tuyau-multicouche-a-visser-a-sertir-f-d-1-2-15x21-x-20-mm-84851055.html,,
LM-84851056,product_found_image_failed,https://www.leroymerlin.fr/produits/manchon-pour-tuyau-multicouche-a-visser-a-sertir-f-d-1-2-15x21-x-20-mm-84851056.html,,
LM-84851057,product_found_image_failed,https://www.leroymerlin.fr/produits/raccord-pour-tuyau-multicouche-a-visser-a-sertir-m-d-1-2-15x21-x-20-mm-84851057.html,,
LM-84851058,product_found_image_failed,https://www.leroymerlin.fr/produits/raccord-pour-tuyau-multicouche-a-visser-a-sertir-f-d-3-4-20-x-27-x-20-mm-84851058.html,,
LM-84851060,product_found_image_failed,https://www.leroymerlin.fr/produits/manchon-pour-tuyau-multicouche-a-visser-a-sertir-f-d-3-4-20-x-27-x-20-mm-84851060.html,,
LM-84851061,product_found_image_failed,https://www.leroymerlin.fr/produits/raccord-pour-tuyau-multicouche-a-visser-a-sertir-m-d-3-4-20-x-27-x-20-mm-84851061.html,,
LM-84851077,product_found_image_failed,https://www.leroymerlin.fr/produits/raccord-a-compression-multicouche-20-f20x27-3-4-equation-84851077.html,,
LM-84851088,product_found_image_failed,https://www.leroymerlin.fr/produits/lot-de-10-tes-pour-tuyau-multicouche-a-sertir-d-16-mm-equation-84851088.html,,
LM-84851089,product_found_image_failed,https://www.leroymerlin.fr/produits/lot-de-10-tes-pour-tuyau-multicouche-a-sertir-d-20-mm-equation-84851089.html,,
LM-84851093,product_found_image_failed,https://www.leroymerlin.fr/produits/raccord-pour-tuyau-multicouche-a-sertir-d-16-mm-84851093.html,,
LM-84851095,product_found_image_failed,https://www.leroymerlin.fr/produits/raccord-pour-tuyau-multicouche-a-sertir-d-20-mm-84851095.html,,
LM-84851096,product_found_image_failed,https://www.leroymerlin.fr/produits/raccord-pour-tuyau-multicouche-a-sertir-d-16-x-20-mm-84851096.html,,
LM-84851098,product_found_image_failed,https://www.leroymerlin.fr/produits/raccord-pour-tuyau-multicouche-a-visser-a-sertir-f-d-3-8-12x17-x-16-mm-84851098.html,,
LM-84851100,product_found_image_failed,https://www.leroymerlin.fr/produits/raccord-pour-tuyau-multicouche-a-visser-a-sertir-f-d-1-2-15x21-x-16-mm-84851100.html,,
LM-84851102,product_found_image_failed,https://www.leroymerlin.fr/produits/raccord-pour-tuyau-multicouche-a-visser-a-sertir-f-d-1-2-15x21-x-16-mm-84851102.html,,
LM-84851104,product_found_image_failed,https://www.leroymerlin.fr/produits/manchon-pour-tuyau-multicouche-a-visser-a-sertir-m-d-1-2-15x21-x-16-mm-84851104.html,,
LM-84851106,product_found_image_failed,https://www.leroymerlin.fr/produits/raccord-pour-tuyau-multicouche-a-visser-a-sertir-f-d-3-4-20-x-27-x-16-mm-84851106.html,,
LM-84851110,product_found_image_failed,https://www.leroymerlin.fr/produits/raccord-pour-tuyau-multicouche-a-visser-a-sertir-m-d-3-8-12x17-x-16-mm-84851110.html,,
LM-84851119,product_found_image_failed,https://www.leroymerlin.fr/produits/lot-de-10-raccords-a-sertir-multicouche-16-f15x21-1-2-equation-84851119.html,,
LM-84851120,product_found_image_failed,https://www.leroymerlin.fr/produits/lot-de-10-raccords-a-sertir-pour-tuyau-multicouche-16-m15x21-1-2-equation-84851120.html,,
LM-84851123,product_found_image_failed,https://www.leroymerlin.fr/produits/lot-de-10-raccords-a-sertir-multicouche-20-f20x27-3-4-equation-84851123.html,,
LM-84851131,product_found_image_failed,https://www.leroymerlin.fr/produits/manchon-pour-tuyau-multicouche-a-sertir-d-20-x-26-mm-84851131.html,,
LM-84851142,product_found_image_failed,https://www.leroymerlin.fr/produits/raccord-ecrou-libre-a-compression-multicouche-26-f20x27-3-4-equation-84851142.html,,
LM-84862907,reference_not_in_sitemap,,,
LM-85018293,product_found_image_failed,https://www.leroymerlin.fr/produits/lot-de-50-equerres-de-chaises-suki-et-200-vis-en-acier-zingue-85018293.html,,
LM-85063440,product_found_image_failed,https://www.leroymerlin.fr/produits/sous-couche-facade-luxens-10l-85063440.html,,
LM-85066273,product_found_image_failed,https://www.leroymerlin.fr/produits/assortiment-123-patin-de-pied-de-meuble-en-feutre-adhesif-standers-l-200-x-200-m-85066273.html,,
LM-85066292,product_found_image_failed,https://www.leroymerlin.fr/produits/20-domes-anti-glissade-transparent-standers-l-10-mm-85066292.html,,
LM-85091111,product_found_image_failed,https://www.leroymerlin.fr/produits/corps-de-robinet-thermostatique-m1-2-15-21mm-m30x1-5-laiton-nickele-equation-85091111.html,,
LM-85091129,product_found_image_failed,https://www.leroymerlin.fr/produits/kit-thermostatique-de-regulation-male-1-2-15-21mm-m28x1-5-nickel-equation-85091129.html,,
LM-85262798,product_found_image_failed,https://www.leroymerlin.fr/produits/equerre-simple-ht-90xlo-90xla-40xep2-5-mm-revetement-exterieur-magnodur-85262798.html,,
LM-85262820,product_found_image_failed,https://www.leroymerlin.fr/produits/equerre-renforcee-70x70x55-revetement-exterieur-magnodur-85262820.html,,
LM-85262821,product_found_image_failed,https://www.leroymerlin.fr/produits/equerre-acier-zingue-50x50x35mm-suki-international-85262821.html,,
LM-85262827,product_found_image_failed,https://www.leroymerlin.fr/produits/equerre-assemblage-120x180x40-revetement-exterieur-magnodur-85262827.html,,
LM-85262836,product_found_image_failed,https://www.leroymerlin.fr/produits/equerre-perforee-50x50x40-revetement-exterieur-magnodur-85262836.html,,
LM-85262865,product_found_image_failed,https://www.leroymerlin.fr/produits/equerre-assemblage-40x40x40-revetement-exterieur-magnodur-85262865.html,,
LM-85263169,product_found_image_failed,https://www.leroymerlin.fr/produits/lot-de-2-pousse-laches-spaceo-evo-m-85263169.html,,
LM-85263171,product_found_image_failed,https://www.leroymerlin.fr/produits/lot-de-4-charnieres-a-amortisseur-standers-pour-caisson-spaceo-evo-m-85263171.html,,
LM-85263172,product_found_image_failed,https://www.leroymerlin.fr/produits/lot-de-2-charnieres-standers-pour-caisson-spaceo-evo-m-85263172.html,,
LM-85443784,product_found_image_failed,https://www.leroymerlin.fr/produits/mastic-etancheite-salle-de-bain-saine-jointe-et-colle-rubson-blanc-280ml-85443784.html,,
LM-85540626,product_found_image_failed,https://www.leroymerlin.fr/produits/50-vis-noires-acier-tete-fraisee-t-star-spax-4-x-l-30-mm-85540626.html,,
LM-85540628,product_found_image_failed,https://www.leroymerlin.fr/produits/50-vis-noires-acier-tete-fraisee-t-star-spax-4-x-l-35-mm-85540628.html,,
LM-85565476,product_found_image_failed,https://www.leroymerlin.fr/produits/45-ecrous-acier-inoxydable-standers-4-mm-85565476.html,,
LM-85565490,product_found_image_failed,https://www.leroymerlin.fr/produits/lot-de-14-boulons-et-ecrous-inox-a4-standers-6-x-l-16-mm-85565490.html,,
LM-85565491,product_found_image_failed,https://www.leroymerlin.fr/produits/1-boulons-et-ecrous-acier-inoxydable-tete-6-pans-hexagonal-interne-standers-6-85565491.html,,
LM-85565492,product_found_image_failed,https://www.leroymerlin.fr/produits/10-boulons-et-ecrous-inox-a4-tete-6-pans-hexagonal-standers-6-x-l-30-mm-85565492.html,,
LM-85565495,product_found_image_failed,https://www.leroymerlin.fr/produits/1-boulons-et-ecrous-acier-inoxydable-tete-6-pans-hexagonal-interne-standers-8-85565495.html,,
LM-85565496,product_found_image_failed,https://www.leroymerlin.fr/produits/4-boulons-et-ecrous-acier-inoxydable-tete-6-pans-hexagonal-interne-standers-8-85565496.html,,
LM-85565499,product_found_image_failed,https://www.leroymerlin.fr/produits/1-boulons-et-ecrous-acier-inoxydable-tete-6-pans-hexagonal-interne-standers-8-85565499.html,,
LM-85565500,product_found_image_failed,https://www.leroymerlin.fr/produits/6-boulons-et-ecrous-inox-tete-ronde-standers-5-x-l-30-mm-85565500.html,,
LM-85565501,product_found_image_failed,https://www.leroymerlin.fr/produits/6-boulons-et-ecrous-inox-tete-ronde-standers-5-x-l-40-mm-85565501.html,,
LM-85565504,product_found_image_failed,https://www.leroymerlin.fr/produits/6-boulons-et-ecrous-inox-tete-ronde-produit-sans-tete-de-vis-standers-6-x-l-40-85565504.html,,
LM-85565506,product_found_image_failed,https://www.leroymerlin.fr/produits/4-boulons-et-ecrous-inox-tete-ronde-standers-6-x-l-60-mm-85565506.html,,
LM-85565507,product_found_image_failed,https://www.leroymerlin.fr/produits/2-boulons-et-ecrous-inox-tete-ronde-produit-sans-tete-de-vis-standers-6-x-l-80-85565507.html,,
LM-85565508,product_found_image_failed,https://www.leroymerlin.fr/produits/2-boulons-trcc-inox-a4-standers-8-x-l-50-mm-85565508.html,,
LM-85565509,product_found_image_failed,https://www.leroymerlin.fr/produits/2-boulons-et-ecrous-inox-tete-ronde-produit-sans-tete-de-vis-standers-8-x-l-60-85565509.html,,
LM-85565510,product_found_image_failed,https://www.leroymerlin.fr/produits/2-boulons-et-ecrous-inox-tete-ronde-produit-sans-tete-de-vis-standers-8-x-l-80-85565510.html,,
LM-85565511,product_found_image_failed,https://www.leroymerlin.fr/produits/2-boulons-6-pans-hexagonal-inox-a4-standers-8-x-l-80-mm-85565511.html,,
LM-85565512,product_found_image_failed,https://www.leroymerlin.fr/produits/1-boulons-et-ecrous-acier-inoxydable-tete-6-pans-hexagonal-interne-standers-10-85565512.html,,
LM-85666975,product_found_image_failed,https://www.leroymerlin.fr/produits/cartouche-de-scellement-chimique-et-canules-gris-300ml-spit-85666975.html,,
LM-85848855,product_found_image_failed,https://www.leroymerlin.fr/produits/colle-en-pate-pour-frises-et-retouches-axton-250g-85848855.html,,
LM-85849100,product_found_image_failed,https://www.leroymerlin.fr/produits/colle-pour-dalles-de-plafond-polystyrene-axton-1kg-85849100.html,,
LM-86273298,product_found_image_failed,https://www.leroymerlin.fr/produits/lot-de-150-vis-bois-acier-tete-fraisee-ttap-standers-x-l-40-mm-86273298.html,,
LM-86273301,product_found_image_failed,https://www.leroymerlin.fr/produits/lot-de-20-vis-bois-acier-tete-fraisee-ttap-standers-x-l-40-mm-86273301.html,,
LM-86273304,product_found_image_failed,https://www.leroymerlin.fr/produits/lot-de-6-vis-bois-acier-tete-fraisee-ttap-standers-x-l-140-mm-86273304.html,,
LM-86273310,product_found_image_failed,https://www.leroymerlin.fr/produits/lot-de-500-vis-bois-acier-tete-fraisee-ttap-standers-x-l-40-mm-86273310.html,,
LM-86273378,product_found_image_failed,https://www.leroymerlin.fr/produits/lot-de-12-vis-bois-acier-tete-fraisee-ttap-standers-x-l-40-mm-86273378.html,,
LM-86273382,product_found_image_failed,https://www.leroymerlin.fr/produits/lot-de-30-vis-bois-acier-tete-fraisee-ttap-standers-x-l-140-mm-86273382.html,,
LM-86281466,product_found_image_failed,https://www.leroymerlin.fr/produits/maxi-kit-de-chevilles-chimiques-pour-store-de-terrasse-tiges-acier-diametre-12-86281466.html,,
LM-86408380,product_found_image_failed,https://www.leroymerlin.fr/produits/bande-a-joint-grillagee-axton-l-45-m-x-l-20-m-86408380.html,,
LM-86408382,product_found_image_failed,https://www.leroymerlin.fr/produits/bande-a-joint-grillagee-axton-l-45-mm-x-l-90-mm-86408382.html,,
LM-86408385,product_found_image_failed,https://www.leroymerlin.fr/produits/bande-a-joint-fibre-de-verre-axton-l-45-mm-x-l-45-m-86408385.html,,
LM-86523592,product_found_image_failed,https://www.leroymerlin.fr/produits/cable-electrique-2x1-5-mm2-ho5vvf-l-5m-blanc-86523592.html,,
LM-86523595,product_found_image_failed,https://www.leroymerlin.fr/produits/cable-electrique-2x1-5-mm2-ho5vvf-l-10m-blanc-86523595.html,,
LM-86523597,product_found_image_failed,https://www.leroymerlin.fr/produits/cable-electrique-2x1-5-mm2-ho5vvf-l-15m-blanc-86523597.html,,
LM-86523615,product_found_image_failed,https://www.leroymerlin.fr/produits/cable-electrique-3g1-5-mm2-ho5vvf-l-3m-blanc-86523615.html,,
LM-86523619,product_found_image_failed,https://www.leroymerlin.fr/produits/cable-electrique-3g1-5-mm2-h03vvf-l-5m-blanc-86523619.html,,
LM-86523622,product_found_image_failed,https://www.leroymerlin.fr/produits/cable-electrique-3g1-5-mm2-h03vvf-l-10m-blanc-86523622.html,,
LM-86523626,product_found_image_failed,https://www.leroymerlin.fr/produits/cable-electrique-3g1-5-mm2-ho5vvf-l-15m-blanc-86523626.html,,
LM-86523632,product_found_image_failed,https://www.leroymerlin.fr/produits/cable-electrique-3g1-5-mm2-ho5vvf-l-25m-blanc-86523632.html,,
LM-86523634,product_found_image_failed,https://www.leroymerlin.fr/produits/cable-electrique-3g1-5-mm2-ho5vvf-l-50m-blanc-86523634.html,,
LM-86523637,product_found_image_failed,https://www.leroymerlin.fr/produits/cable-electrique-3g2-5-mm2-ho5vvf-l-3m-blanc-86523637.html,,
LM-86523640,product_found_image_failed,https://www.leroymerlin.fr/produits/cable-electrique-3g2-5-mm2-ho5vvf-l-5m-blanc-86523640.html,,
LM-86523645,product_found_image_failed,https://www.leroymerlin.fr/produits/cable-electrique-3g2-5-mm2-ho5vvf-l-10m-blanc-86523645.html,,
LM-86523647,product_found_image_failed,https://www.leroymerlin.fr/produits/cable-electrique-3g2-5-mm2-ho5vvf-l-15m-blanc-86523647.html,,
LM-86523648,product_found_image_failed,https://www.leroymerlin.fr/produits/cable-electrique-3g2-5-mm2-ho5vvf-l-25m-blanc-86523648.html,,
LM-86523650,product_found_image_failed,https://www.leroymerlin.fr/produits/cable-electrique-3g2-5-mm2-ho5vvf-l-50m-blanc-86523650.html,,
LM-86532229,reference_not_in_sitemap,,,
LM-86677318,product_found_image_failed,https://www.leroymerlin.fr/produits/kit-porte-atelier-artens-83-cm-verre-clair-rail-artens-yumbo-2-noir-86677318.html,,
LM-86904474,product_found_image_failed,https://www.leroymerlin.fr/produits/ruban-de-masquage-dexter-surfaces-lisses-droit-l-48-mm-x-l-50-m-86904474.html,,
LM-86904476,product_found_image_failed,https://www.leroymerlin.fr/produits/lot-de-3-rubans-de-masquage-dexter-surfaces-lisses-droit-l-48-mm-x-l-50-m-86904476.html,,
LM-86904481,product_found_image_failed,https://www.leroymerlin.fr/produits/ruban-de-masquage-dexter-surfaces-lisses-droit-l-48-mm-x-l-25-m-86904481.html,,
LM-87401296,product_found_image_failed,https://www.leroymerlin.fr/produits/vis-double-filetage-metrique-metrique-acier-standers-diam-4-mm-x-l-2-5-mm-87401296.html,,
LM-87401300,product_found_image_failed,https://www.leroymerlin.fr/produits/vis-double-filetage-metrique-metrique-acier-standers-diam-6-mm-x-l-60-mm-87401300.html,,
LM-87401381,product_found_image_failed,https://www.leroymerlin.fr/produits/8-vis-acier-tete-ronde-torx-standers-6-x-l-30-mm-87401381.html,,
LM-87401788,product_found_image_failed,https://www.leroymerlin.fr/produits/500-acier-tete-fraisee-pozidriv-standers-x-l-45-mm-87401788.html,,
LM-87401790,product_found_image_failed,https://www.leroymerlin.fr/produits/500-vis-acier-tete-fraisee-pozidriv-standers-4-x-l-60-mm-87401790.html,,
LM-87401793,product_found_image_failed,https://www.leroymerlin.fr/produits/500-acier-tete-fraisee-pozidriv-standers-x-l-40-mm-87401793.html,,
LM-87401794,product_found_image_failed,https://www.leroymerlin.fr/produits/500-vis-acier-tete-fraisee-pozidriv-standers-5-x-l-50-mm-87401794.html,,
LM-87401795,product_found_image_failed,https://www.leroymerlin.fr/produits/200-vis-acier-tete-fraisee-pozidriv-standers-5-x-l-60-mm-87401795.html,,
LM-87401796,product_found_image_failed,https://www.leroymerlin.fr/produits/200-acier-tete-fraisee-pozidriv-standers-x-l-70-mm-87401796.html,,
LM-87401797,product_found_image_failed,https://www.leroymerlin.fr/produits/200-acier-tete-fraisee-pozidriv-standers-x-l-80-mm-87401797.html,,
LM-87422581,product_found_image_failed,https://www.leroymerlin.fr/produits/porte-coulissante-sur-rail-porte-madrid-vitree-83-cm-rail-yumbo-2-blanc-87422581.html,,
LM-87422583,product_found_image_failed,https://www.leroymerlin.fr/produits/porte-coulissante-sur-rail-porte-madrid-vitree-73-cm-rail-yumbo-2-blanc-87422583.html,,
LM-87425245,product_found_image_failed,https://www.leroymerlin.fr/produits/porte-coulissante-sur-rail-porte-lali-73-cm-rail-yumbo-2-blanc-87425245.html,,
LM-87425246,product_found_image_failed,https://www.leroymerlin.fr/produits/porte-coulissante-sur-rail-porte-lali-83-cm-rail-yumbo-2-blanc-87425246.html,,
LM-87425257,product_found_image_failed,https://www.leroymerlin.fr/produits/porte-coulissante-sur-rail-porte-seville-chene-83-cm-rail-indus-noir-87425257.html,,
LM-87477242,product_found_image_failed,https://www.leroymerlin.fr/produits/corniere-pvc-noir-mat-standers-h-15-x-l-15-x-ep-1-mm-l-2-6-m-87477242.html,,
LM-87477251,product_found_image_failed,https://www.leroymerlin.fr/produits/corniere-pvc-noir-mat-standers-h-30-x-l-30-x-ep-1-mm-l-1-m-87477251.html,,
LM-87477474,product_found_image_failed,https://www.leroymerlin.fr/produits/corniere-pvc-noir-mat-standers-h-10-x-l-20-x-ep-1-mm-l-2-6-m-87477474.html,,
LM-87477486,product_found_image_failed,https://www.leroymerlin.fr/produits/corniere-pvc-blanc-mat-standers-h-45-x-l-25-x-ep-1-5-mm-l-2-6-m-87477486.html,,
LM-87477719,product_found_image_failed,https://www.leroymerlin.fr/produits/profile-aluminium-anodise-mat-standers-h-10-x-l-10-x-ep-1-mm-l-2-5-m-87477719.html,,
LM-87477722,product_found_image_failed,https://www.leroymerlin.fr/produits/profile-aluminium-anodise-noir-brosse-standers-h-10-x-l-10-x-ep-1-mm-l-2-5-m-87477722.html,,
LM-87477749,product_found_image_failed,https://www.leroymerlin.fr/produits/profile-aluminium-brut-standers-h-20-x-l-20-x-ep-1-mm-l-2-5-m-87477749.html,,
LM-87657925,product_found_image_failed,https://www.leroymerlin.fr/produits/distancier-pour-armatures-50mm-l-2m-87657925.html,,
LM-87796718,product_found_image_failed,https://www.leroymerlin.fr/produits/100-vis-noires-acier-tete-fraisee-t-star-spax-3-5-x-l-16-mm-87796718.html,,
LM-87796724,product_found_image_failed,https://www.leroymerlin.fr/produits/50-vis-noires-acier-tete-fraisee-t-star-spax-4-x-l-25-mm-87796724.html,,
LM-87919181,product_found_image_failed,https://www.leroymerlin.fr/produits/cartouche-de-scellement-chimique-htii-ton-pierre-fischer-300-ml-87919181.html,,
LM-88042328,product_found_image_failed,https://www.leroymerlin.fr/produits/valve-spherique-femelle-15-x-21-mm-femelle-15-x-21-mm-equation-88042328.html,,
LM-88042405,product_found_image_failed,https://www.leroymerlin.fr/produits/robinet-exterieur-laiton-male-1-2-15-21-avec-vanne-equation-88042405.html,,
LM-88120681,product_found_image_failed,https://www.leroymerlin.fr/produits/manchon-pour-tuyau-cuivre-a-sertir-d-16-mm-88120681.html,,
LM-88120682,product_found_image_failed,https://www.leroymerlin.fr/produits/manchon-pour-tuyau-cuivre-a-sertir-d-18-mm-88120682.html,,
LM-88120686,product_found_image_failed,https://www.leroymerlin.fr/produits/manchon-reduit-pour-tuyau-cuivre-a-sertir-d-18-x-16-mm-88120686.html,,
LM-88120691,product_found_image_failed,https://www.leroymerlin.fr/produits/coude-pour-tuyau-cuivre-a-sertir-d-18-mm-88120691.html,,
LM-88120696,product_found_image_failed,https://www.leroymerlin.fr/produits/coude-pour-tuyau-cuivre-a-sertir-d-18-mm-88120696.html,,
LM-88120698,product_found_image_failed,https://www.leroymerlin.fr/produits/te-pour-tuyau-cuivre-a-sertir-d-14-mm-88120698.html,,
LM-88120702,product_found_image_failed,https://www.leroymerlin.fr/produits/manchon-pour-tuyau-cuivre-a-visser-a-sertir-m-d-1-2-15x21-x-14-mm-88120702.html,,
LM-88120708,product_found_image_failed,https://www.leroymerlin.fr/produits/manchon-pour-tuyau-cuivre-a-visser-a-sertir-f-d-1-2-15x21-x-14-mm-88120708.html,,
LM-88127360,product_found_image_failed,https://www.leroymerlin.fr/produits/ciment-gris-multi-usages-pro-eqiom-nf-cem-ii-32-5-35-kg-88127360.html,,
LM-88132900,reference_not_in_sitemap,,,
LM-88132958,product_found_image_failed,https://www.leroymerlin.fr/produits/enduit-a-joint-placo-placojoint-gdx-25kg-88132958.html,,
LM-88132962,product_found_image_failed,https://www.leroymerlin.fr/produits/plaque-de-platre-standard-nf-ba13-260-x-120-cm-batiplac-88132962.html,,
LM-88142316,product_found_image_failed,https://www.leroymerlin.fr/produits/raccord-pour-tuyau-cuivre-a-visser-a-sertir-f-d-1-2-15x21-x-16-mm-88142316.html,,
LM-88143176,product_found_image_failed,https://www.leroymerlin.fr/produits/coude-pour-tuyau-cuivre-a-sertir-d-22-mm-88143176.html,,
LM-88147216,product_found_image_failed,https://www.leroymerlin.fr/produits/manchon-pour-tuyau-cuivre-a-visser-a-sertir-m-d-3-8-12x17-x-14-mm-88147216.html,,
LM-88158977,product_found_image_failed,https://www.leroymerlin.fr/produits/enduit-a-joint-placojoint-pr-hydro-placo-10kg-88158977.html,,
LM-88279383,reference_not_in_sitemap,,,
LM-88279387,reference_not_in_sitemap,,,
LM-88296306,original_converted,,https://media.adeo.com/media/1664922/media.png?fit=bounds&format=jpg&height=1000&quality=80&width=1000,https://raw.githubusercontent.com/nuancedegreg-blip/Sumup-images/main/images_v3/LM-88296306.jpg
LM-88318257,product_found_image_failed,https://www.leroymerlin.fr/produits/colle-en-pate-mur-plan-de-travail-interieur-max-30x60cm-blanc-axton-1kg-88318257.html,,
LM-88318283,reference_not_in_sitemap,,,
LM-88318290,product_found_image_failed,https://www.leroymerlin.fr/produits/colle-en-poudre-sol-mur-interieur-exterieur-max-60x60cm-gris-axton-25kg-88318290.html,,
LM-88318300,product_found_image_failed,https://www.leroymerlin.fr/produits/colle-en-poudre-sol-mur-interieur-exterieur-max-60x60cm-blanc-axton-25kg-88318300.html,,
LM-88318305,reference_not_in_sitemap,,,
LM-88318318,product_found_image_failed,https://www.leroymerlin.fr/produits/colle-en-poudre-sol-mur-interieur-exterieur-tous-formats-blanc-axton-25kg-88318318.html,,
LM-88318424,product_found_image_failed,https://www.leroymerlin.fr/produits/enduit-impermeabilisation-mur-et-sol-axton-7kg-88318424.html,,
LM-88318425,product_found_image_failed,https://www.leroymerlin.fr/produits/kit-impermeabilisation-mur-sol-et-angle-axton-3kg-88318425.html,,
LM-88318426,product_found_image_failed,https://www.leroymerlin.fr/produits/kit-impermeabilisation-mur-sol-et-angle-axton-7kg-88318426.html,,
LM-88319690,product_found_image_failed,https://www.leroymerlin.fr/produits/joint-poudre-carrelage-mosaique-superieur-a-3mm-axton-gris-clair-5kg-88319690.html,,
LM-88596328,product_found_image_failed,https://www.leroymerlin.fr/produits/ciment-gris-calcia-cem-ii-32-5-nf-35-kg-88596328.html,,
LM-88596577,product_found_image_failed,https://www.leroymerlin.fr/produits/melange-beton-recyclat-nf-35-kg-88596577.html,,
LM-88713230,product_found_image_failed,https://www.leroymerlin.fr/produits/te-pour-tuyau-cuivre-a-sertir-d-18-x-16-mm-88713230.html,,
LM-88763881,product_found_image_failed,https://www.leroymerlin.fr/produits/raccord-a-compression-multicouche-26-m20x27-3-4-equation-88763881.html,,
LM-88763888,product_found_image_failed,https://www.leroymerlin.fr/produits/manchon-pour-tuyau-multicouche-a-visser-a-sertir-m-d-3-4-20-x-27-x-26-mm-88763888.html,,
LM-88792666,product_found_image_failed,https://www.leroymerlin.fr/produits/lot-de-10-raccord-pour-tuyau-multicouche-a-sertir-d-16-mm-88792666.html,,
LM-88792669,product_found_image_failed,https://www.leroymerlin.fr/produits/raccord-pour-tuyau-multicouche-a-sertir-d-16-mm-88792669.html,,
LM-88792670,product_found_image_failed,https://www.leroymerlin.fr/produits/raccord-pour-tuyau-multicouche-a-sertir-d-20-x-16-mm-88792670.html,,
LM-88792674,product_found_image_failed,https://www.leroymerlin.fr/produits/raccord-pour-tuyau-multicouche-a-visser-a-sertir-f-d-1-2-15x21-x-16-mm-88792674.html,,
LM-88802142,product_found_image_failed,https://www.leroymerlin.fr/produits/ciment-gris-professionnel-nf-cem-ii-42-5-35-kg-ccb-88802142.html,,
LM-88899407,product_found_image_failed,https://www.leroymerlin.fr/produits/lot-de-10-bornes-automatiques-2-fils-wago-88899407.html,,
LM-88899414,product_found_image_failed,https://www.leroymerlin.fr/produits/lot-de-10-bornes-automatiques-3-fils-wago-88899414.html,,
LM-88899415,product_found_image_failed,https://www.leroymerlin.fr/produits/lot-de-20-borne-automatique-2-3-5-fils-wago-88899415.html,,
LM-88899417,product_found_image_failed,https://www.leroymerlin.fr/produits/lot-de-50-bornes-automatiques-2-fils-wago-88899417.html,,
LM-88899421,product_found_image_failed,https://www.leroymerlin.fr/produits/lot-de-5-bornes-automatiques-5-fils-wago-88899421.html,,
LM-88899423,product_found_image_failed,https://www.leroymerlin.fr/produits/lot-de-50-bornes-automatiques-3-fils-wago-88899423.html,,
LM-88899426,product_found_image_failed,https://www.leroymerlin.fr/produits/lot-de-20-borne-automatique-2-3-5-fils-wago-88899426.html,,
LM-88942446,reference_not_in_sitemap,,,
LM-88943745,product_found_image_failed,https://www.leroymerlin.fr/produits/mortier-de-montage-prb-25kg-88943745.html,,
LM-88943746,product_found_image_failed,https://www.leroymerlin.fr/produits/beton-gris-a-empreinte-carbone-reduite-haute-resistance-prb-c30-37-25-kg-88943746.html,,
LM-89071380,product_found_image_failed,https://www.leroymerlin.fr/produits/colle-pour-parquet-axton-1kg-89071380.html,,
LM-89076529,product_found_image_failed,https://www.leroymerlin.fr/produits/colle-pour-moquette-sol-vinyle-axton-beige-6kg-89076529.html,,
LM-89110075,product_found_image_failed,https://www.leroymerlin.fr/produits/20-chevilles-pour-plaques-de-platre-standers-diam-9-x-l-25mm-89110075.html,,
LM-89111042,reference_not_in_sitemap,,,
LM-89112734,product_found_image_failed,https://www.leroymerlin.fr/produits/corde-coton-torsade-standers-diam-2-5-mm-x-l-30-m-89112734.html,,
LM-89125796,product_found_image_failed,https://www.leroymerlin.fr/produits/fil-acier-vert-standers-diam-2-7-mm-x-l-20-m-89125796.html,,
LM-89153214,product_found_image_failed,https://www.leroymerlin.fr/produits/enduit-a-joint-placo-placojoint-gdx-5kg-89153214.html,,
LM-89328177,product_found_image_failed,https://www.leroymerlin.fr/produits/mastic-etancheite-sdb-saine-rubson-blanc-280ml-89328177.html,,
LM-89328179,product_found_image_failed,https://www.leroymerlin.fr/produits/mastic-etancheite-sdb-saine-express-rubson-blanc-280ml-89328179.html,,
LM-89619799,product_found_image_failed,https://www.leroymerlin.fr/produits/lot-de-50-boites-encastrement-1-poste-p-40-mm-schneider-electric-89619799.html,,
LM-89721244,product_found_image_failed,https://www.leroymerlin.fr/produits/equerre-alu-noir-mat-12-mm-l2-5mm-standers-89721244.html,,
LM-90110994,product_found_image_failed,https://www.leroymerlin.fr/produits/colle-de-fixation-pate-ms-polymere-axton-extremfix-transparent-290ml-90110994.html,,
LM-90110995,product_found_image_failed,https://www.leroymerlin.fr/produits/lot-de-6-colle-de-fixation-pate-acrylique-axton-superfix-blanc-310ml-90110995.html,,
LM-90111012,product_found_image_failed,https://www.leroymerlin.fr/produits/colle-de-fixation-pate-acrylique-axton-onlyfix-plinthes-blanc-310ml-90111012.html,,
LM-90111016,product_found_image_failed,https://www.leroymerlin.fr/produits/colle-de-fixation-acrylique-tout-fixer-blanc-axton-200ml-90111016.html,,
LM-90111029,product_found_image_failed,https://www.leroymerlin.fr/produits/colle-de-fixation-pate-ms-polymere-axton-extremfix-blanc-290ml-90111029.html,,
LM-90111033,product_found_image_failed,https://www.leroymerlin.fr/produits/colle-assemblage-liquide-axton-bois-interieur-d2-transparent-500g-90111033.html,,
LM-90111048,product_found_image_failed,https://www.leroymerlin.fr/produits/colle-assemblage-liquide-axton-bois-exterieur-humide-d3-transparent-215g-90111048.html,,
LM-90111050,product_found_image_failed,https://www.leroymerlin.fr/produits/colle-de-fixation-pate-acrylique-axton-superfix-transparent-200ml-90111050.html,,
LM-90111072,product_found_image_failed,https://www.leroymerlin.fr/produits/colle-assemblage-gel-neoprene-axton-gel-beige-125ml-90111072.html,,
LM-90111088,product_found_image_failed,https://www.leroymerlin.fr/produits/colle-de-reparation-liquide-epoxy-axton-seringue-universelle-transparent-26g-90111088.html,,
LM-90201941,original_converted,,https://media.adeo.com/media/4122828/media.png?fit=bounds&format=jpg&height=1000&quality=80&width=1000,https://raw.githubusercontent.com/nuancedegreg-blip/Sumup-images/main/images_v3/LM-90201941.jpg
LM-90201943,product_found_image_failed,https://www.leroymerlin.fr/produits/mastic-etancheite-bois-et-parquet-axton-chene-fonce-280ml-90201943.html,,
LM-90201951,original_converted,,https://media.adeo.com/media/4122794/media.png?fit=bounds&format=jpg&height=1000&quality=80&width=1000,https://raw.githubusercontent.com/nuancedegreg-blip/Sumup-images/main/images_v3/LM-90201951.jpg
LM-90201953,original_converted,,https://media.adeo.com/media/4258441/media.png?fit=bounds&format=jpg&height=1000&quality=80&width=1000,https://raw.githubusercontent.com/nuancedegreg-blip/Sumup-images/main/images_v3/LM-90201953.jpg
LM-90201957,product_found_image_failed,https://www.leroymerlin.fr/produits/mastic-etancheite-bois-et-parquet-axton-chene-clair-280ml-90201957.html,,
LM-90201964,product_found_image_failed,https://www.leroymerlin.fr/produits/mastic-silicone-axton-blanc-280-ml-90201964.html,,
LM-90201966,product_found_image_failed,https://www.leroymerlin.fr/produits/joint-de-finition-acrylique-axton-chene-moyen-280-ml-90201966.html,,
LM-90201970,product_found_image_failed,https://www.leroymerlin.fr/produits/1px-mastic-maconnerie-blanc-280-ml-90201970.html,,
LM-90201979,original_converted,,https://media.adeo.com/media/4122816/media.png?fit=bounds&format=jpg&height=1000&quality=80&width=1000,https://raw.githubusercontent.com/nuancedegreg-blip/Sumup-images/main/images_v3/LM-90201979.jpg
LM-90201987,product_found_image_failed,https://www.leroymerlin.fr/produits/mastic-etancheite-murs-et-fissures-blanc-280ml-90201987.html,,
LM-90201997,product_found_image_failed,https://www.leroymerlin.fr/produits/mastic-silicone-neutre-axton-blanc-280-ml-90201997.html,,
LM-90202000,product_found_image_failed,https://www.leroymerlin.fr/produits/mastic-etancheite-murs-et-fenetres-axton-blanc-280ml-90202000.html,,
LM-90202018,product_found_image_failed,https://www.leroymerlin.fr/produits/lot-de-2-mastics-etancheite-murs-et-fenetres-axton-blanc-280ml-90202018.html,,
LM-90202023,product_found_image_failed,https://www.leroymerlin.fr/produits/mastic-etancheite-bois-et-parquet-axton-chene-moyen-280ml-90202023.html,,
LM-90202030,product_found_image_failed,https://www.leroymerlin.fr/produits/joint-de-finition-acrylique-axton-blanc-280-ml-90202030.html,,
LM-90202033,product_found_image_failed,https://www.leroymerlin.fr/produits/mastic-etancheite-murs-et-fenetres-interieur-blanc-axton-280-ml-90202033.html,,
LM-90304375,product_found_image_failed,https://www.leroymerlin.fr/produits/mastic-etancheite-murs-et-fenetres-pvc-axton-blanc-280ml-90304375.html,,
LM-90318765,product_found_image_failed,https://www.leroymerlin.fr/produits/mastic-etancheite-bois-et-parquet-axton-blanc-280ml-90318765.html,,
LM-90685489,product_found_image_failed,https://www.leroymerlin.fr/produits/kit-vmc-easyhome-auto-colorline-aldes-90685489.html,,
LM-90711215,product_found_image_failed,https://www.leroymerlin.fr/produits/lot-2-cartouches-de-scellement-chimique-ton-pierre-2-canules-injection-90711215.html,,
LM-90760720,product_found_image_failed,https://www.leroymerlin.fr/produits/beton-pret-a-emploi-gris-prb-30-5-kg-gratuits-90760720.html,,
LM-91007817,product_found_image_failed,https://www.leroymerlin.fr/produits/lot-de-10-manchons-aluminium-standers-pour-cable-diam-1-5mm-91007817.html,,
LM-91007832,product_found_image_failed,https://www.leroymerlin.fr/produits/tendeur-oeil-oeil-acier-zingue-standers-250-kg-diam-4-5mm-91007832.html,,
LM-91007906,product_found_image_failed,https://www.leroymerlin.fr/produits/mousqueton-inox-a2-standers-100-kg-l-60-x-l-29-5-x-ep-6-mm-91007906.html,,
LM-91007915,product_found_image_failed,https://www.leroymerlin.fr/produits/mousqueton-porte-cles-aluminium-standers-12-kg-l-60-x-l-30-x-ep-6-mm-91007915.html,,
LM-91007922,product_found_image_failed,https://www.leroymerlin.fr/produits/mousqueton-acier-zingue-standers-100-kg-l-80-x-l-39-x-ep-8-mm-91007922.html,,
LM-91007925,product_found_image_failed,https://www.leroymerlin.fr/produits/mousqueton-acier-zingue-standers-60-kg-l-60-x-l-29-x-ep-6-mm-91007925.html,,
LM-91008012,product_found_image_failed,https://www.leroymerlin.fr/produits/lot-de-10-porte-etiquettes-standers-l-22-x-l-48mm-91008012.html,,
LM-91182181,product_found_image_failed,https://www.leroymerlin.fr/produits/6-vis-inox-tete-6-pans-hexagonal-interne-standers-8-x-l-40-mm-91182181.html,,
LM-91182186,product_found_image_failed,https://www.leroymerlin.fr/produits/6-vis-inox-tete-6-pans-hexagonal-interne-standers-5-5-x-l-32-mm-91182186.html,,
LM-91182193,product_found_image_failed,https://www.leroymerlin.fr/produits/25-vis-inox-tete-fraisee-pozidriv-standers-4-x-l-25-mm-91182193.html,,
LM-91182194,product_found_image_failed,https://www.leroymerlin.fr/produits/15-vis-inox-tete-ronde-pozidriv-standers-4-x-l-40-mm-91182194.html,,
LM-91182197,product_found_image_failed,https://www.leroymerlin.fr/produits/80-vis-inox-tete-fraisee-pozidriv-standers-5-x-l-50-mm-91182197.html,,
LM-91182205,product_found_image_failed,https://www.leroymerlin.fr/produits/60-vis-inox-tete-fraisee-pozidriv-standers-5-x-l-60-mm-91182205.html,,
LM-91182206,product_found_image_failed,https://www.leroymerlin.fr/produits/200-vis-inox-tete-fraisee-torx-standers-5-x-l-60-mm-91182206.html,,
LM-91182212,product_found_image_failed,https://www.leroymerlin.fr/produits/8-vis-inox-tete-6-pans-hexagonal-interne-standers-6-x-l-40-mm-91182212.html,,
LM-91182217,product_found_image_failed,https://www.leroymerlin.fr/produits/25-vis-inox-tete-6-pans-hexagonal-interne-standers-8-x-l-50-mm-91182217.html,,
LM-91182226,product_found_image_failed,https://www.leroymerlin.fr/produits/150-vis-inox-tete-fraisee-pozidriv-standers-4-x-l-40-mm-91182226.html,,
LM-91182230,product_found_image_failed,https://www.leroymerlin.fr/produits/12-vis-inox-tete-6-pans-hexagonal-interne-standers-5-5-x-l-19-mm-91182230.html,,
LM-91182233,product_found_image_failed,https://www.leroymerlin.fr/produits/14-vis-inox-tete-fraisee-phillips-standers-4-2-x-l-32-mm-91182233.html,,
LM-91182243,product_found_image_failed,https://www.leroymerlin.fr/produits/10-vis-inox-tete-ronde-phillips-standers-4-8-x-l-38-mm-91182243.html,,
LM-91182251,product_found_image_failed,https://www.leroymerlin.fr/produits/35-vis-inox-tete-fraisee-torx-standers-6-x-l-80-mm-91182251.html,,
LM-91182259,product_found_image_failed,https://www.leroymerlin.fr/produits/500-vis-terrasse-inox-tete-plate-standers-5-x-l-50-mm-91182259.html,,
LM-91182260,product_found_image_failed,https://www.leroymerlin.fr/produits/18-vis-inox-tete-fraisee-phillips-standers-4-2-x-l-19-mm-91182260.html,,
LM-91182267,product_found_image_failed,https://www.leroymerlin.fr/produits/18-vis-inox-tete-ronde-phillips-standers-4-2-x-l-19-mm-91182267.html,,
LM-91182269,product_found_image_failed,https://www.leroymerlin.fr/produits/12-vis-inox-tete-fraisee-pozidriv-standers-5-x-l-70-mm-91182269.html,,
LM-91182274,product_found_image_failed,https://www.leroymerlin.fr/produits/10-vis-inox-tete-ronde-phillips-standers-4-8-x-l-32-mm-91182274.html,,
LM-91182291,product_found_image_failed,https://www.leroymerlin.fr/produits/12-vis-inox-tete-ronde-pozidriv-standers-5-x-l-40-mm-91182291.html,,
LM-91182306,product_found_image_failed,https://www.leroymerlin.fr/produits/10-vis-inox-tete-fraisee-torx-standers-6-x-l-120-mm-91182306.html,,
LM-91182307,product_found_image_failed,https://www.leroymerlin.fr/produits/1-vis-inox-tete-6-pans-hexagonal-interne-standers-10-x-l-80-mm-91182307.html,,
LM-91182311,product_found_image_failed,https://www.leroymerlin.fr/produits/40-vis-inox-tete-fraisee-pozidriv-standers-3-mm-x-l-16-mm-91182311.html,,
LM-91223228,product_found_image_failed,https://www.leroymerlin.fr/produits/gaine-icta-turbogliss-diam-20-mm-l-100-m-legrand-91223228.html,,
LM-91664555,product_found_image_failed,https://www.leroymerlin.fr/produits/bonde-clic-clac-avec-trop-plein-pour-lavabo-chrome-diam-66-mm-equation-91664555.html,,
LM-91664557,product_found_image_failed,https://www.leroymerlin.fr/produits/bonde-clic-clac-avec-trop-plein-pour-lavabo-noir-diam-66-mm-equation-91664557.html,,
LM-91664562,product_found_image_failed,https://www.leroymerlin.fr/produits/bonde-clic-clac-avec-trop-plein-pour-lavabo-dore-diam-66-mm-equation-91664562.html,,
LM-91779057,product_found_image_failed,https://www.leroymerlin.fr/produits/siphon-pour-lavabo-gain-de-place-diam-1-1-2-40mm-1-1-4-32mm-equation-91779057.html,,
LM-91850375,product_found_image_failed,https://www.leroymerlin.fr/produits/500-vis-torx-inox-standers-5-0-x-l-70-0-mm-embout-91850375.html,,
LM-91850376,product_found_image_failed,https://www.leroymerlin.fr/produits/1000-vis-torx-inox-standers-5-0-x-l-50-0-mm-2-embouts-91850376.html,,
LM-91850377,product_found_image_failed,https://www.leroymerlin.fr/produits/500-vis-torx-inox-standers-5-0-x-l-50-0-mm-embout-91850377.html,,
LM-91850378,product_found_image_failed,https://www.leroymerlin.fr/produits/1000-vis-torx-inox-standers-5-0-x-l-60-0-mm-2-embouts-91850378.html,,
LM-91850379,product_found_image_failed,https://www.leroymerlin.fr/produits/500-vis-torx-inox-standers-5-0-x-l-60-0-mm-embout-91850379.html,,
LM-91910417,product_found_image_failed,https://www.leroymerlin.fr/produits/rouleau-de-laine-de-verre-comble-amenage-035-kraft-ep-240mm-2-6x1-2m-knauf-91910417.html,,
LM-91945540,product_found_image_failed,https://www.leroymerlin.fr/produits/bardeau-bitumineux-lisse-bitume-noir-l-1-x-l-8-m-iko-91945540.html,,
LM-91952398,product_found_image_failed,https://www.leroymerlin.fr/produits/colle-en-poudre-sol-mur-interieur-exterieur-max-60x60cm-gris-axton-25-kg-91952398.html,,
LM-91952400,product_found_image_failed,https://www.leroymerlin.fr/produits/colle-en-poudre-sol-mur-interieur-exterieur-tous-formats-gris-axton-25kg-91952400.html,,
LM-91952403,product_found_image_failed,https://www.leroymerlin.fr/produits/colle-en-poudre-sol-mur-int-ext-max-60x60cm-gris-dont-20-gratuits-axton-25kg-91952403.html,,
LM-91952405,product_found_image_failed,https://www.leroymerlin.fr/produits/colle-en-poudre-sol-mur-interieur-exterieur-tous-formats-gris-axton-10kg-91952405.html,,
LM-91952406,product_found_image_failed,https://www.leroymerlin.fr/produits/colle-en-poudre-sol-mur-interieur-exterieur-max-60x60cm-blanc-axton-5kg-91952406.html,,
LM-91952407,product_found_image_failed,https://www.leroymerlin.fr/produits/colle-en-poudre-sol-mur-interieur-exterieur-max-60x60cm-blanc-axton-25kg-91952407.html,,
LM-91952408,product_found_image_failed,https://www.leroymerlin.fr/produits/colle-en-poudre-sol-mur-int-ext-tous-formats-blanc-dont-20-gratuits-axton-25kg-91952408.html,,
LM-91952412,product_found_image_failed,https://www.leroymerlin.fr/produits/joint-tous-types-de-carrelage-et-mosaique-blanc-axton-5-kg-91952412.html,,
LM-91952413,product_found_image_failed,https://www.leroymerlin.fr/produits/joint-tous-types-de-carrelage-et-mosaique-beige-axton-5-kg-91952413.html,,
LM-91952437,product_found_image_failed,https://www.leroymerlin.fr/produits/joint-tous-types-de-carrelage-et-mosaique-noir-axton-5-kg-91952437.html,,
LM-91988855,original_converted,,https://media.adeo.com/media/3373194/media.png?width=640,https://raw.githubusercontent.com/nuancedegreg-blip/Sumup-images/main/images_v3/LM-91988855.jpg
LM-91988857,product_found_image_failed,https://www.leroymerlin.fr/produits/ragreage-fibre-interieur-exterieur-axton-25-kg-91988857.html,,
LM-92016341,product_found_image_failed,https://www.leroymerlin.fr/produits/lot-de-20-plaques-dooxie-legrand-blanc-92016341.html,,
LM-92291265,product_found_image_failed,https://www.leroymerlin.fr/produits/mortier-empreinte-carbone-reduite-25-kg-vpi-92291265.html,,
LM-92525183,product_found_image_failed,https://www.leroymerlin.fr/produits/mortier-empreinte-carbone-reduite-pret-a-emploi-gris-sacamat-25-kg-92525183.html,,
LM-93181687,product_found_image_failed,https://www.leroymerlin.fr/produits/mortier-colle-v-r-d-25-5kg-gratuit-sol-gris-prb-30-kg-93181687.html,,
LM-93181688,product_found_image_failed,https://www.leroymerlin.fr/produits/beton-pret-a-emploi-v-r-d-prb-25-kg-93181688.html,,
LM-93181694,product_found_image_failed,https://www.leroymerlin.fr/produits/mortier-courant-v-r-d-25kg-sol-gris-prb-25-kg-93181694.html,,
LM-93181695,product_found_image_failed,https://www.leroymerlin.fr/produits/beton-express-prise-rapide-prb-25-kg-93181695.html,,
LM-93181696,product_found_image_failed,https://www.leroymerlin.fr/produits/beton-a-empreinte-carbone-reduite-pret-a-emploi-prb-25-5-kg-gratuits-93181696.html,,
LM-93833368,product_found_image_failed,https://www.leroymerlin.fr/produits/bonde-de-douche-verticale-ecoulement-libre-extra-plate-minime-d-90mm-valentin-93833368.html,,
LM-93833369,product_found_image_failed,https://www.leroymerlin.fr/produits/bonde-de-douche-horizontale-ecoulement-libre-extra-plate-minime-d-90mm-valentin-93833369.html,,
LM-93833391,product_found_image_failed,https://www.leroymerlin.fr/produits/capot-pour-bonde-de-douche-horizontale-extra-plate-d-90-mm-chrome-valentin-93833391.html,,
LM-93904289,product_found_image_failed,https://www.leroymerlin.fr/produits/collecteur-4-voies-a-visser-pour-multicouche-3-4-20x27-equation-93904289.html,,
LM-93904298,product_found_image_failed,https://www.leroymerlin.fr/produits/collecteur-4-voies-a-visser-pour-multicouche-3-4-20x27-equation-93904298.html,,
LM-93904300,product_found_image_failed,https://www.leroymerlin.fr/produits/collecteur-3-voies-a-visser-pour-multicouche-3-4-20x27-equation-93904300.html,,
LM-94058080,product_found_image_failed,https://www.leroymerlin.fr/produits/vidage-siphon-diam-32mm-bonde-ronde-diam-66mm-pour-lavabo-chrome-equation-94058080.html,,
LM-94230847,product_found_image_failed,https://www.leroymerlin.fr/produits/cartouche-pour-fixation-chimique-beige-batifix-polifirst-300ml-94230847.html,,
LM-94612186,product_found_image_failed,https://www.leroymerlin.fr/produits/mortier-a-empreinte-carbone-reduite-gris-sacamat-30-kg-94612186.html,,
LM-94760747,product_found_image_failed,https://www.leroymerlin.fr/produits/kit-de-scellement-chimique-polyester-ton-gris-spit-300-ml-94760747.html,,
LM-94872547,product_found_image_failed,https://www.leroymerlin.fr/produits/lot-de-3-mastic-soudal-blanc-840-ml-94872547.html,,
LM-94885742,product_found_image_failed,https://www.leroymerlin.fr/produits/equerre-assemblage-acier-zingue-100-x-100-x-18-x-3-mm-94885742.html,,
LM-94885743,product_found_image_failed,https://www.leroymerlin.fr/produits/equerre-assemblage-acier-zingue-30-x-30-x-15-x-2-mm-94885743.html,,
LM-94885756,product_found_image_failed,https://www.leroymerlin.fr/produits/equerre-assemblage-acier-zingue-70-x-70-x-15-x-2-mm-94885756.html,,
LM-94885770,product_found_image_failed,https://www.leroymerlin.fr/produits/equerre-assemblage-acier-zingue-80-x-80-x-18-x-2-5-mm-94885770.html,,
LM-94885776,product_found_image_failed,https://www.leroymerlin.fr/produits/equerre-assemblage-acier-zingue-50-x-50-x-15-x-2-mm-94885776.html,,
LM-94885782,product_found_image_failed,https://www.leroymerlin.fr/produits/equerre-assemblage-acier-zingue-40-x-40-x-15-x-2-mm-94885782.html,,
LM-94885814,product_found_image_failed,https://www.leroymerlin.fr/produits/lot-de-12-equerres-de-chaise-acier-zingue-30-x-30-x-15-x-2-mm-94885814.html,,
LM-94885826,product_found_image_failed,https://www.leroymerlin.fr/produits/lot-de-12-equerres-assemblage-acier-zingue-40-x-40-x-15-x-2-mm-94885826.html,,
LM-94885855,product_found_image_failed,https://www.leroymerlin.fr/produits/lot-de-12-equerres-assemblage-acier-zingue-60-x-60-x-15-x-2-mm-94885855.html,,
LM-95505440,product_found_image_failed,https://www.leroymerlin.fr/produits/cheville-multi-materiaux-duopower-fischer-vis-noires-diam-8-x-l-40-mm-95505440.html,,
LM-95653209,product_found_image_failed,https://www.leroymerlin.fr/produits/robinet-arret-equerre-m-f-12x17-mm-equation-95653209.html,,
LM-96149079,product_found_image_failed,https://www.leroymerlin.fr/produits/100-vis-acier-inoxydable-tete-cylindrique-torx-standers-a2-5-x-l-50-mm-embout-96149079.html,,
LM-96149080,product_found_image_failed,https://www.leroymerlin.fr/produits/100-vis-acier-inoxydable-tete-cylindrique-torx-standers-a2-5-x-l-60-mm-embout-96149080.html,,
LM-96392952,product_found_image_failed,https://www.leroymerlin.fr/produits/mallette-de-100-bornes-wago-s221-et-s2273-96392952.html,,
LM-96548381,product_found_image_failed,https://www.leroymerlin.fr/produits/bouchon-pour-tuyau-cuivre-a-sertir-d-12-mm-96548381.html,,
LM-96553115,product_found_image_failed,https://www.leroymerlin.fr/produits/lot-de-50-raccords-pour-tuyau-multicouche-a-visser-a-sertir-d-16-mm-equation-96553115.html,,
LM-96553120,product_found_image_failed,https://www.leroymerlin.fr/produits/lot-de-30-raccords-pour-tuyau-multicouche-a-visser-a-sertir-d-20mm-equation-96553120.html,,
LM-96928833,product_found_image_failed,https://www.leroymerlin.fr/produits/lot-de-4-cartouches-pour-fixation-chimique-beige-standers-300-ml-96928833.html,,
LM-96958372,product_found_image_failed,https://www.leroymerlin.fr/produits/porte-coulissante-sur-rail-porte-zelie-vitree-83-cm-rail-grapho-noir-artens-96958372.html,,
LM-96958373,product_found_image_failed,https://www.leroymerlin.fr/produits/porte-coulissante-sur-rail-porte-zelie-vitree-73-cm-rail-grapho-noir-artens-96958373.html,,
LM-96958412,product_found_image_failed,https://www.leroymerlin.fr/produits/porte-coulissante-sur-rail-porte-atelier-vitree-93-cm-rail-indus-noir-artens-96958412.html,,
LM-96958413,product_found_image_failed,https://www.leroymerlin.fr/produits/porte-coulissante-sur-rail-porte-atelier-vitree-83-cm-rail-indus-noir-artens-96958413.html,,
LM-96958414,product_found_image_failed,https://www.leroymerlin.fr/produits/porte-coulissante-sur-rail-porte-atelier-vitree-73-cm-rail-indus-noir-artens-96958414.html,,
LM-96958415,product_found_image_failed,https://www.leroymerlin.fr/produits/porte-coulissante-sur-rail-porte-atelier-vitree-63-cm-rail-indus-noir-artens-96958415.html,,
LM-96958426,product_found_image_failed,https://www.leroymerlin.fr/produits/porte-coulissante-sur-rail-porte-lia-anthracite-63-cm-rail-loft-noir-artens-96958426.html,,
LM-97276304,product_found_image_failed,https://www.leroymerlin.fr/produits/membrane-pare-vapeur-stopvap-20-x-1-5m-30-m2-isover-97276304.html,,
LM-97667945,product_found_image_failed,https://www.leroymerlin.fr/produits/dalle-de-construction-osb-naturel-kronospan-l-250-x-l-62-5-cm-ep-18-mm-97667945.html,,
LM-98220538,product_found_image_failed,https://www.leroymerlin.fr/produits/panneau-osb3-naturel-kronospan-ep-18-mm-x-l-125-x-l-250-cm-98220538.html,,
LM-99394707,product_found_image_failed,https://www.leroymerlin.fr/produits/bouche-extraction-pvc-aldes-pour-salle-de-bain-diametre-80-mm-99394707.html,,
