SKU,status,engine,source_image_url,source_page_url,hosted_image_url
LM-13783,recovered,bing,https://www.pelionproperties.com/propertyimages/H5116 KOROPI 01.jpg,https://www.pelionproperties.com/pelion-greece-houses-796.php,https://raw.githubusercontent.com/nuancedegreg-blip/Sumup-images/main/images_v6/LM-13783.jpg
LM-13825,recovered,bing,https://bloodyelbow.com/wp-content/uploads/1/2025/10/GettyImages-2238994939-1024x683.jpg,https://bloodyelbow.com/2026/03/22/alex-pereira-reveals-if-he-plans-to-finish-his-ufc-career-at-heavyweight/,https://raw.githubusercontent.com/nuancedegreg-blip/Sumup-images/main/images_v6/LM-13825.jpg
LM-14458542,recovered,bing,https://teethonwheels.com.au/wp-content/uploads/2018/08/ssc.jpg,https://teethonwheels.com.au/consent-forms/child-stainless-steel-crown-consent/,https://raw.githubusercontent.com/nuancedegreg-blip/Sumup-images/main/images_v6/LM-14458542.jpg
LM-17235386,recovered,bing,https://i.ytimg.com/vi/jKr-1zehTIM/maxresdefault.jpg,https://www.youtube.com/watch?v=jKr-1zehTIM,https://raw.githubusercontent.com/nuancedegreg-blip/Sumup-images/main/images_v6/LM-17235386.jpg
LM-17860864,recovered,bing,https://www.puntodepartida.co/wp-content/uploads/2024/07/Sabana-Crespo.jpg,https://www.puntodepartida.co/registraduria-nacional-realizo-jornada-de-identificacion-en-sabana-crespo/,https://raw.githubusercontent.com/nuancedegreg-blip/Sumup-images/main/images_v6/LM-17860864.jpg
LM-19095790,recovered,bing,https://i.ytimg.com/vi/UW65VzLVjGs/maxresdefault.jpg?sqp=-oaymwEmCIAKENAF8quKqQMa8AEB-AH-CYAC0AWKAgwIABABGH8gFigTMA8=&rs=AOn4CLCzW9DH7gRS5kVMF2_bo_xwwywaCw,https://www.youtube.com/watch?v=UW65VzLVjGs,https://raw.githubusercontent.com/nuancedegreg-blip/Sumup-images/main/images_v6/LM-19095790.jpg
LM-35737030,recovered,bing,https://static-ca-cdn.eporner.com/photos/760583.jpg,https://www.eporner.com/photo/Eaetj3uJTMX/Nadya-aka-Bunny-Colby/,https://raw.githubusercontent.com/nuancedegreg-blip/Sumup-images/main/images_v6/LM-35737030.jpg
LM-35763784,recovered,bing,https://wallpapercave.com/wp/wp9554745.jpg,https://ar.inspiredpencil.com/pictures-2023/michelangelo-pieta-wallpaper,https://raw.githubusercontent.com/nuancedegreg-blip/Sumup-images/main/images_v6/LM-35763784.jpg
LM-4040855,recovered,bing,https://www.festivos.com.co/img/calendarios/2026_calendario_es_1_4104676_sm.jpg,https://www.festivos.com.co/calendario,https://raw.githubusercontent.com/nuancedegreg-blip/Sumup-images/main/images_v6/LM-4040855.jpg
LM-4040862,recovered,bing,https://images.tcdn.com.br/img/img_prod/1187341/catraca_automatica_traseira_lado_esquerdo_vw_ford_3275v1140_23864_1_632833570b1fb3ed0f5d5af733d759d1.jpeg,https://www.dwdiesel.com.br/mecanica/catraca-automatica-traseira-lado-esquerdo-vw-ford-3275v1140,https://raw.githubusercontent.com/nuancedegreg-blip/Sumup-images/main/images_v6/LM-4040862.jpg
LM-4040876,recovered,bing,https://d5dkjitd3iude.cloudfront.net/eyJidWNrZXQiOiJ3d3cudGhlZWRnZXByb3BlcnR5LmNvbS5teSIsImtleSI6InMzZnMtcHVibGljXC8xMDcwMjNfMTc2MjQ4MzYyNl81RWRnUHJvNV9uby5jMTQ2MDFibG9ja2MxcmNyZXNpZGVuY2VzcmVzaWRlbnNpYmFuZGFycmF6YWtuby4xamFsYW5yYXpha21hbnNpb25zdW5nYWliXzAuanBnIiwiZWRpdHMiOnsicmVzaXplIjp7ImZpdCI6Im91dHNpZGUiLCJ3aWR0aCI6MzAwLCJoZWlnaHQiOjIwMH19fQ==,https://www.edgeprop.my/listing/sale/3701830/razak-city-residences-for-sale-by-kendra-kam,https://raw.githubusercontent.com/nuancedegreg-blip/Sumup-images/main/images_v6/LM-4040876.jpg
LM-4040883,recovered,bing,https://i.pinimg.com/736x/af/2d/57/af2d572c62852bb9d1e637eecba869f6.jpg,https://www.pinterest.com/pin/1117455726273454522/,https://raw.githubusercontent.com/nuancedegreg-blip/Sumup-images/main/images_v6/LM-4040883.jpg
LM-437024,recovered,bing,https://i.pinimg.com/originals/a4/9e/e3/a49ee3b41777d9e376b41886b8f8d40d.jpg,https://opinionmind16.netlify.app/hairstyles-for-thinning-wavy-hair-men,https://raw.githubusercontent.com/nuancedegreg-blip/Sumup-images/main/images_v6/LM-437024.jpg
LM-53110442,recovered,bing,https://www.instyle.com/thmb/S4TfedqFCPEjas0bAylU7wScEO8=/1500x0/filters:no_upscale():max_bytes(150000):strip_icc()/GettyImages-52102997-ce1ee212bd2749d3a28a40b4b43defe7.jpg,https://www.instyle.com/highgrove-house-11912985,https://raw.githubusercontent.com/nuancedegreg-blip/Sumup-images/main/images_v6/LM-53110442.jpg
LM-53132184,recovered,bing,https://kochresearch.com/wp-content/uploads/2025/01/what-does-kidney-disease-rash-look-like.jpg,https://fity.club/lists/suggestions/kidney-disease-symptoms-rash/,https://raw.githubusercontent.com/nuancedegreg-blip/Sumup-images/main/images_v6/LM-53132184.jpg
LM-53162970,recovered,bing,https://www.nme.com/wp-content/uploads/2023/04/blackpink-coachella-2023.jpg,https://www.nme.com/blogs/blackpink-coachella-2023-k-pop-superstars-headline-set-3431069,https://raw.githubusercontent.com/nuancedegreg-blip/Sumup-images/main/images_v6/LM-53162970.jpg
LM-56031360,recovered,bing,https://jooinn.com/images/wild-jaguar-31.jpg,https://jooinn.com/wild-jaguar-6.html,https://raw.githubusercontent.com/nuancedegreg-blip/Sumup-images/main/images_v6/LM-56031360.jpg
LM-56031416,recovered,bing,https://media.thisvid.com/contents/videos_screenshots/10396000/10396897/preview.jpg,https://thisvid.com/videos/ebony-outdoor-piss3/,https://raw.githubusercontent.com/nuancedegreg-blip/Sumup-images/main/images_v6/LM-56031416.jpg
LM-56031451,recovered,bing,https://static01.nyt.com/images/2023/10/31/world/31israel-hamas-yemen-houthis/31israel-hamas-yemen-houthis-jumbo.jpg?quality=75&auto=webp,https://www.nytimes.com/2023/10/31/world/middleeast/yemen-houthi-militia-israel.html,https://raw.githubusercontent.com/nuancedegreg-blip/Sumup-images/main/images_v6/LM-56031451.jpg
LM-56031465,recovered,bing,https://wallpaperaccess.com/full/9322819.jpg,https://wallpaperaccess.com/tatakae,https://raw.githubusercontent.com/nuancedegreg-blip/Sumup-images/main/images_v6/LM-56031465.jpg
LM-56031633,recovered,bing,https://imgv2-2-f.scribdassets.com/img/document/760185371/original/e80f8eba30/1?v=1,https://www.scribd.com/presentation/760185371/Processo-de-Descarte-de-Ativos-Inutilizaveis,https://raw.githubusercontent.com/nuancedegreg-blip/Sumup-images/main/images_v6/LM-56031633.jpg
LM-56031675,recovered,bing,http://pontodoconhecimento.com/wp-content/uploads/2023/10/1-3.png,https://pontodoconhecimento.com/numeros-romanos/,https://raw.githubusercontent.com/nuancedegreg-blip/Sumup-images/main/images_v6/LM-56031675.jpg
LM-56031724,recovered,bing,https://c8.alamy.com/comp/2R2J8FR/the-iconic-waterfall-of-mulafossur-gasadalur-vagar-faroe-islands-denmark-northern-europe-europe-2R2J8FR.jpg,https://www.alamy.com/the-iconic-waterfall-of-mulafossur-gasadalur-vagar-faroe-islands-denmark-northern-europe-europe-image552362939.html,https://raw.githubusercontent.com/nuancedegreg-blip/Sumup-images/main/images_v6/LM-56031724.jpg
LM-56031745,recovered,bing,https://i.etsystatic.com/40992497/r/il/ed3a03/4733396113/il_1080xN.4733396113_slo3.jpg,https://www.etsy.com/listing/1415980290/vehicle-parts-bill-of-sale-used-parts,https://raw.githubusercontent.com/nuancedegreg-blip/Sumup-images/main/images_v6/LM-56031745.jpg
LM-56032494,no_downloadable_image,bing,"https://www.usatoday.com/gcdn/authoring/authoring-images/2026/08/18/USAT/91353418007-natalie-harp.jpg?crop=1919,1079,x0,y0&width=1919&height=1079&format=pjpg&auto=webp",https://www.usatoday.com/story/news/trump/2026/08/20/natalie-harp-white-house-president-trump/91383184007/,
LM-56032501,recovered,bing,https://i.pinimg.com/originals/07/1c/39/071c397745d1e4730865e65dc40c34c0.jpg,https://www.pinterest.com/pin/779333910489740738/,https://raw.githubusercontent.com/nuancedegreg-blip/Sumup-images/main/images_v6/LM-56032501.jpg
LM-56032543,recovered,bing,https://i.etsystatic.com/8940891/r/il/369f22/5623048465/il_fullxfull.5623048465_9ygi.jpg,https://qaqooking.wiki/all/how-to/glitter-welcome-sign,https://raw.githubusercontent.com/nuancedegreg-blip/Sumup-images/main/images_v6/LM-56032543.jpg
LM-56032550,recovered,bing,https://i.ytimg.com/vi/TEjNF56G87I/maxresdefault.jpg,https://narodnatribuna.info/lists/p/pbs-kids-nick-jr-nbkomputer/,https://raw.githubusercontent.com/nuancedegreg-blip/Sumup-images/main/images_v6/LM-56032550.jpg
LM-56032564,recovered,bing,https://rohtakdomesroof.in/wp-content/uploads/2025/01/IMG_827-1.jpeg,https://rohtakdomesroof.in/services/largest-vault-dome-in-vadodara-gujarat-33-6-ft-x-27-ft/,https://raw.githubusercontent.com/nuancedegreg-blip/Sumup-images/main/images_v6/LM-56032564.jpg
LM-56174965,recovered,bing,https://blog.1invites.com/wp-content/uploads/2024/09/elegant-blank-wedding-card-template.jpg,https://fity.club/lists/i/invtation-blank-template/,https://raw.githubusercontent.com/nuancedegreg-blip/Sumup-images/main/images_v6/LM-56174965.jpg
LM-56175063,recovered,bing,https://www.eliftruck.com/photos/g/uOc5fh7ZQudkAwFJREHQ.jpg?process=1,https://www.eliftruck.com/details/831488-2792/year-2016-fuel-Electric-make-Raymond-model-960-CSR30T/type-Electric-Man-Up-Swing-Reach-Turret-capacity-3000-condition-used,https://raw.githubusercontent.com/nuancedegreg-blip/Sumup-images/main/images_v6/LM-56175063.jpg
LM-56175091,recovered,bing,https://cdn.sex.com/images/pinporn/2022/09/22/28090782.gif?width=620,https://pl.sex.com/pin/64874153-katerina-hartlova-cum-in-mouth/,https://raw.githubusercontent.com/nuancedegreg-blip/Sumup-images/main/images_v6/LM-56175091.jpg
LM-56175231,recovered,bing,https://images.microcms-assets.io/assets/973fc097984b400db8729642ddff5938/549e1dc6e86f440e993a284d032b9e3d/tmoperao_02.png,https://umapyoi.net/character/tm-opera-o,https://raw.githubusercontent.com/nuancedegreg-blip/Sumup-images/main/images_v6/LM-56175231.jpg
LM-56178815,recovered,bing,https://media.tenor.com/nv_OMIJpUAIAAAAM/sexy-leaning.gif,https://tenor.com/search/sexy-christmas-girls-naked-gifs,https://raw.githubusercontent.com/nuancedegreg-blip/Sumup-images/main/images_v6/LM-56178815.jpg
LM-56178836,recovered,bing,https://media.tenor.com/98-3QtLrpeIAAAAM/elmo-hell.gif,https://tenor.com/view/welcome-to-hell-gif-17332456927805937531,https://raw.githubusercontent.com/nuancedegreg-blip/Sumup-images/main/images_v6/LM-56178836.jpg
LM-56178871,recovered,bing,https://cdn.bioguia.com/embed/51b36f6fcd84da62c38be4a4234e9db00eb1681702960/AdobeStock_555329972.jpeg,https://www.bioguia.com/ambiente/impacto-ambiental-ejemplos-consecuencias_114344445.html,https://raw.githubusercontent.com/nuancedegreg-blip/Sumup-images/main/images_v6/LM-56178871.jpg
LM-56178976,recovered,bing,https://noticias-ahora.com/wp-content/uploads/2022/01/Mandocas.jpg,https://noticias-ahora.com/receta-tierra-sol-amada-deliciosas-mandocas/,https://raw.githubusercontent.com/nuancedegreg-blip/Sumup-images/main/images_v6/LM-56178976.jpg
LM-60018595,recovered,bing,http://onlookersmedia.in/wp-content/uploads/2021/03/dulquer-salmaans-kurup-teaser-release-date-poster-2.jpg,https://onlookersmedia.in/latestnews/dulquer-salmaans-kurup-teaser-release-date-announced/,https://raw.githubusercontent.com/nuancedegreg-blip/Sumup-images/main/images_v6/LM-60018595.jpg
LM-60018602,recovered,bing,"https://hips.hearstapps.com/hmg-prod/images/dog-puppy-on-garden-royalty-free-image-1586966191.jpg?crop=1xw:0.74975xh;0,0.190xh",https://www.goodhousekeeping.com/uk/lifestyle/g64606224/cutest-dog-breeds/,https://raw.githubusercontent.com/nuancedegreg-blip/Sumup-images/main/images_v6/LM-60018602.jpg
LM-60018616,recovered,bing,https://media.wired.com/photos/6580ba9fc9d019ec4391c2b9/3:2/w_2560%2Cc_limit/Reuelto_Grigio%2520Telesto_001.jpg,https://www.wired.com/story/lamborghini-revuelto-2024-review/,https://raw.githubusercontent.com/nuancedegreg-blip/Sumup-images/main/images_v6/LM-60018616.jpg
LM-60018623,no_downloadable_image,bing,https://mms.businesswire.com/media/20220411005183/en/1416283/23/Heartland_Advisor_Logo.jpg,https://www.businesswire.com/news/home/20220411005183/en/Heartland-Group-Elects-Two-New-Directors-Expanding-and-Strengthening-Its-Board,
LM-60499761,recovered,bing,https://media.istockphoto.com/id/1610877384/photo/hickory-nc.jpg?s=1024x1024&w=is&k=20&c=OG5gcLblvqdw0mplcnclXktxMzvjsjXSa8TZrio_jTM=,https://www.istockphoto.com/photo/hickory-nc-gm1610877384-530928882,https://raw.githubusercontent.com/nuancedegreg-blip/Sumup-images/main/images_v6/LM-60499761.jpg
LM-60499782,recovered,bing,https://www.wikihow.com/images/2/2d/Types-of-Beards-Summary-Version-2.jpg,https://narodnatribuna.info/lists/s/a-barbers-chart-illustrating-hair-styles-beards/,https://raw.githubusercontent.com/nuancedegreg-blip/Sumup-images/main/images_v6/LM-60499782.jpg
LM-60655231,recovered,bing,https://cdn.modrinth.com/data/FslqwtOG/images/bf8c53833dc1b41773a3e7224e4b682459f9c871.png,https://modrinth.com/resourcepack/smarter-chutes/gallery,https://raw.githubusercontent.com/nuancedegreg-blip/Sumup-images/main/images_v6/LM-60655231.jpg
LM-61367971,recovered,bing,https://images-wixmp-ed30a86b8c4ca887773594c2.wixmp.com/f/927b3542-9619-419b-b22c-6d9544df9fbe/dfoi84g-f86345cb-d45b-4416-8fad-5fa4f4bd8d5a.jpg?token=eyJ0eXAiOiJKV1QiLCJhbGciOiJIUzI1NiJ9.eyJzdWIiOiJ1cm46YXBwOjdlMGQxODg5ODIyNjQzNzNhNWYwZDQxNWVhMGQyNmUwIiwiaXNzIjoidXJuOmFwcDo3ZTBkMTg4OTgyMjY0MzczYTVmMGQ0MTVlYTBkMjZlMCIsIm9iaiI6W1t7InBhdGgiOiJcL2ZcLzkyN2IzNTQyLTk2MTktNDE5Yi1iMjJjLTZkOTU0NGRmOWZiZVwvZGZvaTg0Zy1mODYzNDVjYi1kNDViLTQ0MTYtOGZhZC01ZmE0ZjRiZDhkNWEuanBnIn1dXSwiYXVkIjpbInVybjpzZXJ2aWNlOmZpbGUuZG93bmxvYWQiXX0.eXTHOJXpAvVc__lTW9JcyZu7CcrohBt4bVdvCQQeWf4,https://www.deviantart.com/morteneng21/art/Peanuts-Snoopy-and-Woodstock-948153760,https://raw.githubusercontent.com/nuancedegreg-blip/Sumup-images/main/images_v6/LM-61367971.jpg
LM-61368006,recovered,bing,https://cdn.amomama.com/aa0b26a8ba70f3d2d4182dc5fa7b141e.jpeg,https://dse.firemergency.de/who-is-nick-vujicics-wife-_-nick-vujicic-family/,https://raw.githubusercontent.com/nuancedegreg-blip/Sumup-images/main/images_v6/LM-61368006.jpg
LM-6150123,recovered,bing,https://westernweekender.com.au/wp-content/uploads/bottlehsop.jpg,https://www.westernweekender.com.au/2023/08/spike-in-bottle-shop-robberies-a-concern/,https://raw.githubusercontent.com/nuancedegreg-blip/Sumup-images/main/images_v6/LM-6150123.jpg
LM-61564545,recovered,bing,https://i.pinimg.com/originals/20/1b/30/201b30cb3a18255a2fd670d2266feaea.png,https://www.artofit.org/image-gallery/112027110573206421/necco-assorted-original-candy-wafers-3-lbs-24-ct-size-24-pieces-2-2oz-rolls/,https://raw.githubusercontent.com/nuancedegreg-blip/Sumup-images/main/images_v6/LM-61564545.jpg
LM-61564573,recovered,bing,https://i.pinimg.com/originals/62/f6/6c/62f66c0c5abe189e76db98f4693663bc.jpg,https://storage.googleapis.com/dpynqjlcwtmwje/us-history-fact-of-the-day.html,https://raw.githubusercontent.com/nuancedegreg-blip/Sumup-images/main/images_v6/LM-61564573.jpg
LM-61633663,recovered,bing,https://greensborosymphony.org/wp-content/uploads/2024/06/IMG_1518-e1718666002971.jpg,https://greensborosymphony.org/,https://raw.githubusercontent.com/nuancedegreg-blip/Sumup-images/main/images_v6/LM-61633663.jpg
LM-61647075,recovered,bing,https://upload.wikimedia.org/wikipedia/commons/thumb/1/18/Sterol_synthesis.svg/330px-Sterol_synthesis.svg.png,https://ca.wikipedia.org/wiki/Metabolisme_dels_esteroides,https://raw.githubusercontent.com/nuancedegreg-blip/Sumup-images/main/images_v6/LM-61647075.jpg
LM-62227774,recovered,bing,https://i.pinimg.com/originals/14/10/6f/14106fe2bc3b4c26c05c818df20d0c05.jpg,https://www.pinterest.com/pin/220324606743263957/,https://raw.githubusercontent.com/nuancedegreg-blip/Sumup-images/main/images_v6/LM-62227774.jpg
LM-62227781,recovered,bing,https://img.freepik.com/premium-photo/realistic-caribou-single-line-drawing-minimalistic-style_899449-612157.jpg,https://www.freepik.com/photos/animal-figure-drawing,https://raw.githubusercontent.com/nuancedegreg-blip/Sumup-images/main/images_v6/LM-62227781.jpg
LM-62227900,recovered,bing,https://images.twnmm.com/c55i45ef3o2a/64YAWooNfLPMccaWeWZj5V/49046e5b70ecb8717dd454c19e172f7f/Frank_Reardon_Iqaluit__Nunavut.jpg?fm=webp&q=80&w=2048,https://www.theweathernetwork.com/en/news/weather/forecasts/winter-is-coming-intense-12-hour-blizzard-seen-in-canadas-north-iqaluit-nunavut,https://raw.githubusercontent.com/nuancedegreg-blip/Sumup-images/main/images_v6/LM-62227900.jpg
LM-62227921,recovered,bing,https://yourthaiguide.com/wp-content/uploads/2019/07/Your-Thai-Guide-MOCA-2.jpg,https://yourthaiguide.com/museum-of-contemporary-art-bangkok-home-to-one-of-thailands-finest-collections-of-modern-art/,https://raw.githubusercontent.com/nuancedegreg-blip/Sumup-images/main/images_v6/LM-62227921.jpg
LM-62227956,recovered,bing,https://cdn11.bigcommerce.com/s-dw9y1y4bh/images/stencil/1280x1280/products/26441/42138/Reciprocating-Saw-GSA18V-126N-Bosch-Walkaround__77053.1778271622.jpg?c=1,https://troxten.com/bosch-gsa18v126n-profactor-18v-cordless-brushless-1-1-4-inch-reciprocating-saw-tool-only/,https://raw.githubusercontent.com/nuancedegreg-blip/Sumup-images/main/images_v6/LM-62227956.jpg
LM-62675683,recovered,bing,https://thumbs.dreamstime.com/b/collection-set-classic-italian-alcoholic-drinks-doodle-cartoon-hipster-style-vector-poster-size-illustration-isolated-237412645.jpg,https://www.dreamstime.com/collection-set-classic-italian-alcoholic-drinks-doodle-cartoon-hipster-style-vector-poster-size-illustration-isolated-image237412645,https://raw.githubusercontent.com/nuancedegreg-blip/Sumup-images/main/images_v6/LM-62675683.jpg
LM-62676026,recovered,bing,https://static0.gamerantimages.com/wordpress/wp-content/uploads/2024/12/mixcollage-06-dec-2024-03-09-pm-3912.jpg,https://gamerant.com/rocket-league-season-17-extension-s18-teaser-crossbar-ping/,https://raw.githubusercontent.com/nuancedegreg-blip/Sumup-images/main/images_v6/LM-62676026.jpg
LM-62900131,recovered,bing,https://sta.uwi.edu/newspics/2025/USNavyBandAug2025.jpg,https://sta.uwi.edu/news/notices/notice.asp?id=27619,https://raw.githubusercontent.com/nuancedegreg-blip/Sumup-images/main/images_v6/LM-62900131.jpg
LM-62900236,recovered,bing,https://blogs.ubc.ca/communicatingscience2017w211/files/2018/01/Carbon-cycle.jpg,https://blogs.ubc.ca/communicatingscience2017w211/tag/carbon-cycle/,https://raw.githubusercontent.com/nuancedegreg-blip/Sumup-images/main/images_v6/LM-62900236.jpg
LM-62900355,recovered,bing,https://wallpapers.com/images/hd/winter-season-pictures-hs94wigfspc80x8o.jpg,https://wallpapers.com/winter-season-pictures,https://raw.githubusercontent.com/nuancedegreg-blip/Sumup-images/main/images_v6/LM-62900355.jpg
LM-62900481,recovered,bing,https://iaipie.com/wp-content/uploads/2026/08/deepseek_harness_review_cover_cropped.jpg,https://iaipie.com/deepseek-harness%E6%B7%B1%E5%BA%A6%E6%B5%8B%E8%AF%84%EF%BC%9A%E4%B8%80%E5%88%87%E7%9A%86%E6%8F%92%E4%BB%B6%E7%9A%84agent%E8%BF%90%E8%A1%8C%E6%97%B6%E5%A6%82%E4%BD%95%E9%87%8D%E5%A1%91ai%E7%BC%96/,https://raw.githubusercontent.com/nuancedegreg-blip/Sumup-images/main/images_v6/LM-62900481.jpg
LM-62900733,recovered,bing,https://www.corposflex.com/image/data/applied-nutrition/applied-nutrition-vitamin-b-complex-supplement-facts.jpg,https://www.corposflex.com/en/applied-nutrition-vitamin-b-complex-90-tablets,https://raw.githubusercontent.com/nuancedegreg-blip/Sumup-images/main/images_v6/LM-62900733.jpg
LM-62900873,recovered,bing,https://i.pinimg.com/originals/8d/24/51/8d24510bb349be0af2e477c917a22137.jpg,https://www.pinterest.com/pin/842384305326127229/,https://raw.githubusercontent.com/nuancedegreg-blip/Sumup-images/main/images_v6/LM-62900873.jpg
LM-63024780,recovered,bing,https://pbs.twimg.com/media/EpYhW2cUcAA1hY-.jpg:large,https://ar.inspiredpencil.com/pictures-2023/asiong-salonga-poster,https://raw.githubusercontent.com/nuancedegreg-blip/Sumup-images/main/images_v6/LM-63024780.jpg
LM-63064624,recovered,bing,https://i.ebayimg.com/images/g/Lu0AAOSwT6lj-nZI/s-l1600.jpg,https://www.ebay.com/itm/126114294928,https://raw.githubusercontent.com/nuancedegreg-blip/Sumup-images/main/images_v6/LM-63064624.jpg
LM-63064680,recovered,bing,https://seeklogo.com/images/J/javascript-logo-8892AEFCAC-seeklogo.com.png,https://seeklogo.com/free-vector-logos/javascript,https://raw.githubusercontent.com/nuancedegreg-blip/Sumup-images/main/images_v6/LM-63064680.jpg
LM-63064715,recovered,bing,https://bringatrailer.com/wp-content/uploads/2022/12/2012_volkswagen_beetle_img_1111-9-1-27156.jpg,https://bringatrailer.com/listing/2012-volkswagen-beetle-9/,https://raw.githubusercontent.com/nuancedegreg-blip/Sumup-images/main/images_v6/LM-63064715.jpg
LM-63064722,recovered,bing,https://switzerland-tour.com/storage/media/Zurich/Zurich-s-Old-Town.jpg,https://switzerland-tour.com/destinations/zurich,https://raw.githubusercontent.com/nuancedegreg-blip/Sumup-images/main/images_v6/LM-63064722.jpg
LM-63064750,recovered,bing,https://i.pinimg.com/originals/74/6e/18/746e18d782f4ac2ba9f14874bade26d0.jpg,https://bse.skposse.com/cosplay-katsuki-bakugo-katsuki-bakugou-cosplay/,https://raw.githubusercontent.com/nuancedegreg-blip/Sumup-images/main/images_v6/LM-63064750.jpg
LM-63245672,recovered,bing,https://www.logicerp.com/blog/wp-content/uploads/2024/10/Blog-Cover-Apparel-ERP-Software-2.jpg,https://www.logicerp.com/blog/why-should-you-invest-in-logic-erp-software-for-your-apparel-business/,https://raw.githubusercontent.com/nuancedegreg-blip/Sumup-images/main/images_v6/LM-63245672.jpg
LM-63278516,no_downloadable_image,bing,https://lookaside.fbsbx.com/lookaside/crawler/media/?media_id=926175686575819,https://www.facebook.com/WPIAL7/posts/926176453242409/,
LM-63278656,recovered,bing,https://cdn.prod.website-files.com/621e95f9ac30687a56e4297e/65dcfd735255eb6872da8794_V2_1707946031758_82d93110-30bc-489f-9491-ffc591a12d70_HIGH_RES.png,https://qaqooking.wiki/all/how-to/farming-symbol,https://raw.githubusercontent.com/nuancedegreg-blip/Sumup-images/main/images_v6/LM-63278656.jpg
LM-63278754,recovered,bing,https://www.ilusso.com/imagetag/2156/main/l/Used-2017-Lamborghini-Huracan-LP-580-2-1692749984.jpg,https://ar.inspiredpencil.com/pictures-2023/lime-green-lamborghini-huracan,https://raw.githubusercontent.com/nuancedegreg-blip/Sumup-images/main/images_v6/LM-63278754.jpg
LM-63278761,recovered,bing,https://images.pexels.com/photos/355403/pexels-photo-355403.jpeg?cs=srgb&dl=pexels-pixabay-355403.jpg&fm=jpg,https://www.pexels.com/search/Winter Landscape with Snow/,https://raw.githubusercontent.com/nuancedegreg-blip/Sumup-images/main/images_v6/LM-63278761.jpg
LM-63278782,recovered,bing,https://i5.fapality.com/contents/albums/sources/1000/1271/53624.jpg,https://fapality.com/photos/1271/naughty-mature-porn-pictures/image53624/,https://raw.githubusercontent.com/nuancedegreg-blip/Sumup-images/main/images_v6/LM-63278782.jpg
LM-63278831,recovered,bing,https://www.abc27.com/wp-content/uploads/sites/55/2025/07/from-show.png?w=900,https://www.abc27.com/local-news/york-county-area-suffers-flooding-damages-from-storms/,https://raw.githubusercontent.com/nuancedegreg-blip/Sumup-images/main/images_v6/LM-63278831.jpg
LM-63279622,recovered,bing,https://images.gr-assets.com/hostedimages/1527945460ra/25638433.gif,https://www.goodreads.com/book/show/38456737-tattered,https://raw.githubusercontent.com/nuancedegreg-blip/Sumup-images/main/images_v6/LM-63279622.jpg
LM-63279664,recovered,bing,https://swiftsly.com/wp-content/uploads/2024/01/61J2jRqj5vL.jpg,https://swiftsly.com/shop/superdo-foam-sword-practice-swords-sparring-training-stick-double-pack-red-blue/,https://raw.githubusercontent.com/nuancedegreg-blip/Sumup-images/main/images_v6/LM-63279664.jpg
LM-63279671,recovered,bing,https://media-cdn.tripadvisor.com/media/photo-s/15/50/a1/4c/the-black-heart-cafe.jpg,https://www.tripadvisor.ca/Restaurant_Review-g183793-d14729404-Reviews-Black_Heart_Cafe-Iqaluit_Nunavut.html,https://raw.githubusercontent.com/nuancedegreg-blip/Sumup-images/main/images_v6/LM-63279671.jpg
LM-63279720,recovered,bing,https://www.belloflostsouls.net/wp-content/uploads/2022/03/needle-of-mending.png,https://ar.inspiredpencil.com/pictures-2023/magic-dagger,https://raw.githubusercontent.com/nuancedegreg-blip/Sumup-images/main/images_v6/LM-63279720.jpg
LM-63282184,recovered,bing,https://i.pinimg.com/736x/a4/22/df/a422df96cf165069a1dd6a3355597bac.jpg,https://www.pinterest.com/pin/shop-vibes-in-2024--623396773447242560/,https://raw.githubusercontent.com/nuancedegreg-blip/Sumup-images/main/images_v6/LM-63282184.jpg
LM-63283395,recovered,bing,https://papodeadministracao.com/wp-content/uploads/2023/06/TEORIA-DAS-RELACOES-HUMANAS-930x620.png,https://dsw.aau.edu.et/stu/teoria-das-relacoes-humanas.html,https://raw.githubusercontent.com/nuancedegreg-blip/Sumup-images/main/images_v6/LM-63283395.jpg
LM-63580881,recovered,bing,https://dacardworld1.imgix.net/13ttributewbc1.jpg?auto=format%2Ccompress&fm=jpg&h=1800&ixlib=php-3.3.1&w=1800&s=a763d52a301323d84406fa09f2561a72,https://www.dacardworld.com/sports-cards/2013-topps-tribute-baseball-wbc-edition-hobby-box,https://raw.githubusercontent.com/nuancedegreg-blip/Sumup-images/main/images_v6/LM-63580881.jpg
LM-63937636,recovered,bing,https://i.ytimg.com/vi/uavbdx4YZi8/maxresdefault.jpg,https://www.youtube.com/watch?v=uavbdx4YZi8,https://raw.githubusercontent.com/nuancedegreg-blip/Sumup-images/main/images_v6/LM-63937636.jpg
LM-63937643,recovered,bing,https://d6qwfb5pdou4u.cloudfront.net/product-images/6530001-6540000/6533436/1648113988ddd26c8437b8564fb20f2d5e18ed33de/1500-1500-frame-0.jpg,https://www.aptdeco.com/product/crate-and-barrel-paloma-dining-table,https://raw.githubusercontent.com/nuancedegreg-blip/Sumup-images/main/images_v6/LM-63937643.jpg
LM-63937762,recovered,bing,https://www.forecom-solutions.com/hubfs/activecampaign-vector-logo.png,https://www.forecom-solutions.com/en/blog/activecampaign,https://raw.githubusercontent.com/nuancedegreg-blip/Sumup-images/main/images_v6/LM-63937762.jpg
LM-64212365,recovered,bing,https://www.basicfun.com/wp-content/uploads/2023/12/00510_LittlestPetShop_Hero_FarmBesties-1L.jpg,https://storage.googleapis.com/hanfeltricok/littlest-pet-shop-playsets.html,https://raw.githubusercontent.com/nuancedegreg-blip/Sumup-images/main/images_v6/LM-64212365.jpg
LM-64249626,recovered,bing,https://www.wikidates.org/mx/2026/calendario-diciembre-2026-03.png,https://www.wikidates.org/mx/calendario-diciembre-2026.html,https://raw.githubusercontent.com/nuancedegreg-blip/Sumup-images/main/images_v6/LM-64249626.jpg
LM-64923936,recovered,bing,https://img.freepik.com/fotos-premium/coleccion-logotipos-redes-sociales-sobre-fondo-blanco_23-2147841277.jpg?w=2000,https://www.freepik.es/fotos-premium/coleccion-logotipos-redes-sociales-sobre-fondo-blanco_2587007.htm,https://raw.githubusercontent.com/nuancedegreg-blip/Sumup-images/main/images_v6/LM-64923936.jpg
LM-64931454,recovered,bing,"https://adaptive-images.uooucdn.com.br/ik-seo/tr:w-1100,h-1594,c-at_max,pr-true,q-80/a22434-ogxytnpxrt0/pv/8e/a3/d7/9b1fe1928590994e1d3873b6f1/kit-de-mala-pequena-de-bordo-porto-azul-e-amarelo-bolsa-confort-azul-e-amarelo-com-necessaire-confort-azul-e-amarelo-large-6.jpg",https://www.maloa.com.br/kit-de-mala-pequena-de-bordo-porto-azul-e-amarelo-bolsa-confort-azul-e-amarelo-com-necessaire-confort-azul-e-amarelo,https://raw.githubusercontent.com/nuancedegreg-blip/Sumup-images/main/images_v6/LM-64931454.jpg
LM-65104431,recovered,bing,https://static.vecteezy.com/system/resources/previews/029/749/180/original/croatia-flag-symbol-of-croatia-flag-croatia-colors-and-proportion-correctly-croatia-background-vector.jpg,https://www.vecteezy.com/vector-art/29749180-croatia-flag-symbol-of-croatia-vector-flag-croatia-colors-and-proportion-correctly-croatia-background,https://raw.githubusercontent.com/nuancedegreg-blip/Sumup-images/main/images_v6/LM-65104431.jpg
LM-65175173,recovered,bing,https://upload.wikimedia.org/wikipedia/en/8/8a/CentralIntelligencePoster.jpg,https://en.wikipedia.org/wiki/Central_Intelligence,https://raw.githubusercontent.com/nuancedegreg-blip/Sumup-images/main/images_v6/LM-65175173.jpg
LM-65331560,recovered,bing,https://i.pinimg.com/originals/34/a5/a2/34a5a2ab97fba13fe12d2b6b7e7d1398.jpg,https://www.pinterest.com/pin/404901822764920198/,https://raw.githubusercontent.com/nuancedegreg-blip/Sumup-images/main/images_v6/LM-65331560.jpg
LM-65544724,recovered,bing,https://a57.foxnews.com/cf-images.us-east-1.prod.boltdns.net/v1/static/694940094001/3bad7f12-9cad-4bb8-9a07-85ea675771f9/2b676f17-7230-4cef-bc92-db1bb2356b6b/1280x720/match/1024/512/image.jpg?ve=1&tl=1,https://www.foxnews.com/video/6184301717001,https://raw.githubusercontent.com/nuancedegreg-blip/Sumup-images/main/images_v6/LM-65544724.jpg
LM-65562490,recovered,bing,https://i.pinimg.com/736x/88/e3/f7/88e3f716a81288437ccbf45381c3d039.jpg,https://fity.club/lists/suggestions/actividad-de-fracciones-equivalentes/,https://raw.githubusercontent.com/nuancedegreg-blip/Sumup-images/main/images_v6/LM-65562490.jpg
LM-65764923,recovered,bing,https://static-ca-cdn.eporner.com/gallery/Ck/Gr/nrlFeeoGrCk/6278416-riley-reid-interracial-119.jpg,https://www.eporner.com/photo/SBUd4aPm7sT/Riley-Reid-Interracial-119/,https://raw.githubusercontent.com/nuancedegreg-blip/Sumup-images/main/images_v6/LM-65764923.jpg
LM-66090913,recovered,bing,https://imgv2-1-f.scribdassets.com/img/document/826825175/original/78b9da61dc/1?v=1,https://es.scribd.com/document/826825175/Funciones-Presidente-y-Secretario-de-Comite-1,https://raw.githubusercontent.com/nuancedegreg-blip/Sumup-images/main/images_v6/LM-66090913.jpg
LM-66271933,recovered,bing,https://www.europesays.com/spain/wp-content/uploads/2026/07/1785163688.jpeg,https://www.europesays.com/spain/61554/,https://raw.githubusercontent.com/nuancedegreg-blip/Sumup-images/main/images_v6/LM-66271933.jpg
LM-66272031,recovered,bing,https://i.ytimg.com/vi/M3qwQ57kkpI/maxresdefault.jpg,https://aspaen.edu.co/alcazares/?w=sentadilla-en-máquina-péndulo-cómo-hacerla-correctamente-ee-xGxlbxu2,https://raw.githubusercontent.com/nuancedegreg-blip/Sumup-images/main/images_v6/LM-66272031.jpg
LM-66272136,recovered,bing,"https://hips.hearstapps.com/hmg-prod/images/portrait-of-cat-sitting-outdoors-royalty-free-image-1701438826.jpg?crop=1xw:0.84366xh;center,top",https://fity.club/lists/suggestions/Dark-Brown-Tabby-Cat/,https://raw.githubusercontent.com/nuancedegreg-blip/Sumup-images/main/images_v6/LM-66272136.jpg
LM-66272171,recovered,bing,https://images.pexels.com/photos/7613/pexels-photo.jpg?cs=srgb&dl=city-downtown-new-york-7613.jpg&fm=jpg,https://www.pexels.com/photo/buildings-city-city-view-cityscape-597909/,https://raw.githubusercontent.com/nuancedegreg-blip/Sumup-images/main/images_v6/LM-66272171.jpg
LM-66272234,recovered,bing,https://i.pinimg.com/736x/71/cd/da/71cdda941128d284c9a6b10e64e3d078.jpg,https://www.pinterest.com/pin/feid-concert-outfits-men--140806231616200/,https://raw.githubusercontent.com/nuancedegreg-blip/Sumup-images/main/images_v6/LM-66272234.jpg
LM-66272311,recovered,bing,https://vikis.kvk.lt/lib/exe/fetch.php?w=400&h=225&tok=af9bb9&media=https%3A%2F%2Fvikis.kvk.lt%2F%2Flib%2Fplugins%2Fckgedit%2Ffckeditor%2Fuserfiles%2Fimage%2Fkt_sis%2Fmicrosoft-teams-emblem-700x394.png,https://vikis.kvk.lt/doku.php?id=lt:kt_sis:teams,https://raw.githubusercontent.com/nuancedegreg-blip/Sumup-images/main/images_v6/LM-66272311.jpg
LM-66272346,recovered,bing,https://modelwhispers.com/wp-content/uploads/2023/08/Alice-Goodwin.jpg,https://modelwhispers.com/alice-goodwin/,https://raw.githubusercontent.com/nuancedegreg-blip/Sumup-images/main/images_v6/LM-66272346.jpg
LM-66371711,recovered,bing,https://www.freepnglogos.com/uploads/google-logo-png/google-logo-png-google-icon-logo-png-transparent-svg-vector-bie-supply-14.png,https://www.freepnglogos.com/pics/google-logo,https://raw.githubusercontent.com/nuancedegreg-blip/Sumup-images/main/images_v6/LM-66371711.jpg
LM-66443720,recovered,bing,https://projetoacademico.com.br/wp-content/uploads/2022/03/exemplo-conclusao-tcc-1024x774.jpg,https://fdp.aau.edu.et/ipa/exemplos-de-conclusao-tcc.html,https://raw.githubusercontent.com/nuancedegreg-blip/Sumup-images/main/images_v6/LM-66443720.jpg
LM-66443790,recovered,bing,https://www.grxstatic.com/4f3rgqwzdznj/B2ObKefvJyAfEl8EcIyUC/166ddec256a7e047b882217daed2579b/subungual_hematoma_1663883.jpg?w=1920&q=85&fm=webp,https://www.goodrx.com/conditions/musculoskeletal/subungual-hematoma,https://raw.githubusercontent.com/nuancedegreg-blip/Sumup-images/main/images_v6/LM-66443790.jpg
LM-66443902,recovered,bing,https://img.kivvon.com/eyJidWNrZXQiOiJraXZ2b24tcHJvZCIsImtleSI6ImFydGljbGVcLzVOajhiQllYRDM0bFwvNjNkMjU1NzkzOTAzNi0xODcuanBnIiwiZWRpdHMiOnsicmVzaXplIjp7ImhlaWdodCI6IjE0NDAiLCJmaXQiOiJjb3ZlciJ9LCJub3JtYWxpc2UiOmZhbHNlfX0=,https://www.kivvon.com/de/yolo/wie-schaedlich-ist-rauchen-fuer-kinder-und-jugendliche,https://raw.githubusercontent.com/nuancedegreg-blip/Sumup-images/main/images_v6/LM-66443902.jpg
LM-66450244,recovered,bing,"https://res.cloudinary.com/icelandtours/g_auto,f_auto,c_auto,w_3840,q_auto:good/northern_lights_above_glacier_lagoon_v2osk_unsplash_7d39ca647f.jpg",https://www.icelandtours.is/blog/northern-lights-aurora-borealis-iceland/,https://raw.githubusercontent.com/nuancedegreg-blip/Sumup-images/main/images_v6/LM-66450244.jpg
LM-66455340,recovered,bing,https://masterbundles.com/wp-content/uploads/edd/2023/02/ai-generated-white-cat-494.png,https://masterbundles.com/freebies/free-ai-generated-cat/,https://raw.githubusercontent.com/nuancedegreg-blip/Sumup-images/main/images_v6/LM-66455340.jpg
LM-66473694,recovered,bing,https://i4.fapality.com/videos_screenshots/92000/92226/preview.jpg,https://fapality.com/gifs/reiko-kobayakawa/,https://raw.githubusercontent.com/nuancedegreg-blip/Sumup-images/main/images_v6/LM-66473694.jpg
LM-66473701,recovered,bing,https://www.eatingbirdfood.com/wp-content/uploads/2023/02/easy-salmon-meal-prep-bowl-hero.jpg,https://seafoodvoyage.com/salmon-meal-prep-recipes/,https://raw.githubusercontent.com/nuancedegreg-blip/Sumup-images/main/images_v6/LM-66473701.jpg
LM-66473715,recovered,bing,https://i.pinimg.com/736x/8b/15/3d/8b153d25c9998ffc52b89db82a0d0246.jpg,https://es.pinterest.com/pin/222224562856900753/,https://raw.githubusercontent.com/nuancedegreg-blip/Sumup-images/main/images_v6/LM-66473715.jpg
LM-66473722,recovered,bing,https://bloximages.chicago2.vip.townnews.com/thespec.com/content/tncms/assets/v3/editorial/3/d9/3d98e61a-ed24-5a90-b6ea-473ebc3b4528/6a84a01eb28e2.image.jpg,https://www.thespec.com/news/canada/iqaluit-man-faces-break-and-enter-charges-related-to-six-january-to-august-crimes/article_c07197b8-4d77-560a-86c9-4074efeba7d2.html,https://raw.githubusercontent.com/nuancedegreg-blip/Sumup-images/main/images_v6/LM-66473722.jpg
LM-66539333,recovered,bing,https://us.rule34.xxx/images/2623/17bdf192d84e1b90929f68477a7b8fde.jpeg?9205999,https://rule34.xxx/index.php?page=post&s=view&id=9205999,https://raw.githubusercontent.com/nuancedegreg-blip/Sumup-images/main/images_v6/LM-66539333.jpg
LM-66540250,recovered,bing,https://dpandpics.com/images/funny-gifs/funny41.gif,https://dpandpics.com/funny-gifs,https://raw.githubusercontent.com/nuancedegreg-blip/Sumup-images/main/images_v6/LM-66540250.jpg
LM-66540264,recovered,bing,https://weekendbroward.com/wp-content/uploads/2015/03/Pompano-Beach-Amphitheater-crowd.jpg,https://weekendbroward.com/locations/pompano-beach-amphitheater/,https://raw.githubusercontent.com/nuancedegreg-blip/Sumup-images/main/images_v6/LM-66540264.jpg
LM-66576853,recovered,bing,https://cdn.thewirecutter.com/wp-content/media/2021/05/20210527_mech-keyboard_layout.png,https://marek-heindorff.de/modify-the-keyboard-layout-how-to-change-the-default-matchboxkeyboard-layout/,https://raw.githubusercontent.com/nuancedegreg-blip/Sumup-images/main/images_v6/LM-66576853.jpg
LM-66639664,no_downloadable_image,bing,https://www.mdpi.com/forests/forests-13-02160/article_deploy/html/images/forests-13-02160-g001.png,https://storymaps.arcgis.com/stories/b85208226e534e5cac4c989b642aff47,
LM-66738511,recovered,bing,https://imggen.eporner.com/15948518/3840/2160/1.jpg,https://de.eporner.com/video-LPWN2dPNqJV/fellatio-japan-h/,https://raw.githubusercontent.com/nuancedegreg-blip/Sumup-images/main/images_v6/LM-66738511.jpg
LM-66738532,recovered,bing,https://cdn.dealeraccelerate.com/americansteel/1/289/39643/1920x1440/1969-dodge-charger-rt,https://www.americansteelclassiccars.com/vehicles/307/1969-dodge-charger-rt,https://raw.githubusercontent.com/nuancedegreg-blip/Sumup-images/main/images_v6/LM-66738532.jpg
LM-66738553,recovered,bing,https://www.mysportdab.com/wp-content/uploads/2022/10/Trish-Stratus-Husband.jpg,https://www.mysportdab.com/2022/10/ron-fisico/,https://raw.githubusercontent.com/nuancedegreg-blip/Sumup-images/main/images_v6/LM-66738553.jpg
LM-66762724,recovered,bing,https://thumb-nss.xhcdn.com/a/ayKXoHXCpmmlaBLRfrqZQA/016/405/438/1280x720.1.jpg,https://tr.xhamster2.com/videos/real-japanese-group-sex-uncensored-on-javhd-net-xhKAjDG,https://raw.githubusercontent.com/nuancedegreg-blip/Sumup-images/main/images_v6/LM-66762724.jpg
LM-66889753,recovered,bing,https://i.pinimg.com/originals/2f/fe/77/2ffe772a83cc051b8391d5d3d47c879d.jpg,https://www.pinterest.com/pin/175992297914182694/,https://raw.githubusercontent.com/nuancedegreg-blip/Sumup-images/main/images_v6/LM-66889753.jpg
LM-66930612,recovered,bing,https://s.tmimgcdn.com/scr/1200x627/281000/modelo-de-cartao-de-visita-criativo-e-moderno_281050-original.jpg,https://www.templatemonster.com/pt-br/identidade-corporativa/281050.html,https://raw.githubusercontent.com/nuancedegreg-blip/Sumup-images/main/images_v6/LM-66930612.jpg
LM-66930633,recovered,bing,https://www.funimada.com/assets/images/daily/12-06-2025-happy-friday.gif,https://www.funimada.com/daily/good-morning-friday/,https://raw.githubusercontent.com/nuancedegreg-blip/Sumup-images/main/images_v6/LM-66930633.jpg
LM-66930640,recovered,bing,https://s.hdnux.com/photos/65/32/76/14004096/4/1200x0.jpg,https://ar.inspiredpencil.com/pictures-2023/chris-johnson,https://raw.githubusercontent.com/nuancedegreg-blip/Sumup-images/main/images_v6/LM-66930640.jpg
LM-66930675,recovered,bing,https://i.pinimg.com/originals/03/e1/87/03e187656c0adf5976ace3f954594214.jpg,https://www.pinterest.com/pin/rodwave-soulfly-in-2025--638877897179682698/,https://raw.githubusercontent.com/nuancedegreg-blip/Sumup-images/main/images_v6/LM-66930675.jpg
LM-66930682,recovered,bing,https://image.architonic.com/img_pfm2-4/204/1053/edenplus-1-b.jpg,https://www.architonic.com/en/product/flexform-eden/1357020,https://raw.githubusercontent.com/nuancedegreg-blip/Sumup-images/main/images_v6/LM-66930682.jpg
LM-66930794,recovered,bing,https://http2.mlstatic.com/D_NQ_NP_680083-MLM31226449306_062019-O.webp,https://www.ocompra.com/mexico/item/parrilla-central-toyota-camry-2007-2008-2009-negro-618087214/,https://raw.githubusercontent.com/nuancedegreg-blip/Sumup-images/main/images_v6/LM-66930794.jpg
LM-66930801,recovered,bing,https://www.weareteachers.com/wp-content/uploads/adjectives-anchor-charts-what-is-400x300.jpg,https://www.weareteachers.com/adjectives-anchor-charts/,https://raw.githubusercontent.com/nuancedegreg-blip/Sumup-images/main/images_v6/LM-66930801.jpg
LM-66930913,recovered,bing,https://i.pinimg.com/736x/8c/c9/1e/8cc91e0bf75377cb7a6d0aba756e71da.jpg,https://www.pinterest.com/pin/6896205665302010/,https://raw.githubusercontent.com/nuancedegreg-blip/Sumup-images/main/images_v6/LM-66930913.jpg
LM-66930990,recovered,bing,https://blogger.googleusercontent.com/img/b/R29vZ2xl/AVvXsEg-m2jxy8IWDkXPQuLd4mJUrlSLrDHgQuj4Rfm9bRTiW4I4G7-doa48H0dl5pUZUS_hWtK1EVeXplBP7qWyQAbajK3PzNmisc-nm5rvf7cPVl7gYLUJg3YOzkRDifiwdJkjqp4_MCxO18rq/s1600/Floresta+Nacional+do+Araripe+009.jpg,https://cienciadoturismo.blogspot.com/2020/06/floresta-nacional-do-araripe-primeira.html,https://raw.githubusercontent.com/nuancedegreg-blip/Sumup-images/main/images_v6/LM-66930990.jpg
LM-66931004,recovered,bing,https://img88.pixhost.to/images/94/365578984_brattysis_-_winter_bell_convincing_my_princess_step_sister_to_fuck_720p_hd.jpg,https://forum.intporn.com/threads/brattysis-winter-bell-convincing-my-princess-step-sister-to-fuck-720p-hd.3137782/,https://raw.githubusercontent.com/nuancedegreg-blip/Sumup-images/main/images_v6/LM-66931004.jpg
LM-66931011,recovered,bing,"https://media-cldnry.s-nbcnews.com/image/upload/t_social_share_1200x630_center,f_auto,q_auto:best/mpx/2704722219/2025_03/1741960589054_tdy_news_9a_sweet_treat_250314_1920x1080-greg3j.jpg",https://www.today.com/video/inside-the-viral-candy-shop-with-sweets-from-around-the-world-234422341972,https://raw.githubusercontent.com/nuancedegreg-blip/Sumup-images/main/images_v6/LM-66931011.jpg
LM-66931025,recovered,bing,https://oolhar.com.br/wp-content/uploads/2023/10/xote-das-meninas-a-estoria-8-out.jpg,https://oolhar.com.br/xote-das-meninas-a-estoria/,https://raw.githubusercontent.com/nuancedegreg-blip/Sumup-images/main/images_v6/LM-66931025.jpg
LM-66931053,recovered,bing,https://static0.gamerantimages.com/wordpress/wp-content/uploads/2024/12/mixcollage-06-dec-2024-03-09-pm-3912.jpg,https://gamerant.com/rocket-league-season-17-extension-s18-teaser-crossbar-ping/,https://raw.githubusercontent.com/nuancedegreg-blip/Sumup-images/main/images_v6/LM-66931053.jpg
LM-66931151,no_downloadable_image,bing,https://www.cnet.com/a/img/resize/0981bc5793fc7b2ff2263a81af2b9b5a58a7a341/hub/2015/02/02/a42d9f7e-0323-409d-b526-1aec3737e211/denisebryson.jpg?auto=webp&width=1200,https://www.cnet.com/culture/david-duchovny-wants-back-in-twin-peaks-as-cross-dressing-agent/,
LM-66931165,recovered,bing,https://c8.alamy.com/comp/2JWF1DN/september-4-2022-portsmouth-virginia-usa-megan-moroney-brings-some-country-to-the-atlantic-union-bank-pavilion-in-portsmouth-virginia-on-4-september-2022-photo-jeff-moore-credit-image-jeff-moorezuma-press-wire-2JWF1DN.jpg,https://www.alamy.com/september-4-2022-portsmouth-virginia-usa-megan-moroney-brings-some-country-to-the-atlantic-union-bank-pavilion-in-portsmouth-virginia-on-4-september-2022-photo-jeff-moore-credit-image-jeff-moorezuma-press-wire-image480376785.html,https://raw.githubusercontent.com/nuancedegreg-blip/Sumup-images/main/images_v6/LM-66931165.jpg
LM-66931200,recovered,bing,https://static2.redcart.pl/templates/images/thumb/7148/800/9999/pl/0/templates/images/products/7148/42678edf6b3c67b531348e9878cce873.jpeg,https://staradobraksiazka.pl/153768-zwiadowcy-ksiega-3-ziemia-skuta-lodem-john-flanagan-2009,https://raw.githubusercontent.com/nuancedegreg-blip/Sumup-images/main/images_v6/LM-66931200.jpg
LM-66931214,recovered,bing,https://www.tjsc.jus.br/image/journal/article?img_id=22023016&t=1747713511315,https://www.tjsc.jus.br/web/imprensa/-/comissao-divulga-resultado-final-do-concurso-publico-para-ingresso-na-magistratura,https://raw.githubusercontent.com/nuancedegreg-blip/Sumup-images/main/images_v6/LM-66931214.jpg
LM-66931221,recovered,bing,https://media.gettyimages.com/id/53239574/photo/sao-paulos-fabao-celebrates-after-scoring-the-second-goal-of-his-team-against-atletico.jpg?s=612x612&w=gi&k=20&c=P0R_U8JF3WNZ1yZ0_vNo5eHgyM90hgrjybnPJyn6CqQ=,https://www.gettyimages.com/photos/fabao,https://raw.githubusercontent.com/nuancedegreg-blip/Sumup-images/main/images_v6/LM-66931221.jpg
LM-66931284,recovered,bing,https://static.manebooru.art/img/2020/8/20/1801143/large.jpg,https://manebooru.art/images/1801143,https://raw.githubusercontent.com/nuancedegreg-blip/Sumup-images/main/images_v6/LM-66931284.jpg
LM-66931340,recovered,bing,"https://images-wixmp-ed30a86b8c4ca887773594c2.wixmp.com/f/77ace08c-7715-4055-8cb8-0a5e6aaa212c/dd636qo-b68f024e-72e7-4f76-8cb2-36c6f2d30d13.jpg/v1/fill/w_725,h_1102,q_70,strp/_bojack_horseman__illustrated_poster_by_nickybarkla_dd636qo-pre.jpg?token=eyJ0eXAiOiJKV1QiLCJhbGciOiJIUzI1NiJ9.eyJzdWIiOiJ1cm46YXBwOjdlMGQxODg5ODIyNjQzNzNhNWYwZDQxNWVhMGQyNmUwIiwiaXNzIjoidXJuOmFwcDo3ZTBkMTg4OTgyMjY0MzczYTVmMGQ0MTVlYTBkMjZlMCIsIm9iaiI6W1t7ImhlaWdodCI6Ijw9MTIxNSIsInBhdGgiOiJcL2ZcLzc3YWNlMDhjLTc3MTUtNDA1NS04Y2I4LTBhNWU2YWFhMjEyY1wvZGQ2MzZxby1iNjhmMDI0ZS03MmU3LTRmNzYtOGNiMi0zNmM2ZjJkMzBkMTMuanBnIiwid2lkdGgiOiI8PTgwMCJ9XV0sImF1ZCI6WyJ1cm46c2VydmljZTppbWFnZS5vcGVyYXRpb25zIl19.izARxAQXfUwVSLwe8gCcKrJ01Xi-h_B28naDr_xJT70",https://www.deviantart.com/nickybarkla/art/BoJack-Horseman-Illustrated-Poster-796286688,https://raw.githubusercontent.com/nuancedegreg-blip/Sumup-images/main/images_v6/LM-66931340.jpg
LM-66931382,recovered,bing,https://images-na.ssl-images-amazon.com/images/S/compressed.photo.goodreads.com/books/1681053258i/126079310.jpg,https://www.goodreads.com/book/show/126079310-futa-witch-university,https://raw.githubusercontent.com/nuancedegreg-blip/Sumup-images/main/images_v6/LM-66931382.jpg
LM-66931403,recovered,bing,https://cdn.kalvo.com/uploads/img/gallery/65249-samsung-galaxy-s24-fe-1.jpg,https://en.kalvo.com/samsung-galaxy-s24-fe-126218.html,https://raw.githubusercontent.com/nuancedegreg-blip/Sumup-images/main/images_v6/LM-66931403.jpg
LM-66931410,recovered,bing,https://www.shutterstock.com/image-photo/french-flag-tricolor-blue-whitered-260nw-1140217787.jpg,https://www.shutterstock.com/search/french-flag-waving,https://raw.githubusercontent.com/nuancedegreg-blip/Sumup-images/main/images_v6/LM-66931410.jpg
LM-66931424,recovered,bing,https://1.bp.blogspot.com/-0zg7X9gOtzY/XqLJa_S3YhI/AAAAAAAARFM/ruDoqA6P1f0LDgEc5-uNB4e2M5UyAYF2gCLcBGAsYHQ/s1600/tsum%2Btsum%2B%252867%2529.png,https://mamadecoradora.blogspot.com/2020/04/tsum-tsum-png-descarga-gratis.html,https://raw.githubusercontent.com/nuancedegreg-blip/Sumup-images/main/images_v6/LM-66931424.jpg
LM-66931431,recovered,bing,https://c8.alamy.com/comp/2J6R228/mardin-old-town-view-with-mardin-castle-at-the-top-cityscape-of-mardin-in-turkey-2J6R228.jpg,https://www.alamy.com/stock-photo/culture-history-mesopotamia.html,https://raw.githubusercontent.com/nuancedegreg-blip/Sumup-images/main/images_v6/LM-66931431.jpg
LM-66931445,recovered,bing,https://media1.tenor.com/images/57aacda944b580d451767aecab66ece6/tenor.gif?itemid=11849538,https://tenor.com/view/im-waiting-tapping-fingers-finger-tapping-gif-11849538,https://raw.githubusercontent.com/nuancedegreg-blip/Sumup-images/main/images_v6/LM-66931445.jpg
LM-66931522,recovered,bing,https://freemedicaljournals.com/blog/wp-content/uploads/2026/04/tonsil-stone-removal.png,https://freemedicaljournals.com/blog/tonsil-stone-removal/,https://raw.githubusercontent.com/nuancedegreg-blip/Sumup-images/main/images_v6/LM-66931522.jpg
LM-66931536,recovered,bing,https://s3.elespanol.com/k/imgp/cms/elespanol/11215455.jpg?p=w:1024/h:576&h=c8I5Tzud,https://www.elespanol.com/corazon/20260816/rossy-palma-anos-plato-favorito-infancia-calamares-tinta-madre/1003744352753_0.html,https://raw.githubusercontent.com/nuancedegreg-blip/Sumup-images/main/images_v6/LM-66931536.jpg
LM-66931620,recovered,bing,https://zenodo.org/records/4058143/files/figure.png?download=1,https://zenodo.org/records/4058143,https://raw.githubusercontent.com/nuancedegreg-blip/Sumup-images/main/images_v6/LM-66931620.jpg
LM-66931655,recovered,bing,https://photos.classiccars.com/cc-temp/listing/146/8666/25644881-1967-chevrolet-chevelle-malibu-ss-thumb.jpg,https://classiccars.com/listings/view/1468666/1967-chevrolet-chevelle-malibu-ss-for-sale-in-lake-hiawatha-new-jersey-07034,https://raw.githubusercontent.com/nuancedegreg-blip/Sumup-images/main/images_v6/LM-66931655.jpg
LM-66931732,recovered,bing,https://i.pinimg.com/736x/0d/56/8c/0d568c38834831c6ca43534199a4b208.jpg,https://jp.pinterest.com/pin/free-printable-number-tracing-worksheets-1100--345299496449254231/,https://raw.githubusercontent.com/nuancedegreg-blip/Sumup-images/main/images_v6/LM-66931732.jpg
LM-66931746,recovered,bing,https://m.media-amazon.com/images/I/81hejyTUaDL.jpg,https://www.amazon.com/Large-Framed-Wall-Art-Decoration/dp/B0CWS3XY2M,https://raw.githubusercontent.com/nuancedegreg-blip/Sumup-images/main/images_v6/LM-66931746.jpg
LM-66931753,recovered,bing,https://upload.wikimedia.org/wikipedia/en/8/8a/CentralIntelligencePoster.jpg,https://en.wikipedia.org/wiki/Central_Intelligence,https://raw.githubusercontent.com/nuancedegreg-blip/Sumup-images/main/images_v6/LM-66931753.jpg
LM-66931760,recovered,bing,https://i.ytimg.com/vi/zjYIihQvp_I/maxresdefault.jpg,https://www.youtube.com/watch?v=zjYIihQvp_I,https://raw.githubusercontent.com/nuancedegreg-blip/Sumup-images/main/images_v6/LM-66931760.jpg
LM-66931774,recovered,bing,https://everhearthinn.com/wp-content/uploads/2022/08/Fighter-5E-Class-Guide-Featured-Image.webp,https://everhearthinn.com/articles/the-ultimate-guide-to-the-fighter-dnd-5e-class/,https://raw.githubusercontent.com/nuancedegreg-blip/Sumup-images/main/images_v6/LM-66931774.jpg
LM-66931781,recovered,bing,https://www.thedesignsketchbook.com/wp-content/uploads/2023/05/Marina-sketching-process-after-shoe-sketching.jpg,https://ar.inspiredpencil.com/pictures-2023/running-shoe-design,https://raw.githubusercontent.com/nuancedegreg-blip/Sumup-images/main/images_v6/LM-66931781.jpg
LM-66931795,recovered,bing,https://imgv2-2-f.scribdassets.com/img/document/844264593/149x198/60a5af785b/1743245539?v=1,https://pt.scribd.com/document/844263901/LIVRO-LEILAO-DE-JARDIM-PARA-COLORIR,https://raw.githubusercontent.com/nuancedegreg-blip/Sumup-images/main/images_v6/LM-66931795.jpg
LM-66932061,recovered,bing,https://5.imimg.com/data5/SELLER/Default/2023/10/355892620/WN/AG/AX/2396372/surgical-tray-eith-lid-heavy-stainless-steel-1000x1000.jpg,https://www.indiamart.com/proddetail/surgical-tray-with-id-heavy-stainless-steel-2852747410973.html,https://raw.githubusercontent.com/nuancedegreg-blip/Sumup-images/main/images_v6/LM-66932061.jpg
LM-66957751,recovered,bing,"https://static.nike.com/a/images/t_PDP_1728_v1/f_auto,q_auto:eco,c_scale,w_300,u_9ddf04c7-2a9a-4d76-add1-d15af8f0263d,c_scale,fl_relative,w_1.0,h_1.0,fl_layer_apply/c991fce9-ac05-4d5d-9f47-62d9e9ecf414/M+ACG+DF+TUFF+FLC+LITE+CRW+GFX.png",https://www.nike.com/tr/t/acg-tuff-fleece-dri-fit-erkek-crew-sweatshirt-kEve2cYQ/IU8162-819,https://raw.githubusercontent.com/nuancedegreg-blip/Sumup-images/main/images_v6/LM-66957751.jpg
LM-66957765,recovered,bing,https://image.winudf.com/v2/image1/Y29tLnRob3VnaHRwcm9jZXNzLmdvZGRlc3NsYWtzaG1pZGV2aXdhbGxwYXBlcnNfc2NyZWVuXzNfMTcxOTExNjk2OV8wOTM/screen-3.jpg?fakeurl=1&type=.jpg,https://apkpure.com/goddess-lakshmi-devi-wallpaper/com.thoughtprocess.goddesslakshmideviwallpapers,https://raw.githubusercontent.com/nuancedegreg-blip/Sumup-images/main/images_v6/LM-66957765.jpg
LM-66971275,recovered,bing,https://images.alphacoders.com/132/1327049.jpeg,https://insanematej.github.io/Final_Work_Neymar.jr/,https://raw.githubusercontent.com/nuancedegreg-blip/Sumup-images/main/images_v6/LM-66971275.jpg
LM-67002054,recovered,bing,https://wallpapercave.com/wp/wp1918727.jpg,https://fity.club/lists/suggestions/alvin-en-de-chipmunks-kostuums-voor-kinderen/,https://raw.githubusercontent.com/nuancedegreg-blip/Sumup-images/main/images_v6/LM-67002054.jpg
LM-67005211,recovered,bing,https://i.pinimg.com/originals/66/7e/af/667eafdb6ed767de028277acdb8d2f81.jpg,https://br.pinterest.com/pin/8233211826930335/,https://raw.githubusercontent.com/nuancedegreg-blip/Sumup-images/main/images_v6/LM-67005211.jpg
LM-67005281,recovered,bing,https://www.ezilon.com/maps/images/northamerica/us06pol.gif,https://www.ezilon.com/maps/north-america/united-states-of-america-maps.html,https://raw.githubusercontent.com/nuancedegreg-blip/Sumup-images/main/images_v6/LM-67005281.jpg
LM-67005295,recovered,bing,https://4.bp.blogspot.com/_1-KWVUDdEvM/TSY4cUzUi3I/AAAAAAAAAuw/6Fmlaixv_hQ/s1600/research_RadingLiszt_04_Page_24.jpg,https://thomasbuseck.blogspot.com/2011/01/designstudiom2wip01.html,https://raw.githubusercontent.com/nuancedegreg-blip/Sumup-images/main/images_v6/LM-67005295.jpg
LM-67005351,recovered,bing,https://cdn.clothbase.com/uploads/28c75f49-4b9c-4e7b-ba2b-079a930d8e3f/P00938099.jpg,https://clothbase.com/items/2d648295_gucci-horsebit-leather-loafers_gucci,https://raw.githubusercontent.com/nuancedegreg-blip/Sumup-images/main/images_v6/LM-67005351.jpg
LM-67005365,recovered,bing,https://logodownload.org/wp-content/uploads/2017/06/olympikus-logo.png,https://logodownload.org/olympikus-logo/,https://raw.githubusercontent.com/nuancedegreg-blip/Sumup-images/main/images_v6/LM-67005365.jpg
LM-67005372,recovered,bing,https://png.pngtree.com/thumb_back/fh260/background/20240211/pngtree-o-grove-ogrove-port-with-fishing-boats-of-arosa-river-in-photo-image_3065021.jpg,https://pngtree.com/free-backgrounds-photos/o-grove,https://raw.githubusercontent.com/nuancedegreg-blip/Sumup-images/main/images_v6/LM-67005372.jpg
LM-67005386,recovered,bing,https://cmsv2-assets.apptegy.net/uploads/11435/file/3551294/cc656ca9-ce3a-4497-8b6b-43e816e05dbf.png,https://www.eusd.org/o/eusd/page/eusd-nutrition-menu-instructions,https://raw.githubusercontent.com/nuancedegreg-blip/Sumup-images/main/images_v6/LM-67005386.jpg
LM-67005400,recovered,bing,https://static0.givemesportimages.com/wordpress/wp-content/uploads/2024/07/who-ronaldo-and-messi-have-voted-for-in-each-ballon-d-or-since-2010.jpg,https://www.givemesport.com/champions-league-football-soccer-every-player-to-win-golden-boot/,https://raw.githubusercontent.com/nuancedegreg-blip/Sumup-images/main/images_v6/LM-67005400.jpg
LM-67005603,recovered,bing,https://img.testbericht.de/handy-ohne-vertrag/13826612/L1_gigaset-gs6-pro.webp,https://www.testbericht.de/produkte/gigaset-gs6-pro,https://raw.githubusercontent.com/nuancedegreg-blip/Sumup-images/main/images_v6/LM-67005603.jpg
LM-67005610,recovered,bing,https://weloveprintables.net/wp-content/uploads/2024/11/printable-activities-of-daily-living-checklist.jpg,https://weloveprintables.net/printable-activities-of-daily-living-checklist/,https://raw.githubusercontent.com/nuancedegreg-blip/Sumup-images/main/images_v6/LM-67005610.jpg
LM-67005764,recovered,bing,https://info.varonis.com/hs-fs/hubfs/Web Assets/Imported sitepage images/microsoft-365-copilot-flow.png?width=1872&height=1032&name=microsoft-365-copilot-flow.png,https://www.varonis.com/blog/copilot-security,https://raw.githubusercontent.com/nuancedegreg-blip/Sumup-images/main/images_v6/LM-67005764.jpg
LM-67005813,recovered,bing,https://m.media-amazon.com/images/I/71DaK2mI0eL._AC_SL1419_.jpg,https://guatemala.yaxa.co/products/filter-king-filtro-de-aire-11-5x16x1-paquete-de-4-filtros-de-horno-plisados-merv-8-hvac-para-ac-fabricado-en-estados-unidos-tamano-real-11-5-x/,https://raw.githubusercontent.com/nuancedegreg-blip/Sumup-images/main/images_v6/LM-67005813.jpg
LM-67005855,recovered,bing,https://imgv2-1-f.scribdassets.com/img/document/666408971/original/a8bd1622a9/1703549356?v=1,https://es.scribd.com/document/666408971/Check-List-Equipo-de-Elevacion,https://raw.githubusercontent.com/nuancedegreg-blip/Sumup-images/main/images_v6/LM-67005855.jpg
LM-67006233,recovered,bing,https://smcinsurance.com/SocialImages/2024/july/Madhu-Babu-Pension-Yojana-Scheme-(2024-Updated).jpg,https://www.smcinsurance.com/life-insurance/articles/madhu-babu-pension-scheme,https://raw.githubusercontent.com/nuancedegreg-blip/Sumup-images/main/images_v6/LM-67006233.jpg
LM-67006296,recovered,bing,https://gruposulnews.com.br/wp-content/uploads/2023/03/cinema-kinoplex-compressed.jpg,https://gruposulnews.com.br/pela-3a-vez-kinoplex-parque-da-cidade-e-eleito-o-melhor-cinema-vip-de-sao-paulo/,https://raw.githubusercontent.com/nuancedegreg-blip/Sumup-images/main/images_v6/LM-67006296.jpg
LM-67006331,recovered,bing,https://i.pinimg.com/originals/89/16/f3/8916f320b25982d8013158b2c463d08d.jpg,https://www.pinterest.com/pin/a-rst--1055599907553396/,https://raw.githubusercontent.com/nuancedegreg-blip/Sumup-images/main/images_v6/LM-67006331.jpg
LM-67006471,no_downloadable_image,bing,https://www.hashtagtreinamentos.com/wp-content/uploads/2024/06/Gestao-da-Manutencao-2-1024x485.png.webp,https://www.hashtagtreinamentos.com/gestao-da-manutencao-excel,
LM-67006576,recovered,bing,https://www.eicma.it/wp-content/uploads/2023/10/KTM-Duke-390_03.jpg,https://www.eicma.it/en/ktm-duke-390/,https://raw.githubusercontent.com/nuancedegreg-blip/Sumup-images/main/images_v6/LM-67006576.jpg
LM-67006681,recovered,bing,https://www.raf-ff.org.uk/wp-content/uploads/2018/10/SCO-FAQs.jpg,https://www.raf-ff.org.uk/service-complaint-ombudsman-uk-have-new-email-addresses/,https://raw.githubusercontent.com/nuancedegreg-blip/Sumup-images/main/images_v6/LM-67006681.jpg
LM-67006751,recovered,bing,https://i.pinimg.com/736x/fb/1e/77/fb1e77f0142b47422a8012c354de1842.jpg,https://br.pinterest.com/pin/modelo-de-carto-de-convite-quadrado-com-duas-dobras--500532946093838503/,https://raw.githubusercontent.com/nuancedegreg-blip/Sumup-images/main/images_v6/LM-67006751.jpg
LM-67007080,recovered,bing,https://ontheworldmap.com/canada/city/iqaluit/detailed-map-of-iqaluit.jpg,https://ontheworldmap.com/canada/city/iqaluit/,https://raw.githubusercontent.com/nuancedegreg-blip/Sumup-images/main/images_v6/LM-67007080.jpg
LM-67007192,recovered,bing,https://img.championat.com/s/1200x630/news/big/k/a/youtube-obnovit-sistemu-prosmotrov-podschyot-nachnyotsya-s-pervoj-sekundy-video_1786989001293270796.jpg,https://www.championat.com/cybersport/news-6586362-youtube-obnovit-sistemu-prosmotrov-podschyot-nachnyotsya-s-pervoj-sekundy-video.html,https://raw.githubusercontent.com/nuancedegreg-blip/Sumup-images/main/images_v6/LM-67007192.jpg
LM-67012701,recovered,bing,http://interviews.adultdvdtalk.com/wp-content/uploads/2014/01/jesse-jane.jpg,http://interviews.adultdvdtalk.com/jesse-jane/,https://raw.githubusercontent.com/nuancedegreg-blip/Sumup-images/main/images_v6/LM-67012701.jpg
LM-67012736,recovered,bing,https://content.any.run/tasks/fdaf9485-9bc1-4edb-9ee4-18c8f28bbaf6/download/screens/cc657696-6920-4e02-8fad-3a8cd7d30e23/image.jpeg,https://any.run/report/6e8b49c46d62cbd476b7281425ea73bd7b263ce70fbe772c8a0ac6a9108fa441/fdaf9485-9bc1-4edb-9ee4-18c8f28bbaf6,https://raw.githubusercontent.com/nuancedegreg-blip/Sumup-images/main/images_v6/LM-67012736.jpg
LM-67012785,recovered,bing,"https://images-wixmp-ed30a86b8c4ca887773594c2.wixmp.com/f/80986efa-86b0-490d-9d1f-1cf43a3f5f7f/ddl12a4-7ab5e85c-360c-4531-b8f6-a6d8c6a2d044.png/v1/fill/w_1920,h_2716,q_80,strp/hatsune_miku___fanart_by_khaelkixinga_ddl12a4-fullview.jpg?token=eyJ0eXAiOiJKV1QiLCJhbGciOiJIUzI1NiJ9.eyJzdWIiOiJ1cm46YXBwOjdlMGQxODg5ODIyNjQzNzNhNWYwZDQxNWVhMGQyNmUwIiwiaXNzIjoidXJuOmFwcDo3ZTBkMTg4OTgyMjY0MzczYTVmMGQ0MTVlYTBkMjZlMCIsIm9iaiI6W1t7ImhlaWdodCI6Ijw9MjcxNiIsInBhdGgiOiJcL2ZcLzgwOTg2ZWZhLTg2YjAtNDkwZC05ZDFmLTFjZjQzYTNmNWY3ZlwvZGRsMTJhNC03YWI1ZTg1Yy0zNjBjLTQ1MzEtYjhmNi1hNmQ4YzZhMmQwNDQucG5nIiwid2lkdGgiOiI8PTE5MjAifV1dLCJhdWQiOlsidXJuOnNlcnZpY2U6aW1hZ2Uub3BlcmF0aW9ucyJdfQ.cODVg70OcSHNDemIEB1wMbk7nybsxdRt6iMcwP0oNCg",https://www.deviantart.com/khaelkixinga/art/Hatsune-Miku-Fanart-821381836,https://raw.githubusercontent.com/nuancedegreg-blip/Sumup-images/main/images_v6/LM-67012785.jpg
LM-67012806,recovered,bing,https://i.pinimg.com/736x/e2/0f/fc/e20ffcc90dec5af9b942caec64a5756b.jpg,https://es.pinterest.com/pin/292030357107841395/,https://raw.githubusercontent.com/nuancedegreg-blip/Sumup-images/main/images_v6/LM-67012806.jpg
LM-67012820,recovered,bing,"https://static.wixstatic.com/media/5f36a7_a8c303acbf864486a2a95d7d5950e172~mv2.webp/v1/fill/w_750,h_1000,al_c,q_85,usm_0.66_1.00_0.01/5f36a7_a8c303acbf864486a2a95d7d5950e172~mv2.webp",https://www.divietoristorante.com/post/our-famous-ruota-di-parmigiano,https://raw.githubusercontent.com/nuancedegreg-blip/Sumup-images/main/images_v6/LM-67012820.jpg
LM-67012960,recovered,bing,https://img.freepik.com/vector-premium/caricatura-robot-ojos-azules-fondo-blanco_269655-52908.jpg?w=2000,https://www.freepik.es/vector-premium/caricatura-robot-ojos-azules-fondo-blanco_343731999.htm,https://raw.githubusercontent.com/nuancedegreg-blip/Sumup-images/main/images_v6/LM-67012960.jpg
LM-67013002,recovered,bing,http://ecosfron.org/wp-content/uploads/Organigrama-febrero-2018.png,https://ecosfron.org/organizacion/,https://raw.githubusercontent.com/nuancedegreg-blip/Sumup-images/main/images_v6/LM-67013002.jpg
LM-67013030,recovered,bing,https://www.nuestravozstereo.com/wp-content/uploads/2026/01/WhatsApp-Image-2026-01-07-at-12.20.44-AM.jpeg,https://www.nuestravozstereo.com/carroza-ganadora-del-carnaval-de-negros-y-blancos-2026-en-pasto/,https://raw.githubusercontent.com/nuancedegreg-blip/Sumup-images/main/images_v6/LM-67013030.jpg
LM-67013191,recovered,bing,https://i.pinimg.com/originals/46/68/63/4668637b5a1bd6c1a1c7a0f1931ca85d.jpg,https://www.pinterest.com/pin/16--748160556836169356/,https://raw.githubusercontent.com/nuancedegreg-blip/Sumup-images/main/images_v6/LM-67013191.jpg
LM-67013212,recovered,bing,https://drunkenstepfather.com/wp-content/uploads/2018/04/Rihanna-Nipples-in-a-see-through-nude-dress-at-coachella-.jpg,https://drunkenstepfather.com/2018/04/16/rihanna-coachella-nipples-of-the-day/rihanna-nipples-in-a-see-through-nude-dress-at-coachella,https://raw.githubusercontent.com/nuancedegreg-blip/Sumup-images/main/images_v6/LM-67013212.jpg
LM-67013254,recovered,bing,https://www.mycustomtailor.com/images/shop/Real_16441/11422-sm.jpg,https://www.mycustomtailor.com/mens-light-grey-bespoke-modern-cut,https://raw.githubusercontent.com/nuancedegreg-blip/Sumup-images/main/images_v6/LM-67013254.jpg
LM-67013282,recovered,bing,"https://images-wixmp-ed30a86b8c4ca887773594c2.wixmp.com/f/0b8cc75c-b3e7-4eaa-ad12-f99e28021e96/djklvhl-ce86008e-ab35-4c53-9bbf-124dbaf0e3f4.png/v1/fill/w_1019,h_784,q_70,strp/avali_and_avali_____by_kefkorr_djklvhl-pre.jpg?token=eyJ0eXAiOiJKV1QiLCJhbGciOiJIUzI1NiJ9.eyJzdWIiOiJ1cm46YXBwOjdlMGQxODg5ODIyNjQzNzNhNWYwZDQxNWVhMGQyNmUwIiwiaXNzIjoidXJuOmFwcDo3ZTBkMTg4OTgyMjY0MzczYTVmMGQ0MTVlYTBkMjZlMCIsIm9iaiI6W1t7ImhlaWdodCI6Ijw9MjAwMCIsInBhdGgiOiJcL2ZcLzBiOGNjNzVjLWIzZTctNGVhYS1hZDEyLWY5OWUyODAyMWU5NlwvZGprbHZobC1jZTg2MDA4ZS1hYjM1LTRjNTMtOWJiZi0xMjRkYmFmMGUzZjQucG5nIiwid2lkdGgiOiI8PTI2MDAifV1dLCJhdWQiOlsidXJuOnNlcnZpY2U6aW1hZ2Uub3BlcmF0aW9ucyJdfQ.VZXvOdJ1zNJ16Gu-DntpdApSTbFMs6XH0iglf-c9kok",https://www.deviantart.com/kefkorr/art/Avali-and-Avali-1183470249,https://raw.githubusercontent.com/nuancedegreg-blip/Sumup-images/main/images_v6/LM-67013282.jpg
LM-67013653,recovered,bing,https://i.etsystatic.com/25209161/r/il/89600e/3714606447/il_fullxfull.3714606447_jadd.jpg,https://www.etsy.com/listing/1178543783/75-gourd-green-ribbon-tail-worm-soft,https://raw.githubusercontent.com/nuancedegreg-blip/Sumup-images/main/images_v6/LM-67013653.jpg
LM-67013730,recovered,bing,https://gluethings.com/wp-content/uploads/2023/09/What-chemicals-are-in-glue-sticks-f1e867e562.jpg,https://storage.googleapis.com/dwlequfaneowfe/what-chemicals-are-in-glue.html,https://raw.githubusercontent.com/nuancedegreg-blip/Sumup-images/main/images_v6/LM-67013730.jpg
LM-67013835,recovered,bing,https://pub.mdpi-res.com/jmse/jmse-11-00830/article_deploy/html/images/jmse-11-00830-g005.png?1681452146,https://www.mdpi.com/2077-1312/11/4/830,https://raw.githubusercontent.com/nuancedegreg-blip/Sumup-images/main/images_v6/LM-67013835.jpg
LM-67013863,recovered,bing,https://s3.amazonaws.com/media.greatplacetowork.com/peru/best-workplaces-for-women-in-peru/2022/azzorti/logo-1.png,https://www.greatplacetowork.com.pe/mejores-lugares-para-trabajar/los-mejores-lugares-para-trabajar-para-mujeres-en-perú/2022/azzorti,https://raw.githubusercontent.com/nuancedegreg-blip/Sumup-images/main/images_v6/LM-67013863.jpg
LM-67013870,recovered,bing,https://i.pinimg.com/736x/f9/dc/fd/f9dcfd0d8107ab7d54bf3d47d88d7df0--inger-stevens.jpg,https://www.pinterest.com/pin/inger-stevens--88031367695853182/,https://raw.githubusercontent.com/nuancedegreg-blip/Sumup-images/main/images_v6/LM-67013870.jpg
LM-67014024,recovered,bing,https://do.lolwot.com/wp-content/uploads/2016/05/10-hilarious-memes-of-the-relationship-between-cats-and-dogs-3.jpg,https://www.lolwot.com/10-hilarious-memes-of-the-relationship-between-cats-and-dogs/,https://raw.githubusercontent.com/nuancedegreg-blip/Sumup-images/main/images_v6/LM-67014024.jpg
LM-67014031,recovered,bing,http://clipart-library.com/img/1009240.png,http://clipart-library.com/full-heart-cliparts.html,https://raw.githubusercontent.com/nuancedegreg-blip/Sumup-images/main/images_v6/LM-67014031.jpg
LM-67014353,recovered,bing,https://blogger.googleusercontent.com/img/b/R29vZ2xl/AVvXsEjCdMEotiw-YYUPSmJQtetG5IPuPbFU8Rv8JojrlgulfL8pzfAFbjky68tLR6V6Nrhh1PX63OaaW6f5m3IJjpC4ajhZs5Go6DJEVcTNHpXkv41kgdsxGY1affO9NSu5xi1pweg1g7wSJy7y7JZJhyKFmkNAAeIq05LtMsT68Bw93SmJqEVMKa45Qd7R/s16000/al-pacino-tony-montana-15.jpg,https://www.vintag.es/2023/04/al-pacino-tony-montana.html,https://raw.githubusercontent.com/nuancedegreg-blip/Sumup-images/main/images_v6/LM-67014353.jpg
LM-67014430,recovered,bing,https://gameinsiderhub.com/wp-content/uploads/2025/12/Minesweeper-Patterns-Guide-The-Key-to-Winning-Consistently-1024x538.jpg,https://gameinsiderhub.com/google-minesweeper/,https://raw.githubusercontent.com/nuancedegreg-blip/Sumup-images/main/images_v6/LM-67014430.jpg
LM-67014472,recovered,bing,https://i.pinimg.com/736x/91/6b/c1/916bc1a88373ff944c9f694880b87832.jpg,https://www.pinterest.com/pin/crayon-box-letter-and-number-flashcards-for-preschool--1102256077524209487/,https://raw.githubusercontent.com/nuancedegreg-blip/Sumup-images/main/images_v6/LM-67014472.jpg
LM-67014493,recovered,bing,https://amateurphotographer.com/wp-content/uploads/sites/7/2024/01/campsnap-camera-photo-JW-IMG_20230701_081853.jpg?resize=1240,https://amateurphotographer.com/review/camp-snap-camera-review-simplicity-at-its-finest/,https://raw.githubusercontent.com/nuancedegreg-blip/Sumup-images/main/images_v6/LM-67014493.jpg
LM-67014514,recovered,bing,https://img.freepik.com/premium-photo/planet-earth-future_437817-1960.jpg?w=2000,https://www.freepik.com/premium-ai-image/planet-earth-future_140147858.htm,https://raw.githubusercontent.com/nuancedegreg-blip/Sumup-images/main/images_v6/LM-67014514.jpg
LM-67014591,recovered,bing,"https://images-wixmp-ed30a86b8c4ca887773594c2.wixmp.com/f/c446cfdd-e8f2-4484-8e37-a332ed81ff52/dh3vu6l-b27f1f76-3156-4e86-9cc2-afeab7b93053.jpg/v1/fill/w_236,h_455,q_75,strp/nicci_tristian_by_latexdunt_dh3vu6l-fullview.jpg?token=eyJ0eXAiOiJKV1QiLCJhbGciOiJIUzI1NiJ9.eyJzdWIiOiJ1cm46YXBwOjdlMGQxODg5ODIyNjQzNzNhNWYwZDQxNWVhMGQyNmUwIiwiaXNzIjoidXJuOmFwcDo3ZTBkMTg4OTgyMjY0MzczYTVmMGQ0MTVlYTBkMjZlMCIsIm9iaiI6W1t7ImhlaWdodCI6Ijw9NDU1IiwicGF0aCI6IlwvZlwvYzQ0NmNmZGQtZThmMi00NDg0LThlMzctYTMzMmVkODFmZjUyXC9kaDN2dTZsLWIyN2YxZjc2LTMxNTYtNGU4Ni05Y2MyLWFmZWFiN2I5MzA1My5qcGciLCJ3aWR0aCI6Ijw9MjM2In1dXSwiYXVkIjpbInVybjpzZXJ2aWNlOmltYWdlLm9wZXJhdGlvbnMiXX0.aQtfp4lwLGwbGYgcGSGVO9ll4rD4mRdZYws04NRZbA0",https://www.deviantart.com/latexdunt/art/Nicci-Tristian-1034449293,https://raw.githubusercontent.com/nuancedegreg-blip/Sumup-images/main/images_v6/LM-67014591.jpg
LM-67014731,recovered,bing,https://wallpapers.com/images/hd/slytherin-common-room-1024-x-1792-wallpaper-b148yoft0k56rh3d.jpg,https://wallpapers.com/wallpapers/slytherin-common-room-1024-x-1792-wallpaper-b148yoft0k56rh3d.html,https://raw.githubusercontent.com/nuancedegreg-blip/Sumup-images/main/images_v6/LM-67014731.jpg
LM-67014801,recovered,bing,https://casesvilla.com/cdn/shop/files/iPhone15ProBlackCover_283a1fa1-e696-4080-8966-24306b5c0afd.jpg?v=1696402231&width=1946,https://casesvilla.com/products/iphone-15-pro-max-black-cases-villa-360-protection-case-9h-tempered-glass-cover-with-magsafe,https://raw.githubusercontent.com/nuancedegreg-blip/Sumup-images/main/images_v6/LM-67014801.jpg
LM-67015074,recovered,bing,https://www.goldstarworksheets.com/images/TraceAlphabetA-Z_on_one_page_capitalandlowercase_letters.webp,https://picstank.com/explore/alphabet-tracing-worksheets-a-to-z-printable-practice-pack,https://raw.githubusercontent.com/nuancedegreg-blip/Sumup-images/main/images_v6/LM-67015074.jpg
LM-67159554,recovered,bing,https://imgv2-2-f.scribdassets.com/img/document/599620494/original/fab6f74464/1704909971?v=1,https://www.scribd.com/document/599620494/science-project-proposal,https://raw.githubusercontent.com/nuancedegreg-blip/Sumup-images/main/images_v6/LM-67159554.jpg
LM-67159596,recovered,bing,https://fr.web.img3.acsta.net/c_225_300/pictures/22/02/07/14/04/0000160.jpg,https://www.allocine.fr/series/ficheserie-25364/dvd-bluray/product-29828162/,https://raw.githubusercontent.com/nuancedegreg-blip/Sumup-images/main/images_v6/LM-67159596.jpg
LM-67159624,recovered,bing,https://images.squarespace-cdn.com/content/v1/5bfcaafaf407b41e0053123f/1737620324641-QC5CYNL7EFSK1WRFKYW1/Surfers+Paradise+Beach.jpg?format=1500w,https://www.tikihotel.com.au/beaches-surfers-paradise,https://raw.githubusercontent.com/nuancedegreg-blip/Sumup-images/main/images_v6/LM-67159624.jpg
LM-67160205,recovered,bing,http://blog.desviantes.com.br/wp-content/uploads/2024/10/rota-das-emocoes-3.jpg,https://blog.desviantes.com.br/rota-das-emocoes/,https://raw.githubusercontent.com/nuancedegreg-blip/Sumup-images/main/images_v6/LM-67160205.jpg
LM-67160212,recovered,bing,https://hips.hearstapps.com/hmg-prod/images/anniversary-quotes-cute-anniversary-quotes-for-couples-and-friends-66426fbab091d.png?crop=1xw:1xh;center,https://www.goodhousekeeping.com/uk/lifestyle/a63144487/anniversary-quotes/,https://raw.githubusercontent.com/nuancedegreg-blip/Sumup-images/main/images_v6/LM-67160212.jpg
LM-67160233,recovered,bing,https://www.denix.es/en/catalogue/9420/y/denix-MG-34-machine-gun--Germany-1934--WWII-.jpg,https://www.denix.es/en/catalogue/world-war-i-ii-1914-1945/submachine-gun/9317/,https://raw.githubusercontent.com/nuancedegreg-blip/Sumup-images/main/images_v6/LM-67160233.jpg
LM-67160303,recovered,bing,https://d.newsweek.com/en/full/2525692/nancy-mace-november-19-2024.jpg,https://www.empocorp.com/entertainment/nancy-maces-net-worth-age-height-the-south-carolina-reps-financial-status.html,https://raw.githubusercontent.com/nuancedegreg-blip/Sumup-images/main/images_v6/LM-67160303.jpg
LM-67160366,recovered,bing,http://eslasalud.com/wp-content/uploads/2013/11/cerebro-imagen.jpg,http://eslasalud.com/curiosidades-cerebro-humano/,https://raw.githubusercontent.com/nuancedegreg-blip/Sumup-images/main/images_v6/LM-67160366.jpg
LM-67160373,recovered,bing,https://i.ytimg.com/vi/TFBd8Ihwttw/oardefault.jpg?sqp=-oaymwEkCJUDENAFSFqQAgHyq4qpAxMIARUAAAAAJQAAyEI9AICiQ3gB&rs=AOn4CLBKYdhYB8e0huKJejoSyCXzZW6SOQ&usqp=CCk,https://www.youtube.com/shorts/TFBd8Ihwttw,https://raw.githubusercontent.com/nuancedegreg-blip/Sumup-images/main/images_v6/LM-67160373.jpg
LM-67160443,recovered,bing,https://d1iv7db44yhgxn.cloudfront.net/documentation/images/e3f45eea-93cc-4a7e-b445-3ee3cbc57de8/pixelstreaming-endresult-gpixel.png,https://dev.epicgames.com/documentation/ko-kr/unreal-engine/getting-started-with-pixel-streaming-in-unreal-engine,https://raw.githubusercontent.com/nuancedegreg-blip/Sumup-images/main/images_v6/LM-67160443.jpg
LM-67160485,recovered,bing,https://www.titan.co.in/dw/image/v2/BKDD_PRD/on/demandware.static/-/Sites-titan-master-catalog/default/dw55513720/images/Helios/Catalog/AK109786CMRG_1.jpg?sw=800&sh=800,https://www.titan.co.in/product/anne-klein-quartz-analog-watch-for-women-with-beige-dial-pink-colour-metal-strap-ak109786cmrg.html,https://raw.githubusercontent.com/nuancedegreg-blip/Sumup-images/main/images_v6/LM-67160485.jpg
LM-67160534,recovered,bing,https://i.dailymail.co.uk/1s/2024/05/23/16/69288717-13448725-Natalie_Harp_pictured_with_Donald_Trump_in_2019_at_the_Faith_Fre-a-7_1716477153472.jpg,https://www.dailymail.co.uk/news/article-13448725/who-trump-aide-natalie-harp-human-printer.html,https://raw.githubusercontent.com/nuancedegreg-blip/Sumup-images/main/images_v6/LM-67160534.jpg
LM-67160541,recovered,bing,https://i.etsystatic.com/39284728/r/il/72b436/4515109575/il_fullxfull.4515109575_jzw7.jpg,https://ar.inspiredpencil.com/pictures-2023/sofia-the-first-characters-png,https://raw.githubusercontent.com/nuancedegreg-blip/Sumup-images/main/images_v6/LM-67160541.jpg
LM-67160583,recovered,bing,https://wallpapers.com/images/hd/allu-arjun-1889-x-1360-picture-38h3s2zkr9zd76xp.jpg,https://wallpapers.com/allu-arjun,https://raw.githubusercontent.com/nuancedegreg-blip/Sumup-images/main/images_v6/LM-67160583.jpg
LM-67160611,recovered,bing,https://www.jardideco.fr/img/jardideco/description/chariot-napoleon-barbecue-gaz-portatif-travelq-pro285.jpg,https://www.jardideco.fr/chariot-desserte-barbecue/28908-chariot-pliant-pour-barbecue-a-gaz-napoleon-travel-q-pro285.html,https://raw.githubusercontent.com/nuancedegreg-blip/Sumup-images/main/images_v6/LM-67160611.jpg
LM-67183151,recovered,bing,https://i.ytimg.com/vi/7vgxlP8AwA8/maxresdefault.jpg,https://www.youtube.com/watch?v=7vgxlP8AwA8,https://raw.githubusercontent.com/nuancedegreg-blip/Sumup-images/main/images_v6/LM-67183151.jpg
LM-67429306,recovered,bing,https://image.slidesharecdn.com/mitosyleyendasdeparaguay-100513161449-phpapp02/85/Mitos-y-leyendas-del-paraguay-8-320.jpg,https://es.slideshare.net/slideshow/mitos-y-leyendas-del-paraguay/4088605,https://raw.githubusercontent.com/nuancedegreg-blip/Sumup-images/main/images_v6/LM-67429306.jpg
LM-67442375,no_downloadable_image,bing,https://floridapolitics.com/wp-content/uploads/2026/03/ANGIE-NIXON-SENATE-12-copy.jpg,https://floridapolitics.com/archives/815310-angie-nixon-snags-democratic-nomination-heads-to-general-election-against-ashley-moody/,
LM-67442396,recovered,bing,https://blog.designashirt.com/wp-content/uploads/How-To-Make-A-Custom-T-Shirt-Blog-Post-Cover.png,https://blog.designashirt.com/,https://raw.githubusercontent.com/nuancedegreg-blip/Sumup-images/main/images_v6/LM-67442396.jpg
LM-67442403,recovered,bing,https://logos-world.net/wp-content/uploads/2021/03/Ford-Logo-1965-present.png,https://camera-c.de/ford-font-and-ford-logo-typography/,https://raw.githubusercontent.com/nuancedegreg-blip/Sumup-images/main/images_v6/LM-67442403.jpg
LM-67553920,recovered,bing,https://thumbs.dreamstime.com/b/serene-night-scene-featuring-vibrant-orange-building-reflective-pool-under-full-moon-clear-blue-sky-440706391.jpg,https://www.dreamstime.com/serene-night-scene-featuring-vibrant-orange-building-reflective-pool-under-full-moon-clear-blue-sky-image440706391,https://raw.githubusercontent.com/nuancedegreg-blip/Sumup-images/main/images_v6/LM-67553920.jpg
LM-67553934,recovered,bing,https://gifdb.com/images/thumbnail/thank-you-crying-szaiw402ftk62kkb.gif,https://gifdb.com/thank-you-crying,https://raw.githubusercontent.com/nuancedegreg-blip/Sumup-images/main/images_v6/LM-67553934.jpg
LM-67554606,recovered,bing,https://assets.cdn.moviepilot.de/files/b44d09b058f7962685f9c9349b13d839dc495b6af9608826d3c262dff18d/limit/1024/2000/aerger.jpg,https://www.moviepilot.de/movies/aerger-im-paradies/besetzung,https://raw.githubusercontent.com/nuancedegreg-blip/Sumup-images/main/images_v6/LM-67554606.jpg
LM-67554711,recovered,bing,https://ontheworldmap.com/canada/city/iqaluit/detailed-map-of-iqaluit.jpg,https://ontheworldmap.com/canada/city/iqaluit/,https://raw.githubusercontent.com/nuancedegreg-blip/Sumup-images/main/images_v6/LM-67554711.jpg
LM-67554935,recovered,bing,https://gymjunkies.com/wp-content/uploads/2018/12/get-ripped-fast-shredded-quickly-1.png,https://ar.inspiredpencil.com/pictures-2023/shredded-lean-body,https://raw.githubusercontent.com/nuancedegreg-blip/Sumup-images/main/images_v6/LM-67554935.jpg
LM-67554956,recovered,bing,https://upload.wikimedia.org/wikipedia/en/8/8a/CentralIntelligencePoster.jpg,https://en.wikipedia.org/wiki/Central_Intelligence,https://raw.githubusercontent.com/nuancedegreg-blip/Sumup-images/main/images_v6/LM-67554956.jpg
LM-67554970,recovered,bing,https://d20ohkaloyme4g.cloudfront.net/img/document_thumbnails/bc433222992d3576432df4d2f26d05bd/thumb_1200_1553.png,https://arena.sportepisoden.de/modelo-de-carta-de-recomendacion-laboral-en-word-gratis/,https://raw.githubusercontent.com/nuancedegreg-blip/Sumup-images/main/images_v6/LM-67554970.jpg
LM-67594961,recovered,bing,https://i.pinimg.com/originals/f1/69/11/f16911fe69d5855be28504a100d691be.jpg,https://www.artofit.org/image-gallery/644366659204687985/women-s-sexy-micro-bikinis-g-string-thongs-microkini-skinz-swimwear/,https://raw.githubusercontent.com/nuancedegreg-blip/Sumup-images/main/images_v6/LM-67594961.jpg
LM-67610144,recovered,bing,https://www.diamondartclub.com/cdn/shop/products/virgo-zodiac-galaxy-diamond-art-painting-33188320379073.jpg?v=1666896728,https://astrologytoyou.com/zodiac/virgo-zodiac-images,https://raw.githubusercontent.com/nuancedegreg-blip/Sumup-images/main/images_v6/LM-67610144.jpg
LM-67630556,recovered,bing,https://i.pinimg.com/originals/dc/ba/4c/dcba4cea9bb8384d5de545f155c55dca.jpg,https://www.pinterest.com/pin/498844096246622389/,https://raw.githubusercontent.com/nuancedegreg-blip/Sumup-images/main/images_v6/LM-67630556.jpg
LM-67637906,recovered,bing,https://i.pinimg.com/originals/49/90/75/499075a278eae6456055e4bcae4d30f2.jpg,https://storage.googleapis.com/dagtpdsvpjiose/blue-gems-meaning.html,https://raw.githubusercontent.com/nuancedegreg-blip/Sumup-images/main/images_v6/LM-67637906.jpg
LM-67638991,recovered,bing,https://keyassets.timeincuk.net/inspirewp/live/wp-content/uploads/sites/19/2024/05/edPBO303.gear_tested.buoycatcher_1_comm-630x354.jpg,https://www.pbo.co.uk/reviews/gear/buoycatcher-max-we-test-the-next-generation-boat-hook,https://raw.githubusercontent.com/nuancedegreg-blip/Sumup-images/main/images_v6/LM-67638991.jpg
LM-67712302,recovered,bing,https://i.etsystatic.com/11608121/c/1293/1027/71/254/il/8fdd4e/3235326705/il_340x270.3235326705_eak5.jpg,https://ar.inspiredpencil.com/pictures-2023/east-side-hand-sign-biggie,https://raw.githubusercontent.com/nuancedegreg-blip/Sumup-images/main/images_v6/LM-67712302.jpg
LM-67712330,recovered,bing,https://cavegamers.com/cdn/shop/files/20978_1_1d2dcffe-6b1a-44c2-98d4-ab289c711c98.jpg?v=1780972234&width=1546,https://cavegamers.com/products/tiny-toon-adventures-cartoon-workshop-nes-used,https://raw.githubusercontent.com/nuancedegreg-blip/Sumup-images/main/images_v6/LM-67712330.jpg
LM-67712372,recovered,bing,https://barchart-news-media-prod.aws.barchart.com/FCTGAM/5a9bab161a9d7fc305f54e21377e2729/1706240563.png,https://www.theglobeandmail.com/investing/markets/stocks/PFE/pressreleases/23629037/,https://raw.githubusercontent.com/nuancedegreg-blip/Sumup-images/main/images_v6/LM-67712372.jpg
LM-67712393,recovered,bing,https://www.tapeciarnia.pl/tapety/normalne/36785_desperate_housewives_eva_longoria_rozowa_sukienka.jpg,https://www.tapeciarnia.pl/36785_desperate_housewives_eva_longoria_rozowa_sukienka,https://raw.githubusercontent.com/nuancedegreg-blip/Sumup-images/main/images_v6/LM-67712393.jpg
LM-67712400,recovered,bing,https://cdn.britannica.com/01/64901-050-30A1BD6F/Route-Lewis-and-Clark-Expedition.jpg,https://www.britannica.com/event/Lewis-and-Clark-Expedition,https://raw.githubusercontent.com/nuancedegreg-blip/Sumup-images/main/images_v6/LM-67712400.jpg
LM-67712414,recovered,bing,https://wp.hindi.scoopwhoop.com/wp-content/uploads/2022/11/prrknss8fyqfaim7_1584599142-1.webp,https://hindi.scoopwhoop.com/lifestyle/history-of-playing-cards/,https://raw.githubusercontent.com/nuancedegreg-blip/Sumup-images/main/images_v6/LM-67712414.jpg
LM-67712421,recovered,bing,https://noticias-ahora.com/wp-content/uploads/2022/01/Mandocas.jpg,https://noticias-ahora.com/receta-tierra-sol-amada-deliciosas-mandocas/,https://raw.githubusercontent.com/nuancedegreg-blip/Sumup-images/main/images_v6/LM-67712421.jpg
LM-67712435,recovered,bing,https://pixnio.com/free-images/nature-landscapes/sunrise/sunset-at-la-jolla-shores-550x413.jpg,https://pixnio.com/nature-landscapes/sunrise/sunset-at-flaming-gorge-in-utah,https://raw.githubusercontent.com/nuancedegreg-blip/Sumup-images/main/images_v6/LM-67712435.jpg
LM-67712442,recovered,bing,https://iheartcraftythings.com/wp-content/uploads/2022/02/Adult-Coloring-Pages-4.jpg,https://storage.googleapis.com/travexilon/free-coloring-pages-printable-for-adults-pdf.html,https://raw.githubusercontent.com/nuancedegreg-blip/Sumup-images/main/images_v6/LM-67712442.jpg
LM-67712463,recovered,bing,https://i.ytimg.com/vi/ZKugtlAzMjQ/maxresdefault.jpg,https://www.youtube.com/watch?v=ZKugtlAzMjQ,https://raw.githubusercontent.com/nuancedegreg-blip/Sumup-images/main/images_v6/LM-67712463.jpg
LM-67712512,recovered,bing,https://cursos.protocoloimep.com/wp-content/uploads/2023/11/Diseno-sin-titulo-63-840x840.jpg,https://cursos.protocoloimep.com/team/mediapro-events/,https://raw.githubusercontent.com/nuancedegreg-blip/Sumup-images/main/images_v6/LM-67712512.jpg
LM-67712526,recovered,bing,http://www.banknotes-store.eu/contents/media/l_venezuela-10-bol..jpg,http://www.banknotes-store.eu/contents/sl/d126.html,https://raw.githubusercontent.com/nuancedegreg-blip/Sumup-images/main/images_v6/LM-67712526.jpg
LM-67712533,recovered,bing,http://www.mcimaquinas.com.br/Linha_20de_20Lavagem_20com_20Escovas0.jpg?v=1zlvs06vx7fz567,http://www.mcimaquinas.com.br/produtos.html,https://raw.githubusercontent.com/nuancedegreg-blip/Sumup-images/main/images_v6/LM-67712533.jpg
LM-67764186,recovered,bing,https://gray-gray-prod.gtv-cdn.com/resizer/v2/TSTDS5AF3NCEZKXR65NLGNUVZQ.jpg?auth=a578dda97af89b55d01851895e1c450749e26e7db795f57d426cbc444a3784fd&width=800&height=600,https://www.wltz.com/2025/12/16/former-wbrc-reporter-christina-chambers-among-2-found-dead-hoover-home/,https://raw.githubusercontent.com/nuancedegreg-blip/Sumup-images/main/images_v6/LM-67764186.jpg
LM-67798892,recovered,bing,https://www.swamprabbitmoving.com/wp-content/uploads/2025/08/moving-to-living-in-simpsonville.jpg,https://www.swamprabbitmoving.com/blog/moving-to-living-in-simpsonville-sc/,https://raw.githubusercontent.com/nuancedegreg-blip/Sumup-images/main/images_v6/LM-67798892.jpg
LM-67798934,recovered,bing,https://www.pictorem.com/uploads/collection/I/II10CMD8KIM/600_Rick-Berk_Marginal_Way_Pano_copy.jpg,https://www.pictorem.com/2019179/marginal-way/,https://raw.githubusercontent.com/nuancedegreg-blip/Sumup-images/main/images_v6/LM-67798934.jpg
LM-67833724,recovered,bing,https://us03-imgcdn.ymcart.com/97441/2024/06/27/e/d/edbfdd822706b83b.jpg,https://www.andistore.cn/Germany-2024-25-Euro-Pre-match-training-uniform-Jersey-p2145970.html,https://raw.githubusercontent.com/nuancedegreg-blip/Sumup-images/main/images_v6/LM-67833724.jpg
LM-67833745,recovered,bing,https://helloartsy.com/wp-content/uploads/kids/animals/how-to-draw-a-mouse/how-to-draw-a-mouse-step-9.jpg,https://fity.club/lists/suggestions/mouse-drawing-for-kids/,https://raw.githubusercontent.com/nuancedegreg-blip/Sumup-images/main/images_v6/LM-67833745.jpg
LM-67833752,recovered,bing,https://d3eguztg5751m.cloudfront.net/as/assets-mem-com/cmi/2/0/5/8/12408502/20250609_124357101_0_orig.jpg/-/kenneth-collins-new-bern-nc-obituary.jpg,https://www.dignitymemorial.com/obituaries/new-bern-nc/kenneth-collins-12408502,https://raw.githubusercontent.com/nuancedegreg-blip/Sumup-images/main/images_v6/LM-67833752.jpg
LM-67833766,recovered,bing,http://pontodoconhecimento.com/wp-content/uploads/2023/10/1-3.png,https://pontodoconhecimento.com/numeros-romanos/,https://raw.githubusercontent.com/nuancedegreg-blip/Sumup-images/main/images_v6/LM-67833766.jpg
LM-67835775,recovered,bing,https://www.telegraph.co.uk/content/dam/news/2020/02/09/TELEMMGLPICT000050552394_trans_NvBQzQNjv4Bqxx-aMjhNEyvNcPOg7e3c1CBUs_GxvPNOafLU4l71URY.jpeg,https://ar.inspiredpencil.com/pictures-2023/paleolithic-cave-paintings,https://raw.githubusercontent.com/nuancedegreg-blip/Sumup-images/main/images_v6/LM-67835775.jpg
LM-67835796,recovered,bing,https://i.ytimg.com/vi/iQCbya2yWKY/hqdefault.jpg?v=641a65b2,https://fity.club/lists/suggestions/Fat-Fluttershy/,https://raw.githubusercontent.com/nuancedegreg-blip/Sumup-images/main/images_v6/LM-67835796.jpg
LM-67835803,recovered,bing,https://img.freepik.com/fotos-premium/corte-moda-moderna-femenina-nueva-camisa-ai-generado_719255-10696.jpg,https://www.freepik.es/fotos-vectores-gratis/coleccion-moda-mujer,https://raw.githubusercontent.com/nuancedegreg-blip/Sumup-images/main/images_v6/LM-67835803.jpg
LM-67835824,recovered,bing,http://coloropedia.com/wp-content/uploads/2021/12/millersville-marauders-logo.png,https://coloropedia.com/millersville-university-of-pennsylvania-colors-team-logo/,https://raw.githubusercontent.com/nuancedegreg-blip/Sumup-images/main/images_v6/LM-67835824.jpg
LM-67875304,recovered,bing,https://a.mktgcdn.com/p/HRD-q-K6C0PtbI8EU19ndXK5leLddcLdy7u247MQNoo/1000x1000.jpg,https://www.chamberofcommerce.com/business-directory/texas/dallas/traditional-american-restaurant/2012649408-cheddar-s-scratch-kitchen,https://raw.githubusercontent.com/nuancedegreg-blip/Sumup-images/main/images_v6/LM-67875304.jpg
LM-68060006,recovered,bing,https://m.media-amazon.com/images/M/MV5BN2NjNmRjOTgtY2JhYy00ZGI2LWFjZjYtNjE1MDY0MGJhODk5XkEyXkFqcGc@._V1_.jpg,https://www.imdb.com/fr/name/nm8960319/mediaviewer/rm1217283073/,https://raw.githubusercontent.com/nuancedegreg-blip/Sumup-images/main/images_v6/LM-68060006.jpg
LM-68253654,recovered,bing,https://draftsim.com/wp-content/uploads/mtg-card-DB/cards/6/b/6bc26bca-c4d8-4e8b-a96a-9529fc2daed7.jpg,https://draftsim.com/mtg-horror/,https://raw.githubusercontent.com/nuancedegreg-blip/Sumup-images/main/images_v6/LM-68253654.jpg
LM-68253696,recovered,bing,https://www.motomaxsfr.com/wp-content/uploads/image-1-17.jpg,https://www.motomaxsfr.com/motorcycle-chain-sizes-dimensions-explained/,https://raw.githubusercontent.com/nuancedegreg-blip/Sumup-images/main/images_v6/LM-68253696.jpg
LM-68256454,recovered,bing,https://wallpapers.com/images/hd/blue-psg-jacket-neymar-4k-5tzylzrz7n105qij.jpg,https://wallpapers.com/neymar-jr-pictures,https://raw.githubusercontent.com/nuancedegreg-blip/Sumup-images/main/images_v6/LM-68256454.jpg
LM-68258211,recovered,bing,https://gifdb.com/images/high/cute-uwu-smug-anime-face-j6pp6nxggvu6xjtr.gif,https://gifdb.com/gif/cute-uwu-belle-delphine-r1ppyq674oozl8c0.html,https://raw.githubusercontent.com/nuancedegreg-blip/Sumup-images/main/images_v6/LM-68258211.jpg
LM-68398883,recovered,bing,https://storage.skinsort.com/y01smv4slbrasje5hm51pzla0dqn,https://skinsort.com/products/teva-pharmaceuticals/pimecrolimus-cream-1,https://raw.githubusercontent.com/nuancedegreg-blip/Sumup-images/main/images_v6/LM-68398883.jpg
LM-68398946,recovered,bing,https://pizarrasblancas.com.ar/wp-content/uploads/2023/03/pincel-lengua-gato-olami-libreriapb-pizarras-blancas-mendoza-9-1.jpg,https://fity.club/lists/2025/hoja-de-trabajo-del-mapa-político/,https://raw.githubusercontent.com/nuancedegreg-blip/Sumup-images/main/images_v6/LM-68398946.jpg
LM-68398953,recovered,bing,https://img.itch.zone/aW1nLzEzMDE5MDYuanBn/original/jCq6Dc.jpg,https://jezbot404.itch.io/lost-in-transit,https://raw.githubusercontent.com/nuancedegreg-blip/Sumup-images/main/images_v6/LM-68398953.jpg
LM-68398981,recovered,bing,https://vectorified.com/image/disney-castle-silhouette-vector-5.jpg,https://vectorified.com/disney-castle-silhouette-vector,https://raw.githubusercontent.com/nuancedegreg-blip/Sumup-images/main/images_v6/LM-68398981.jpg
LM-68399072,recovered,bing,https://img-s-msn-com.akamaized.net/tenant/amp/entityid/AA1OJW2A.img?w=1280&h=720&m=4&q=98,https://www.msn.com/en-ph/travel/historic-site-and-landmark-tours/london-england-virtual-tour/vi-AA1OJGMb,https://raw.githubusercontent.com/nuancedegreg-blip/Sumup-images/main/images_v6/LM-68399072.jpg
LM-68449955,recovered,bing,https://media.fe.training/2022/03/345bf97d-yield-curve-diagram-01-2048x1390.png,https://storage.googleapis.com/doqjnpfdgnmuke/ois-curve-vs-treasury-curve.html,https://raw.githubusercontent.com/nuancedegreg-blip/Sumup-images/main/images_v6/LM-68449955.jpg
LM-68480636,recovered,bing,https://preview.redd.it/niij4j15d0l71.jpg?width=640&crop=smart&auto=webp&s=bd18d7eaac45a66a2221bf47acddcb1681bd35d6,https://www.reddit.com/r/speedos/comments/pg9lh3/first_post_speedo_palm_spring_solar_brief/,https://raw.githubusercontent.com/nuancedegreg-blip/Sumup-images/main/images_v6/LM-68480636.jpg
LM-68530966,recovered,bing,https://americaeconomica.com/wp-content/uploads/2025/05/mapa-de-venezuela-con-bolivares.jpeg,https://americaeconomica.com/noticia/venezuela/venezuela-eleva-el-ingreso-minimo-a-240-dolares-y-sube-las-pensiones-a-70-dolares.html,https://raw.githubusercontent.com/nuancedegreg-blip/Sumup-images/main/images_v6/LM-68530966.jpg
LM-68531015,recovered,bing,https://media.telemetro.com/p/e673a3fe5466c9e85042a32ede26afdb/adjuntos/311/imagenes/018/828/0018828754/855x0/smart/sabores-colon-llega-la-ciudad-panama.jpg,https://www.telemetro.com/nacionales/sabores-colon-regresa-la-ciudad-panama-el-centro-convenciones-amador-n6047145,https://raw.githubusercontent.com/nuancedegreg-blip/Sumup-images/main/images_v6/LM-68531015.jpg
LM-68531022,recovered,bing,https://nurseslabs.com/wp-content/uploads/2016/04/Classifications-of-Placenta-Previa-640x460.png,https://nurseslabs.com/placenta-previa/,https://raw.githubusercontent.com/nuancedegreg-blip/Sumup-images/main/images_v6/LM-68531022.jpg
LM-68532464,no_downloadable_image,bing,https://blckfashion.com/wp-content/uploads/2025/01/16-Cherry-Inspired-Nail-Designs-Theyre-Too-Cute-to-Ignore.png,https://blckfashion.com/16-cherry-inspired-nail-designs-theyre-too-cute-to-ignore/,
LM-68533486,recovered,bing,https://images.seeklogo.com/logo-png/51/2/orlando-pirates-fc-logo-png_seeklogo-519974.png,https://seeklogo.com/free-vector-logos/orlando-pirates,https://raw.githubusercontent.com/nuancedegreg-blip/Sumup-images/main/images_v6/LM-68533486.jpg
LM-68534144,recovered,bing,https://thumb-nss.xhcdn.com/a/4J0EU8ppuqgZvmQPwUw2lw/025/627/874/v2/2560x1440.202.webp,https://ge.xhamster.com/videos/local-homemade-sex-desi-sex-romantic-home-made-home-made-sex-desi-sex-romantic-home-made-food-xhLVwxR,https://raw.githubusercontent.com/nuancedegreg-blip/Sumup-images/main/images_v6/LM-68534144.jpg
LM-68534151,recovered,bing,https://m.media-amazon.com/images/I/81JQQrn8iiL._AC_SL1500_.jpg,https://www.amazon.com/ZZPT-Alphonse-Mucha-Poster-Print/dp/B0BQ1GK9QR,https://raw.githubusercontent.com/nuancedegreg-blip/Sumup-images/main/images_v6/LM-68534151.jpg
LM-68534165,recovered,bing,https://gb.thefappeningblog.com/wp-content/uploads/2016/08/Melania-Trump-Naked-6-thefappening.so_.jpg,https://gb.thefappeningblog.com/gallery/melania-trump/13/,https://raw.githubusercontent.com/nuancedegreg-blip/Sumup-images/main/images_v6/LM-68534165.jpg
LM-68534172,recovered,bing,https://www.que.es/wp-content/uploads/2021/01/Que-es-la-medicina-nuclear-3.jpg,https://www.que.es/2021/01/27/que-es-medicina-nuclear/,https://raw.githubusercontent.com/nuancedegreg-blip/Sumup-images/main/images_v6/LM-68534172.jpg
LM-68534186,recovered,bing,https://edwardgeorgelondon.com/wp-content/uploads/2024/11/Cozy-craft-room-reading-nooks-featuring-oversized-armchair-and-cozy-coffee-corner-reading-nooks-683x1024.webp,https://storage.googleapis.com/vzkzdgzskrkqgobfsblog/how-to-create-a-cozy-reading-nook.html,https://raw.githubusercontent.com/nuancedegreg-blip/Sumup-images/main/images_v6/LM-68534186.jpg
LM-68534312,recovered,bing,http://whitefoxboutique.com.au/cdn/shop/files/27.4.2318318.jpg?v=1683526381,https://whitefoxboutique.com.au/products/offstage-sweatpants-posy-pink?variant=39876307910728,https://raw.githubusercontent.com/nuancedegreg-blip/Sumup-images/main/images_v6/LM-68534312.jpg
LM-68534522,recovered,bing,https://live.screendollars.com/wp-content/uploads/2021/10/JasonStatham-Profile2.jpg,https://screendollars.com/celebrity/jason-statham/,https://raw.githubusercontent.com/nuancedegreg-blip/Sumup-images/main/images_v6/LM-68534522.jpg
LM-68534543,recovered,bing,https://easydrawingguides.com/wp-content/uploads/2023/04/how-to-draw-a-cartoon-beach-featured-image-1200.png,https://storage.googleapis.com/moranelixa/beach-pictures-to-draw.html,https://raw.githubusercontent.com/nuancedegreg-blip/Sumup-images/main/images_v6/LM-68534543.jpg
LM-68534550,recovered,bing,https://i.pinimg.com/originals/b1/4f/9f/b14f9fdd5900beb3d11a55ca4cd59622.jpg,https://www.artofit.org/image-gallery/599189925463342539/alfabeto-stitch/,https://raw.githubusercontent.com/nuancedegreg-blip/Sumup-images/main/images_v6/LM-68534550.jpg
LM-68534564,recovered,bing,https://cdn11.bigcommerce.com/s-18e00/images/stencil/2560w/products/10626/17830/3925339__80453.1501095251.jpg?c=2,https://www.grandslamnewyork.com/ny-yankees-original-black-black-mvp-adjustable-cap/,https://raw.githubusercontent.com/nuancedegreg-blip/Sumup-images/main/images_v6/LM-68534564.jpg
LM-68534585,recovered,bing,https://us.thefappeningblog.com/wp-content/uploads/2023/12/Shining-Moon-Nude-Sexy-32-The-Fappening-Blog.jpg,https://us.thefappeningblog.com/gallery/shining-moon/146/,https://raw.githubusercontent.com/nuancedegreg-blip/Sumup-images/main/images_v6/LM-68534585.jpg
LM-68534592,recovered,bing,http://1.bp.blogspot.com/-lqC0qBRpgcw/UjEoUZbEvyI/AAAAAAAAABM/dulnzEEo6vw/s1600/medula+espinal+y+cerebro.jpg,http://elrincondelasideaspsicologicas.blogspot.com/2013/09/estructura-y-componentes.html,https://raw.githubusercontent.com/nuancedegreg-blip/Sumup-images/main/images_v6/LM-68534592.jpg
LM-68534606,recovered,bing,https://wallpaperaccess.com/full/8411062.jpg,https://wallpaperaccess.com/ssc-napoli,https://raw.githubusercontent.com/nuancedegreg-blip/Sumup-images/main/images_v6/LM-68534606.jpg
LM-68534613,recovered,bing,http://www.monedasdevenezuela.com/wp-content/uploads/2015/01/billetes02.jpg,https://www.monedasdevenezuela.com/billetes/extranos-simbolos-en-los-billetes-venezolanos/,https://raw.githubusercontent.com/nuancedegreg-blip/Sumup-images/main/images_v6/LM-68534613.jpg
LM-68534620,recovered,bing,https://www.igeeksblog.com/wp-content/uploads/2026/05/dave-the-diver-fortnite-2048x1024.jpg,https://www.igeeksblog.com/how-get-free-fortnite-skins/,https://raw.githubusercontent.com/nuancedegreg-blip/Sumup-images/main/images_v6/LM-68534620.jpg
LM-68534823,recovered,bing,https://img.freepik.com/fotos-premium/fruta-maca-isolada-no-fundo-branco_685067-3011.jpg,https://br.freepik.com/fotos-premium/fruta-maca-isolada-no-fundo-branco_36601310.htm,https://raw.githubusercontent.com/nuancedegreg-blip/Sumup-images/main/images_v6/LM-68534823.jpg
LM-68534865,no_downloadable_image,bing,https://i.sportisimo.com/products/images/913/913766/full/puma-st-activate-mid-wtr_1.jpg,https://www.sportisimo.com/puma/st-activate-mid-wtr/263234/,
LM-68535166,recovered,bing,https://preview.redd.it/bee-swarm-progression-guide-v0-ekz4a5d7rsmb1.jpg?width=3246&format=pjpg&auto=webp&s=87bba41f40a79f8bb3cb945fcf46ea94fbd52d6c,https://www.reddit.com/r/BeeSwarmSimulator/comments/16cao67/bee_swarm_progression_guide/?tl=fr,https://raw.githubusercontent.com/nuancedegreg-blip/Sumup-images/main/images_v6/LM-68535166.jpg
LM-68536545,recovered,bing,https://static.zerochan.net/Idia.Shroud.full.3025540.png,https://www.zerochan.net/3025540,https://raw.githubusercontent.com/nuancedegreg-blip/Sumup-images/main/images_v6/LM-68536545.jpg
LM-68536650,no_downloadable_image,bing,https://imagescdn.homes.com/i2/8E77tGEB6a_V5fJyBv5U3gD_pc6To0JxiVarJNPjzo8/115/lyn-deboer.jpg?p=1,https://www.homes.com/school/tampa-fl/orange-grove-middle-magnet-school/0yq7qg8y4dxj2/,
LM-68536664,recovered,bing,https://www.ecoustics.com/wp-content/uploads/iphone-17-pro-colors.jpg,https://www.ecoustics.com/products/apple-iphone-17-air/,https://raw.githubusercontent.com/nuancedegreg-blip/Sumup-images/main/images_v6/LM-68536664.jpg
LM-68536825,recovered,bing,https://txashop.com/wp-content/uploads/2026/07/fc-barcelona-lamine-yamal-10-football-jersey-2-1.webp,https://txashop.com/product/official-lamine-yamal-fc-barcelona-2026-27-football-jersey-6811749/,https://raw.githubusercontent.com/nuancedegreg-blip/Sumup-images/main/images_v6/LM-68536825.jpg
LM-68537546,recovered,bing,https://styles.redditmedia.com/t5_3d3mh/styles/bannerBackgroundImage_vj96lu9kgxd51.png,https://www.reddit.com/r/fredericton/comments/1bjfyd7/driving_school/,https://raw.githubusercontent.com/nuancedegreg-blip/Sumup-images/main/images_v6/LM-68537546.jpg
LM-68537553,recovered,bing,https://image.slidesharecdn.com/ram-170818062046/75/RAM-Random-Access-Memory-4-2048.jpg,https://www.slideshare.net/slideshow/presentation-on-ram-random-access-memory/78945401,https://raw.githubusercontent.com/nuancedegreg-blip/Sumup-images/main/images_v6/LM-68537553.jpg
LM-68537735,recovered,bing,https://ceramicartis.com/wp-content/uploads/2024/07/Elementos_encontrados_en_la_ciudadela_de_Caral_04.webp,https://ceramicartis.com/ceramica-caral/,https://raw.githubusercontent.com/nuancedegreg-blip/Sumup-images/main/images_v6/LM-68537735.jpg
LM-68537763,recovered,bing,https://www.cowtownlogistics.com/images/blog/moffett-delivery-101-when-a-piggyback-forklift-saves-your-jobsite/red-forklift-delivering-lumber_hu_fe723bb711f0e7f0.webp,https://www.cowtownlogistics.com/blog/moffett-delivery-101-when-a-piggyback-forklift-saves-your-jobsite/,https://raw.githubusercontent.com/nuancedegreg-blip/Sumup-images/main/images_v6/LM-68537763.jpg
LM-68537812,recovered,bing,https://images.booksense.com/images/055/505/9781955505055.jpg,https://hookedlansing.com/book/9781955505055,https://raw.githubusercontent.com/nuancedegreg-blip/Sumup-images/main/images_v6/LM-68537812.jpg
LM-68537833,recovered,bing,https://img-s-msn-com.akamaized.net/tenant/amp/entityid/AA21rmwD.img?w=1240&h=826&m=4&q=79,https://www.msn.com/en-my/health/other/launch-of-telehealth-kiosk-for-the-bandar-tun-razak-community/ar-AA21roHJ,https://raw.githubusercontent.com/nuancedegreg-blip/Sumup-images/main/images_v6/LM-68537833.jpg
LM-68537840,recovered,bing,https://www.automoli.com/common/vehicles/_assets/img/gallery/f90/volvo-340-360-343-345.jpg,https://www.automoli.com/en/vehicles/volvo/340-360/340-360-343345-1960,https://raw.githubusercontent.com/nuancedegreg-blip/Sumup-images/main/images_v6/LM-68537840.jpg
LM-68537903,recovered,bing,https://portadasde.com/wp-content/uploads/2023/07/espanol14.jpg,https://portadasde.com/portadas-de-espanol/,https://raw.githubusercontent.com/nuancedegreg-blip/Sumup-images/main/images_v6/LM-68537903.jpg
LM-68537910,recovered,bing,https://c8.alamy.com/comp/TWB4E6/interior-of-holland-tunnel-new-york-city-subway-usa-TWB4E6.jpg,https://www.alamy.com/interior-of-holland-tunnel-new-york-city-subway-usa-image256556558.html,https://raw.githubusercontent.com/nuancedegreg-blip/Sumup-images/main/images_v6/LM-68537910.jpg
LM-68537924,recovered,bing,https://logos-world.net/wp-content/uploads/2021/03/Ford-Logo-1965-present.png,https://camera-c.de/ford-font-and-ford-logo-typography/,https://raw.githubusercontent.com/nuancedegreg-blip/Sumup-images/main/images_v6/LM-68537924.jpg
LM-68537931,recovered,bing,https://thefappening.pro/wp-content/uploads/2021/03/Valery-Ponce-Nude-TheFappening.Pro-4-1054x1536.jpg,https://thefappening.pro/valery-ponce-the-fappening-nude-25-photos/,https://raw.githubusercontent.com/nuancedegreg-blip/Sumup-images/main/images_v6/LM-68537931.jpg
LM-68537952,recovered,bing,https://arteus.pe/cdn/shop/files/ups-respaldo-de-energia-10kva10kw-apc-srtg10kxli-concentrador-de-energia-en-linea-de-doble-conversion-smart-ups-rt-racktorre-puerto-serial-arteus-1_800x.jpg?v=1708737067,https://arteus.pe/products/apc-srtg10kxli,https://raw.githubusercontent.com/nuancedegreg-blip/Sumup-images/main/images_v6/LM-68537952.jpg
LM-68537973,recovered,bing,https://psicoblog.org/wp-content/uploads/actividades-divertidas-para-adultos-mayores-mejora-tu-vida.webp,https://psicoblog.org/juegos-para-jugar-con-tus-amigos/,https://raw.githubusercontent.com/nuancedegreg-blip/Sumup-images/main/images_v6/LM-68537973.jpg
LM-68537980,recovered,bing,https://images.pexels.com/photos/37410/heart-love-romance-valentine.jpg?cs=srgb&dl=heart-romantic-romance-37410.jpg&fm=jpg,https://www.pexels.com/photo/mini-red-hearts-wallpaper-776635/,https://raw.githubusercontent.com/nuancedegreg-blip/Sumup-images/main/images_v6/LM-68537980.jpg
LM-68538162,recovered,bing,https://media.karousell.com/media/photos/products/2023/1/25/vintage_80s_golliwog_rag_doll_1674636976_19b50da0_progressive.jpg,https://www.carousell.com.my/p/vintage-80s-golly-golliwog-rag-doll-1211455088/,https://raw.githubusercontent.com/nuancedegreg-blip/Sumup-images/main/images_v6/LM-68538162.jpg
LM-68538596,recovered,bing,https://i.etsystatic.com/19458664/r/il/a3a5ee/4258006840/il_794xN.4258006840_eiqn.jpg,https://www.etsy.com/uk/listing/1326584307/vintage-1960-70s-mature-nude-pinup-model,https://raw.githubusercontent.com/nuancedegreg-blip/Sumup-images/main/images_v6/LM-68538596.jpg
LM-68538743,recovered,bing,https://climaidprojectvr.eu/wp-content/uploads/2024/03/Undergroud-Cystern_The_staircase_leading_to_the_lower_levels_of_the_underground_cistern_of_Mycenae_on_26_March_2019.jpg,https://climaidprojectvr.eu/entrance-to-the-underground-cistern-of-mycenae-peloponnese-greece/,https://raw.githubusercontent.com/nuancedegreg-blip/Sumup-images/main/images_v6/LM-68538743.jpg
LM-68538750,recovered,bing,https://66.media.tumblr.com/d086cdd293520ebbdf9c7ffa1d56c3c2/tumblr_inline_n75aedGJkU1qmzts5.jpg,https://ar.inspiredpencil.com/pictures-2023/dragon-tales-live,https://raw.githubusercontent.com/nuancedegreg-blip/Sumup-images/main/images_v6/LM-68538750.jpg
LM-68538771,recovered,bing,https://i.ytimg.com/vi/5Lpi4ztwWbo/maxresdefault.jpg,https://www.youtube.com/watch?v=5Lpi4ztwWbo,https://raw.githubusercontent.com/nuancedegreg-blip/Sumup-images/main/images_v6/LM-68538771.jpg
LM-68538785,recovered,bing,https://www.lulus.com/images/product/xlarge/9411121_1957716.jpg?w=375&hdpi=1,https://fity.club/lists/r/red-long-sleeve-crop-top-outfit/,https://raw.githubusercontent.com/nuancedegreg-blip/Sumup-images/main/images_v6/LM-68538785.jpg
LM-68540486,recovered,bing,https://www.centrepompidou.fr/media/picture/75/62/75625e9f2c58164c49662338e145dde7/thumb_large.jpg,https://www.centrepompidou.fr/fr/ressources/oeuvre/caz9qy8,https://raw.githubusercontent.com/nuancedegreg-blip/Sumup-images/main/images_v6/LM-68540486.jpg
LM-68540514,recovered,bing,https://d1csarkz8obe9u.cloudfront.net/posterpreviews/travel-ads-logo-template.c-design-ec614a2b97a3ab9941f2534964a9e679_screen.jpg?ts=1651065298,https://www.postermywall.com/index.php/art/template/ec614a2b97a3ab9941f2534964a9e679/travel-ads-logo-template.c-design,https://raw.githubusercontent.com/nuancedegreg-blip/Sumup-images/main/images_v6/LM-68540514.jpg
LM-68553681,recovered,bing,https://i5.walmartimages.com/seo/Meta-Quest-3-512GB-Powerful-Quest-Ultimate-Mixed-Reality-Experiences-Get-Batman-Arkham-Shadow-3-Month-Trial-Meta-Quest-Included_6c74f204-de2d-4943-a0dd-a6c59e42942d.d2b33dd56b157a3d534c0fd907ea1202.jpeg,https://www.walmart.com/ip/Meta-Quest-3-512GB-Powerful-Quest-Ultimate-Mixed-Reality-Experiences-Get-Batman-Arkham-Shadow-3-Month-Trial-Meta-Quest-Included/3551794083,https://raw.githubusercontent.com/nuancedegreg-blip/Sumup-images/main/images_v6/LM-68553681.jpg
LM-68563425,recovered,bing,https://www.blogpress.id/wp-content/uploads/2024/08/Apakah-Whatsapp-Web-Bisa-Keluar-Sendiri.png,https://www.blogpress.id/apakah-whatsapp-web-bisa-keluar-sendiri/,https://raw.githubusercontent.com/nuancedegreg-blip/Sumup-images/main/images_v6/LM-68563425.jpg
LM-68610101,recovered,bing,https://daisychung.com/wp-content/uploads/2018/01/infoposter_CJD-infograph_DC2015.jpg,https://daisychung.com/portfolio/items/creutzfeldt-jakob-disease/,https://raw.githubusercontent.com/nuancedegreg-blip/Sumup-images/main/images_v6/LM-68610101.jpg
LM-68618025,recovered,bing,https://gray-wdbj-prod.gtv-cdn.com/resizer/v2/CRALSWLTZ5F4PKDH36AJAW5AGU.jpg?auth=482fd910ed6a1f1ded0c87ac5155669e97521ab2da179bdeb83ff61fd356d883&width=980&height=1306&smart=true,https://www.wdbj7.com/2025/07/09/3-bobcat-kittens-under-care-southwest-virginia-wildlife-center/,https://raw.githubusercontent.com/nuancedegreg-blip/Sumup-images/main/images_v6/LM-68618025.jpg
LM-68642245,recovered,bing,https://i.pinimg.com/originals/de/68/70/de6870b3e388fee12fdb0ac052e6531b.png,https://storage.googleapis.com/doieazybljiiye/workouts-for-qbs.html,https://raw.githubusercontent.com/nuancedegreg-blip/Sumup-images/main/images_v6/LM-68642245.jpg
LM-68883325,recovered,bing,https://wallpapers.com/images/hd/digital-cracked-screen-effect-fvgajk1bh0b5miqp.jpg,https://wallpapers.com/fake-broken-screen,https://raw.githubusercontent.com/nuancedegreg-blip/Sumup-images/main/images_v6/LM-68883325.jpg
LM-68913173,recovered,bing,https://intervircantinhodosaber.com.br/wp-content/uploads/2025/08/IMG_3225-scaled.jpeg,https://intervircantinhodosaber.com.br/produto/moldura-para-foto-no-bambole-folclore-brasileiro/,https://raw.githubusercontent.com/nuancedegreg-blip/Sumup-images/main/images_v6/LM-68913173.jpg
LM-68944106,recovered,bing,https://telesystem.com.mx/store/612-large_default/organizador-vertical-para-rack-4-pies.jpg,https://telesystem.com.mx/store/organizador-de-cable/200-organizador-vertical-para-rack-4-pies.html,https://raw.githubusercontent.com/nuancedegreg-blip/Sumup-images/main/images_v6/LM-68944106.jpg
LM-69051871,recovered,bing,https://www.newsday.com/_next/image?url=https:%2F%2Fcdn.newsday.com%2Fimage-service%2Fversion%2Fc:Y2EwMjZlNDAtNGQ3OS00:NTYyODVjYzgtMmUxZi00%2Ffdtruck250515_photos.jpg%3Ff%3DLandscape%2B16%253A9%26w%3D768%26q%3D1&w=1920&q=80,https://www.newsday.com/lifestyle/restaurants/food-trucks-long-island-evy56w9j,https://raw.githubusercontent.com/nuancedegreg-blip/Sumup-images/main/images_v6/LM-69051871.jpg
LM-69150011,recovered,bing,https://thumbs.dreamstime.com/z/be-wise-guy-give-math-try-scared-man-back-to-school-bearded-man-hold-book-triangle-brutal-man-ready-geometry-be-wise-guy-259722234.jpg,https://www.dreamstime.com/be-wise-guy-give-math-try-scared-man-back-to-school-bearded-man-hold-book-triangle-brutal-man-ready-geometry-be-wise-guy-image259722234,https://raw.githubusercontent.com/nuancedegreg-blip/Sumup-images/main/images_v6/LM-69150011.jpg
LM-69188630,recovered,bing,https://i.ytimg.com/vi/vDuzzsyhRJA/maxresdefault.jpg,https://www.youtube.com/watch?v=vDuzzsyhRJA,https://raw.githubusercontent.com/nuancedegreg-blip/Sumup-images/main/images_v6/LM-69188630.jpg
LM-69191521,recovered,bing,http://i0.kym-cdn.com/entries/icons/facebook/000/024/171/Screen_Shot_2017-10-20_at_2.10.41_PM.jpg,http://knowyourmeme.com/memes/knuckles-sings,https://raw.githubusercontent.com/nuancedegreg-blip/Sumup-images/main/images_v6/LM-69191521.jpg
LM-69191535,recovered,bing,https://photos.zillowstatic.com/fp/81e733f7bbfb05dbadba83ddba255684-cc_ft_1536.jpg,https://www.zillow.com/homedetails/149-Bleecker-St-APT-3R-Brooklyn-NY-11221/460852981_zpid/,https://raw.githubusercontent.com/nuancedegreg-blip/Sumup-images/main/images_v6/LM-69191535.jpg
LM-69191542,recovered,bing,https://static.wikia.nocookie.net/marvelmovies/images/3/3e/Byron_Briscoe.jpg/revision/latest?cb=20221228165737,https://marvel-movies.fandom.com/wiki/Byron_Briscoe,https://raw.githubusercontent.com/nuancedegreg-blip/Sumup-images/main/images_v6/LM-69191542.jpg
LM-69191556,recovered,bing,https://thumbs.dreamstime.com/z/macon-georgia-usa-historic-downtown-skyline-macon-georgia-usa-historic-downtown-skyline-above-afternoon-158652444.jpg,https://www.dreamstime.com/macon-georgia-usa-historic-downtown-skyline-macon-georgia-usa-historic-downtown-skyline-above-afternoon-image158652444,https://raw.githubusercontent.com/nuancedegreg-blip/Sumup-images/main/images_v6/LM-69191556.jpg
LM-69191570,recovered,bing,https://megaconstrucciones.net/images/edificios-civiles/foto14/walzin-chateau-25.jpg,https://megaconstrucciones.net/?construccion=castillo-walzin,https://raw.githubusercontent.com/nuancedegreg-blip/Sumup-images/main/images_v6/LM-69191570.jpg
LM-69205423,recovered,bing,https://rainbowproductions.co.uk/wp-content/uploads/2023/08/Ben-and-Holly-768x768.jpg,https://rainbowproductions.co.uk/character/ben-and-holly/,https://raw.githubusercontent.com/nuancedegreg-blip/Sumup-images/main/images_v6/LM-69205423.jpg
LM-69205465,recovered,bing,https://gaadiwaadi.com/wp-content/uploads/2021/07/Royal-Enfield-modified-bulleteer-customs-1.jpg,https://gaadiwaadi.com/royal-enfield-bullet-cast-iron-modified-into-a-stunning-bobber/,https://raw.githubusercontent.com/nuancedegreg-blip/Sumup-images/main/images_v6/LM-69205465.jpg
LM-69205556,recovered,bing,https://blogger.googleusercontent.com/img/b/R29vZ2xl/AVvXsEg8KVypwOaMKQPJslfpzLxlGB_c4AiWjDkWoiP2TUILE5rVvKEzpmbvymW71FhtQJ2h7VfD_zlp0tJNzZi2skJhzQn-M9_JNM99RGGF_rQyEKF5FJ4yeYdR1gKDkdQDS7esj189mfGgmDxoP8B5gUITBF6z0vNIxR9trABgdC9Pyuj4Ci09lwKfGGBhKKTu/s2560/09_nissan_kicks_sense_2026.jpg,https://www.car.blog.br/2025/06/novo-kicks-2026-chega-as.html,https://raw.githubusercontent.com/nuancedegreg-blip/Sumup-images/main/images_v6/LM-69205556.jpg
LM-69331584,recovered,bing,https://media.gettyimages.com/id/1749962911/photo/miami-florida-chayanne-performs-onstage-during-the-2023-iheart-fiesta-latina-at-kaseya-center.jpg?s=612x612&w=gi&k=20&c=WOZz0p5uJpZRjTn7V6CKkCfwPFbZngl3qospRbAF4oU=,https://www.gettyimages.ie/photos/chayanne-concert,https://raw.githubusercontent.com/nuancedegreg-blip/Sumup-images/main/images_v6/LM-69331584.jpg
LM-69389796,recovered,bing,https://gifdb.com/images/high/funny-happy-friday-minions-friend-c3yvy5e11wqa0em0.gif,https://gifdb.com/funny-happy-friday,https://raw.githubusercontent.com/nuancedegreg-blip/Sumup-images/main/images_v6/LM-69389796.jpg
LM-69415262,recovered,bing,https://milcartas.net/wp-content/uploads/2021/06/plantilla-modelo-formato-ejemplo-carta-sunat.png,https://milcartas.net/administrativa/sunat/,https://raw.githubusercontent.com/nuancedegreg-blip/Sumup-images/main/images_v6/LM-69415262.jpg
LM-69466712,recovered,bing,https://d1izoyu1tdmpr.cloudfront.net/images/goddess-durga-temple-idol-4k-hd-wallpapers-free-download.jpg,https://godsphoto.com/images/goddess-durga-temple-idol-4k-hd-wallpapers-free-download,https://raw.githubusercontent.com/nuancedegreg-blip/Sumup-images/main/images_v6/LM-69466712.jpg
LM-69489434,recovered,bing,https://img.youtube.com/vi/g5OX13Cnbs4/maxresdefault.jpg,https://www.solutionsstores.com/ragweed-control,https://raw.githubusercontent.com/nuancedegreg-blip/Sumup-images/main/images_v6/LM-69489434.jpg
LM-69529432,recovered,bing,https://preview.redd.it/if-elaine-is-baltimore-orioles-fan-then-why-did-she-clap-v0-bo9b1r4sn6pb1.jpg?width=640&crop=smart&auto=webp&s=3867b13c63a8cbefa04b84c2661a0c0ef03bbe3b,https://www.reddit.com/r/seinfeld/comments/16mmjmt/if_elaine_is_baltimore_orioles_fan_then_why_did/,https://raw.githubusercontent.com/nuancedegreg-blip/Sumup-images/main/images_v6/LM-69529432.jpg
LM-69576633,recovered,bing,https://cdn.justjared.com/wp-content/uploads/2017/01/hayden-skiing2/hayden-paneteire-shares-video-of-her-daughter-kaya-skiing-04.jpg,https://www.justjared.com/photo-gallery/3837209/hayden-paneteire-shares-video-of-her-daughter-kaya-skiing-04/,https://raw.githubusercontent.com/nuancedegreg-blip/Sumup-images/main/images_v6/LM-69576633.jpg
LM-69600923,recovered,bing,https://cdn.vox-cdn.com/thumbor/0wNDZ9lX8sxCODXMUNluiovDbio=/0x0:2040x1351/1920x0/filters:focal(0x0:2040x1351):no_upscale()/cdn.vox-cdn.com/uploads/chorus_asset/file/18298254/twarren_190709_3533_0004.jpg,https://www.theverge.com/2020/6/26/21297400/microsoft-retail-stores-closing-cities-open,https://raw.githubusercontent.com/nuancedegreg-blip/Sumup-images/main/images_v6/LM-69600923.jpg
LM-69600944,recovered,bing,https://tatuajesymoda.com/wp-content/uploads/2022/12/6-Unas-Soft-Gel-bailarina-corta-con-esmalte-rosado-escarchado-en-dedo-medio-nude-con-pedreria-en-borde-en-dedos-indice-y-menique-diseno-de-rosas-blancas-en-dedo-anular.jpg,https://tatuajesymoda.com/moda-mujer/manicura-unas-nail/unas-soft-gel-30-hermosos-disenos/,https://raw.githubusercontent.com/nuancedegreg-blip/Sumup-images/main/images_v6/LM-69600944.jpg
LM-69600951,recovered,bing,https://png.pngtree.com/thumb_back/fh260/back_our/20190620/ourmid/pngtree-blue-baby-boy-card-design-vector-material-image_159411.jpg,https://pt.pngtree.com/free-backgrounds-photos/azul-bebe,https://raw.githubusercontent.com/nuancedegreg-blip/Sumup-images/main/images_v6/LM-69600951.jpg
LM-69600972,recovered,bing,https://img.freepik.com/premium-photo/free-photo-luxurious-mansion-with-lush-garden-beautiful-sunset-background_650144-557.jpg?w=2000,https://www.freepik.com/premium-ai-image/free-photo-luxurious-mansion-with-lush-garden-beautiful-sunset-background_64339090.htm,https://raw.githubusercontent.com/nuancedegreg-blip/Sumup-images/main/images_v6/LM-69600972.jpg
LM-69600993,recovered,bing,https://rantlayout.com/og/rantlayout-og.png,https://rantlayout.com/rant-layout-maker,https://raw.githubusercontent.com/nuancedegreg-blip/Sumup-images/main/images_v6/LM-69600993.jpg
LM-69601000,recovered,bing,https://thumbs.dreamstime.com/z/greek-theatre-ruins-mount-etna-background-roman-taormina-sicily-italy-46774592.jpg,https://www.dreamstime.com/stock-photo-greek-theatre-ruins-mount-etna-background-roman-taormina-sicily-italy-image46774592,https://raw.githubusercontent.com/nuancedegreg-blip/Sumup-images/main/images_v6/LM-69601000.jpg
LM-69601021,recovered,bing,https://mlqd7brumjxc.i.optimole.com/cb:QerJ.56f66/w:auto/h:auto/q:mauto/f:best/https://www.ervanarioportuense.pt/wp-content/uploads/2021/02/acerola.png,https://www.ervanarioportuense.pt/loja/suplementos/sistema-imunitario/acerola-1000mg/,https://raw.githubusercontent.com/nuancedegreg-blip/Sumup-images/main/images_v6/LM-69601021.jpg
LM-69601035,recovered,bing,https://i.pinimg.com/originals/14/76/12/1476124616befc25250bc53fe0bfd4e3.jpg,https://fity.club/lists/suggestions/disfraz-de-harry-hook-descendientes-2/,https://raw.githubusercontent.com/nuancedegreg-blip/Sumup-images/main/images_v6/LM-69601035.jpg
LM-69601042,recovered,bing,https://cdn.mahlatini.com/destinations/kenya/samburu-and-shaba/saruni-samburu/_2400x1350_crop_center-center_none/saruni-samburu-saruni-samburu-views-2400.jpg,https://www.mahlatini.com/kenya/samburu-and-shaba/saruni-samburu,https://raw.githubusercontent.com/nuancedegreg-blip/Sumup-images/main/images_v6/LM-69601042.jpg
LM-69601063,recovered,bing,https://img00.deviantart.net/56ed/i/2016/003/a/8/ocean_in_her_eyes_by_rawsueshii-d9mmbtv.jpg,https://rawsueshii.deviantart.com/art/Ocean-in-Her-Eyes-582188899,https://raw.githubusercontent.com/nuancedegreg-blip/Sumup-images/main/images_v6/LM-69601063.jpg
LM-69601070,recovered,bing,https://media.tenor.com/O5-yNEaN5NwAAAAe/georgia-bulldogs-bulldogs.png,https://fity.club/lists/suggestions/georgia-bulldogs-birthday-memes/,https://raw.githubusercontent.com/nuancedegreg-blip/Sumup-images/main/images_v6/LM-69601070.jpg
LM-69601091,recovered,bing,https://www.viajarabelgica.com/img/que-visitar-brujas-belgica.jpg,https://portugalessence.com/blog/que-ver-en-brujas-en-dos-dias,https://raw.githubusercontent.com/nuancedegreg-blip/Sumup-images/main/images_v6/LM-69601091.jpg
LM-69602946,recovered,bing,https://thumbs.dreamstime.com/b/nubes-y-luz-solar-en-tonos-pastel-fondo-de-degradado-color-generador-ayuda-ilustraciones-con-colores-302523257.jpg,https://es.dreamstime.com/nubes-y-luz-solar-en-tonos-pastel-fondo-de-degradado-color-generador-ayuda-ilustraciones-con-colores-image302523257,https://raw.githubusercontent.com/nuancedegreg-blip/Sumup-images/main/images_v6/LM-69602946.jpg
LM-69624373,recovered,bing,https://mediaproxy.tvtropes.org/width/1200/https://static.tvtropes.org/pmwiki/pub/images/immagine_2024_06_18_035947649.png,https://tvtropes.org/pmwiki/pmwiki.php/VideoGame/MarioInAnimatronicHorrorRemastered,https://raw.githubusercontent.com/nuancedegreg-blip/Sumup-images/main/images_v6/LM-69624373.jpg
LM-69645352,recovered,bing,https://i.ytimg.com/vi/zV9hXnOIkvc/maxresdefault.jpg,https://www.youtube.com/watch?v=zV9hXnOIkvc,https://raw.githubusercontent.com/nuancedegreg-blip/Sumup-images/main/images_v6/LM-69645352.jpg
LM-69645366,recovered,bing,https://d.newsweek.com/en/full/2427144/president-joe-biden.jpg,https://www.breakingchristiannews.com/articles/display_art.html?ID=41828,https://raw.githubusercontent.com/nuancedegreg-blip/Sumup-images/main/images_v6/LM-69645366.jpg
LM-69652975,recovered,bing,https://i.pinimg.com/736x/d4/6c/23/d46c2381690f3e0ad679354e0cb1205d.jpg?nii=t,https://fr.pinterest.com/pin/492649954385197/,https://raw.githubusercontent.com/nuancedegreg-blip/Sumup-images/main/images_v6/LM-69652975.jpg
LM-69704131,recovered,bing,https://upload.wikimedia.org/wikipedia/commons/thumb/1/1f/Justin_Allgaier_Sonoma_2026.jpg/250px-Justin_Allgaier_Sonoma_2026.jpg?utm_source=en.wikipedia.org&utm_campaign=parser&utm_content=thumbnail,https://en.wikipedia.org/wiki/2026_NASCAR_O%27Reilly_Auto_Parts_Series,https://raw.githubusercontent.com/nuancedegreg-blip/Sumup-images/main/images_v6/LM-69704131.jpg
LM-69858684,recovered,bing,https://p.vitalmtb.com/styles/max_2600x2600/s3/photos/inline/editor/20241206_YT_MOB_MediaCamp_SR32386.jpg?VersionId=HpDhm1rwVcjLEOzmo7.GqREUviP7pbZ5&itok=buzXK8Tv,https://www.vitalmtb.com/news/press-release/yt-mob-announce-kasper-woolley-moves-edr-dh-team,https://raw.githubusercontent.com/nuancedegreg-blip/Sumup-images/main/images_v6/LM-69858684.jpg
LM-69870675,recovered,bing,https://sc01.alicdn.com/kf/HTB1n8FDe77mBKNjSZFyq6zydFXaL/220948016/HTB1n8FDe77mBKNjSZFyq6zydFXaL.jpg,https://www.alibaba.com/product-detail/Galium-aparine-cleavers-extract-powder_60758667865.html,https://raw.githubusercontent.com/nuancedegreg-blip/Sumup-images/main/images_v6/LM-69870675.jpg
LM-69955242,recovered,bing,https://s3-media0.fl.yelpcdn.com/bphoto/g3uFDfLDrFY3sXIu1xoQsQ/l.jpg,https://www.yelp.ca/biz/vanex-currency-exchange-coquitlam,https://raw.githubusercontent.com/nuancedegreg-blip/Sumup-images/main/images_v6/LM-69955242.jpg
LM-69962781,recovered,bing,http://4.bp.blogspot.com/-5pJtbPK0BXA/UQ7O0h6-FWI/AAAAAAAAAuE/1MC66CwuAXo/s1600/2013-02-03+14.31.52.jpg,http://editronikx.blogspot.com/2013/02/como-hacer-puentes-para-protoboard.html,https://raw.githubusercontent.com/nuancedegreg-blip/Sumup-images/main/images_v6/LM-69962781.jpg
LM-69962795,recovered,bing,https://cdn.sex.com/images/pinporn/2022/05/18/27299329.gif?width=300,https://www.sex.com/search/gifs?query=foreplay-breasts,https://raw.githubusercontent.com/nuancedegreg-blip/Sumup-images/main/images_v6/LM-69962795.jpg
LM-69962991,recovered,bing,https://cdn.shopify.com/s/files/1/0059/8835/2052/products/Weeping_Norway_SPruce_2_grande.jpg?v=1620936013,https://www.fast-growing-trees.com/products/weeping-norway-spruce-tree,https://raw.githubusercontent.com/nuancedegreg-blip/Sumup-images/main/images_v6/LM-69962991.jpg
LM-69963075,recovered,bing,https://cdnb.artstation.com/p/assets/covers/images/059/446/739/large/kamil-teczynski-kamil-teczynski-crossguard-lightsaber.jpg?1676400496,https://www.artstation.com/artwork/39l86B,https://raw.githubusercontent.com/nuancedegreg-blip/Sumup-images/main/images_v6/LM-69963075.jpg
LM-69963096,recovered,bing,https://media.istockphoto.com/id/1498288272/photo/chickenpox-vaccine-in-a-vial-immunization-and-treatment-of-infection.jpg?s=1024x1024&w=is&k=20&c=3IIIYQC3HAnU0CsgnDOVk17_igtwTKUpCp6kelbhXp8=,https://www.istockphoto.com/photo/chickenpox-vaccine-in-a-vial-immunization-and-treatment-of-infection-gm1498288272-520373657,https://raw.githubusercontent.com/nuancedegreg-blip/Sumup-images/main/images_v6/LM-69963096.jpg
LM-69963110,recovered,bing,https://i.redd.it/e56kv8qwb6q51.png,https://ar.inspiredpencil.com/pictures-2023/nanami-chiaki-sprite,https://raw.githubusercontent.com/nuancedegreg-blip/Sumup-images/main/images_v6/LM-69963110.jpg
LM-69963131,recovered,bing,https://www.nidirect.gov.uk/sites/default/files/styles/nigov_full_1240_x2/public/images/A-Z_shingles-2_22012020.jpg?itok=MHtQUqAA,https://www.nidirect.gov.uk/conditions/shingles,https://raw.githubusercontent.com/nuancedegreg-blip/Sumup-images/main/images_v6/LM-69963131.jpg
LM-69963166,recovered,bing,https://us.rule34.xxx/images/2721/a1bec1d988a7e033b41a2289ddbb28c4.png?11728603,https://rule34.xxx/index.php?page=post&s=view&id=11728603,https://raw.githubusercontent.com/nuancedegreg-blip/Sumup-images/main/images_v6/LM-69963166.jpg
LM-69963180,recovered,bing,https://i.redd.it/ayw0szb02b2c1.jpg,https://catwhisk.com/how-to-identify-cat-breed/,https://raw.githubusercontent.com/nuancedegreg-blip/Sumup-images/main/images_v6/LM-69963180.jpg
LM-69963215,recovered,bing,https://www.ourescapeclause.com/wp-content/uploads/2016/04/shutterstock_378871036-scaled.jpg,https://www.ourescapeclause.com/things-to-do-in-atlantic-beach-nc/,https://raw.githubusercontent.com/nuancedegreg-blip/Sumup-images/main/images_v6/LM-69963215.jpg
LM-69999020,recovered,bing,https://www.imobiliariawinter.com/admin/imovel/mini/20220630T1011020300-659713919.jpg,https://www.imobiliariawinter.com/1771/imoveis/venda-casa-5-quartos-vila-rica-feliz-rs,https://raw.githubusercontent.com/nuancedegreg-blip/Sumup-images/main/images_v6/LM-69999020.jpg
LM-70027832,recovered,bing,https://nitethrive.com/wp-content/uploads/2020/08/Downtown-las-vegas-map.jpg,https://printable.rjuuc.edu.np/en/printable-map-of-fremont-street-las-vegas.html,https://raw.githubusercontent.com/nuancedegreg-blip/Sumup-images/main/images_v6/LM-70027832.jpg
LM-70027972,recovered,bing,https://cdn.quotesgram.com/img/59/9/45180277-Adam-Sandler-Cant-Handle-Losing-His-Fiancee-In-The-Wedding-Singer.jpg,https://quotesgram.com/wedding-singer-movie-quotes/,https://raw.githubusercontent.com/nuancedegreg-blip/Sumup-images/main/images_v6/LM-70027972.jpg
LM-70027993,recovered,bing,https://waterfront-restaurants.com/wp-content/uploads/2025/05/Deck-84ChIJx706ANDf2IgR1IAq0ep9UvQ.jpg,https://waterfront-restaurants.com/restaurants/deck-84-2/,https://raw.githubusercontent.com/nuancedegreg-blip/Sumup-images/main/images_v6/LM-70027993.jpg
LM-70028063,recovered,bing,https://imag.malavida.com/mvimgbig/download-fs/wa-web-plus-24471-4.jpg,https://www.malavida.com/es/soft/wa-web-plus/,https://raw.githubusercontent.com/nuancedegreg-blip/Sumup-images/main/images_v6/LM-70028063.jpg
LM-70028070,recovered,bing,https://images.dubizzle.com.bh/thumbnails/6532149-800x600.jpeg,https://www.dubizzle.com.bh/en/ad/iphone-15-pro-256gb-ID105731323.html,https://raw.githubusercontent.com/nuancedegreg-blip/Sumup-images/main/images_v6/LM-70028070.jpg
LM-70028161,recovered,bing,https://d2gfz7wkiigkmv.cloudfront.net/pickin/2/7/5/WkXeV_vNR2KeutI3ZgYxkw,https://www.wishbucket.io/items/3014678,https://raw.githubusercontent.com/nuancedegreg-blip/Sumup-images/main/images_v6/LM-70028161.jpg
LM-70028182,recovered,bing,https://static.vecteezy.com/system/resources/previews/031/236/769/large_2x/homepage-of-xnxx-website-on-the-display-of-pc-url-xnxx-com-free-photo.jpg,https://www.vecteezy.com/photo/31236769-homepage-of-xnxx-website-on-the-display-of-pc-url-xnxx-com,https://raw.githubusercontent.com/nuancedegreg-blip/Sumup-images/main/images_v6/LM-70028182.jpg
LM-70028203,recovered,bing,https://i.pinimg.com/originals/fb/68/43/fb684355196b6d3c882465720d346fc7.png,https://www.artofit.org/image-gallery/384705993199636097/top-50-badass-dog-names/,https://raw.githubusercontent.com/nuancedegreg-blip/Sumup-images/main/images_v6/LM-70028203.jpg
LM-70028224,no_downloadable_image,bing,https://us.rule34.xxx/samples/5892/sample_a02a001ab69b26d129c019b3fb8cc8bd7265dd22.jpg?9555630,https://rule34.xxx/index.php?page=post&s=view&id=9555630,
LM-70028231,recovered,bing,https://i.pinimg.com/originals/4a/25/b5/4a25b5f11114f68c6a75a2825f6baaef.jpg,https://dk.pinterest.com/pin/361836151333244973/,https://raw.githubusercontent.com/nuancedegreg-blip/Sumup-images/main/images_v6/LM-70028231.jpg
LM-70028252,recovered,bing,https://static.tildacdn.com/tild6466-6339-4635-b931-333830613332/adkar-change-model-o.png,https://dblinov.com/post-digital-transformation-roadmaps,https://raw.githubusercontent.com/nuancedegreg-blip/Sumup-images/main/images_v6/LM-70028252.jpg
LM-70028280,recovered,bing,https://i.etsystatic.com/47456743/r/il/1cbde7/6338137717/il_1080xN.6338137717_he2i.jpg,https://www.etsy.com/listing/1798103849/hollyhock-flowers-pink-purple-clipart,https://raw.githubusercontent.com/nuancedegreg-blip/Sumup-images/main/images_v6/LM-70028280.jpg
LM-70028301,recovered,bing,https://wallpaperaccess.com/full/4137234.jpg,https://wallpaperaccess.com/anna-faris,https://raw.githubusercontent.com/nuancedegreg-blip/Sumup-images/main/images_v6/LM-70028301.jpg
LM-70028322,recovered,bing,https://m.media-amazon.com/images/I/21A6tUmCpuL.jpg,https://ww3.ferreteriayherramientas.com/accesorios-y-refacciones/para-maquinas-electricas/seguetas-para-maquinas-electricas/cegueta/,https://raw.githubusercontent.com/nuancedegreg-blip/Sumup-images/main/images_v6/LM-70028322.jpg
LM-70028336,recovered,bing,https://media.giphy.com/media/Q71I0w9viMsmY/giphy.gif,https://westchesterwoman.org/contactadvertise/,https://raw.githubusercontent.com/nuancedegreg-blip/Sumup-images/main/images_v6/LM-70028336.jpg
LM-70028364,recovered,bing,https://hlcopters.com/wp-content/uploads/2022/08/Northrop_Grumman_15th_Anniversary_E-2D_Advanced_Hawkeye_First_Flight-2-scaled.jpg,https://hlcopters.com/15th-anniversary-of-e-2d-advanced-hawkeye-first-flight/,https://raw.githubusercontent.com/nuancedegreg-blip/Sumup-images/main/images_v6/LM-70028364.jpg
LM-70028392,recovered,bing,https://images8.alphacoders.com/130/1304871.jpg,https://wallpaperhub.github.io/background/fantasy-forest-background,https://raw.githubusercontent.com/nuancedegreg-blip/Sumup-images/main/images_v6/LM-70028392.jpg
LM-70028441,recovered,bing,https://c8.alamy.com/comp/2A92819/italy-piedmont-turin-mazzonis-palace-mao-museum-museo-darte-orientale-museum-of-oriental-art-2A92819.jpg,https://www.alamy.com/italy-piedmont-turin-mazzonis-palace-mao-museum-museo-darte-orientale-museum-of-oriental-art-image332579109.html,https://raw.githubusercontent.com/nuancedegreg-blip/Sumup-images/main/images_v6/LM-70028441.jpg
LM-70028462,recovered,bing,https://images-wixmp-ed30a86b8c4ca887773594c2.wixmp.com/f/5ebe3111-a44d-4c1d-8280-e3198ad2fac3/dfg1z04-4fadd70f-11b6-48a5-a675-ef465dce0011.gif?token=eyJ0eXAiOiJKV1QiLCJhbGciOiJIUzI1NiJ9.eyJzdWIiOiJ1cm46YXBwOjdlMGQxODg5ODIyNjQzNzNhNWYwZDQxNWVhMGQyNmUwIiwiaXNzIjoidXJuOmFwcDo3ZTBkMTg4OTgyMjY0MzczYTVmMGQ0MTVlYTBkMjZlMCIsIm9iaiI6W1t7InBhdGgiOiJcL2ZcLzVlYmUzMTExLWE0NGQtNGMxZC04MjgwLWUzMTk4YWQyZmFjM1wvZGZnMXowNC00ZmFkZDcwZi0xMWI2LTQ4YTUtYTY3NS1lZjQ2NWRjZTAwMTEuZ2lmIn1dXSwiYXVkIjpbInVybjpzZXJ2aWNlOmZpbGUuZG93bmxvYWQiXX0.2VDUy8A8iE3_gKRAiUnP70glpRP-AvOvKPijbQDG1Lo,https://www.deviantart.com/shinsharkjira2022/art/No-more-innocence-fnf-mod-sprite-933958516,https://raw.githubusercontent.com/nuancedegreg-blip/Sumup-images/main/images_v6/LM-70028462.jpg
LM-70028483,recovered,bing,https://brownpedsresidency.org/wp-content/uploads/2024/01/TEF.png,https://brownpedsresidency.org/tracheoesophageal-fistula-esophageal-atresia/,https://raw.githubusercontent.com/nuancedegreg-blip/Sumup-images/main/images_v6/LM-70028483.jpg
LM-70028490,no_downloadable_image,bing,https://lookaside.fbsbx.com/lookaside/crawler/media/?media_id=1387727082190884,https://www.facebook.com/brickdamejolaro/,
LM-70028525,recovered,bing,https://cdn11.bigcommerce.com/s-nh77xwzxuo/images/stencil/1280x1280/products/910/1955/Screenshot_2025-01-07_152308__32339.1736292619.png?c=1,https://lcaction.com/glock-g19-gen5-mos8-a-cut-aimpoint-coa-optic-combo-package-9mm-pistol-3-15rd-pa195sb02mos8a3/,https://raw.githubusercontent.com/nuancedegreg-blip/Sumup-images/main/images_v6/LM-70028525.jpg
LM-70028553,recovered,bing,https://ukforks.com/wp-content/uploads/2024/06/7m-jcb-531-70-telehandler-for-hire-from-uk-forks-menu-image.jpg,https://www.ukforks.com/knowledge-base/best-practice-guides-telehandlers/,https://raw.githubusercontent.com/nuancedegreg-blip/Sumup-images/main/images_v6/LM-70028553.jpg
LM-70028560,recovered,bing,https://static0.givemesportimages.com/wordpress/wp-content/uploads/2024/08/mixcollage-06-aug-2024-11-06-am-3165.jpg,https://www.givemesport.com/fantasy-premier-league-fpl-new-features/,https://raw.githubusercontent.com/nuancedegreg-blip/Sumup-images/main/images_v6/LM-70028560.jpg
LM-70028574,recovered,bing,https://img.freepik.com/premium-vector/vector-background-sublimation-printing-jersey-fabric_622752-721.jpg?w=2000,https://www.freepik.com/premium-vector/vector-background-sublimation-printing-jersey-fabric_25354520.htm,https://raw.githubusercontent.com/nuancedegreg-blip/Sumup-images/main/images_v6/LM-70028574.jpg
LM-70028581,recovered,bing,https://stories.hemmings.com/wp-content/uploads/2025/08/006-southeast-gassers-brainerd.jpg,https://www.hemmings.com/stories/the-southeast-gassers-association-brought-racing-history-to-life-at-brainerd-motorsports-park/,https://raw.githubusercontent.com/nuancedegreg-blip/Sumup-images/main/images_v6/LM-70028581.jpg
LM-70028623,recovered,bing,https://images.squarespace-cdn.com/content/v1/646546094f831c0ce07778b7/94c83e9d-a494-407b-91b1-d6a6d4f4976d/hisotry-of-massage-egyptian-Massage-Techniques.jpg?format=500w,https://www.westendwellness.ca/blogs/history-of-therapeutic-massage,https://raw.githubusercontent.com/nuancedegreg-blip/Sumup-images/main/images_v6/LM-70028623.jpg
LM-70028630,recovered,bing,https://http2.mlstatic.com/D_NQ_NP_896053-MLV79116526271_092024-O.webp,https://articulo.mercadolibre.com.ve/MLV-809664132-forro-360-2-capas-tecno-spark-20-pro-hot-40-hot-40-pro-_JM,https://raw.githubusercontent.com/nuancedegreg-blip/Sumup-images/main/images_v6/LM-70028630.jpg
LM-70028714,recovered,bing,https://cdn.republica.com/092022/1663242038142.jpg?&cw=600&ch=365,https://www.republica.com/vive-guatemala/historia-de-la-independencia-de-guatemala-los-hechos-que-marcaron-el-nacimiento-de-una-republica--20239711430,https://raw.githubusercontent.com/nuancedegreg-blip/Sumup-images/main/images_v6/LM-70028714.jpg
LM-70028784,recovered,bing,https://media.istockphoto.com/id/1223536997/photo/caucasian-boys-standing-in-front-of-white-background-and-using-mobile-phone.jpg?s=170667a&w=0&k=20&c=qwgjaN2zsnAMyzCFOp3Fk4uQzjtS97p1rK8KPQGZHBA=,https://www.istockphoto.com/photo/caucasian-boys-standing-in-front-of-white-background-and-using-mobile-phone-gm1223536997-359439358,https://raw.githubusercontent.com/nuancedegreg-blip/Sumup-images/main/images_v6/LM-70028784.jpg
LM-70028931,recovered,bing,http://3.bp.blogspot.com/-N97L-TX9q2g/VAPd04TKg0I/AAAAAAAAWno/hFsKv1Cq10U/s1600/IMG_4159.jpg,https://themasseyspot.blogspot.com/2014/09/hopping-potty-train-3-day-method.html,https://raw.githubusercontent.com/nuancedegreg-blip/Sumup-images/main/images_v6/LM-70028931.jpg
LM-70028952,recovered,bing,https://images.emojiterra.com/google/noto-emoji/unicode-16.0/color/1024px/1f1f5-1f1f9.png,https://emojiterra.com/flag-for-portugal/,https://raw.githubusercontent.com/nuancedegreg-blip/Sumup-images/main/images_v6/LM-70028952.jpg
LM-70052654,recovered,bing,https://fast-track.nz/wp-content/uploads/2023/09/88804-Sounds-Chart-Consonant_A4-1-copy.jpg,https://fast-track.nz/product/sounds-chart-alphabet/,https://raw.githubusercontent.com/nuancedegreg-blip/Sumup-images/main/images_v6/LM-70052654.jpg
LM-70076286,recovered,bing,https://galvanifertilizantes.com/wp-content/uploads/2025/02/6ce07dd5c934b4bb895d9fecbd74.jpeg,https://galvanifertilizantes.com/sobre/,https://raw.githubusercontent.com/nuancedegreg-blip/Sumup-images/main/images_v6/LM-70076286.jpg
LM-70174433,recovered,bing,https://www.ks7000.net.ve/wp-content/uploads/2016/12/nuevas-monedas-2017.jpg,https://www.ks7000.net.ve/category/imprenta-nacional/gaceta-oficial/presidencia-de-la-republica/cono-monetario-de-curso-legal/,https://raw.githubusercontent.com/nuancedegreg-blip/Sumup-images/main/images_v6/LM-70174433.jpg
LM-70182721,recovered,bing,https://www.nationsonline.org/maps/USA/Louisiana_map.jpg,https://stateparks.info/louisiana-state-parks-with-nature-programs/,https://raw.githubusercontent.com/nuancedegreg-blip/Sumup-images/main/images_v6/LM-70182721.jpg
LM-70207410,recovered,bing,https://edutechwiki.unige.ch/mediawiki/images/thumb/5/50/Tower_generator_(simple).png/1200px-Tower_generator_(simple).png,https://edutechwiki.unige.ch/en/Tinkercad_Codeblocks,https://raw.githubusercontent.com/nuancedegreg-blip/Sumup-images/main/images_v6/LM-70207410.jpg
LM-70207732,recovered,bing,https://ninjapuzzles.com/images/word-search/puzzle-005.png,https://ninjapuzzles.com/puzzle/puzzle-005/,https://raw.githubusercontent.com/nuancedegreg-blip/Sumup-images/main/images_v6/LM-70207732.jpg
LM-70207865,recovered,bing,https://www.ea1uro.com/eb3emd/Bobina_de_Tesla/Bobina_de_Tesla_archivos/Descarga_en_cuerpo_humano.jpg,https://giasenergi.blogspot.com/2022/08/antecedentes-de-la-bobina-de-tesla.html,https://raw.githubusercontent.com/nuancedegreg-blip/Sumup-images/main/images_v6/LM-70207865.jpg
LM-70221550,recovered,bing,https://www.101dogbreeds.com/wp-content/uploads/2023/03/Great-Pyrenees-Mixes.jpg,https://animalia-life.club/qa/pictures/pyrenean-mountain-dog-mix,https://raw.githubusercontent.com/nuancedegreg-blip/Sumup-images/main/images_v6/LM-70221550.jpg
LM-70243082,recovered,bing,https://www.japaoemfoco.com/wp-content/uploads/2026/02/Templo-Byodoin-Kyoto-Japao-Depositphotos-6.jpg,https://www.japaoemfoco.com/byodoin-templo-fenix-uji-kyoto-japao/,https://raw.githubusercontent.com/nuancedegreg-blip/Sumup-images/main/images_v6/LM-70243082.jpg
LM-70246813,recovered,bing,https://cdn.britannica.com/15/236915-050-055930EB/West-Highland-white-terrier-dog.jpg,https://animalia-life.club/qa/pictures/what-breed-of-dog-is-a-westie,https://raw.githubusercontent.com/nuancedegreg-blip/Sumup-images/main/images_v6/LM-70246813.jpg
LM-70257453,no_downloadable_image,bing,"https://images-wixmp-ed30a86b8c4ca887773594c2.wixmp.com/f/b9a5caf0-2bad-474c-b67f-df63ac5d93fa/dknopkj-dc648981-a167-44cf-9809-3c611ef112a9.jpg/v1/fill/w_570,h_1024,q_75,strp/a_158_dee_williams_by_janp678_dknopkj-fullview.jpg?token=eyJ0eXAiOiJKV1QiLCJhbGciOiJIUzI1NiJ9.eyJzdWIiOiJ1cm46YXBwOjdlMGQxODg5ODIyNjQzNzNhNWYwZDQxNWVhMGQyNmUwIiwiaXNzIjoidXJuOmFwcDo3ZTBkMTg4OTgyMjY0MzczYTVmMGQ0MTVlYTBkMjZlMCIsIm9iaiI6W1t7ImhlaWdodCI6Ijw9MTAyNCIsInBhdGgiOiIvZi9iOWE1Y2FmMC0yYmFkLTQ3NGMtYjY3Zi1kZjYzYWM1ZDkzZmEvZGtub3Brai1kYzY0ODk4MS1hMTY3LTQ0Y2YtOTgwOS0zYzYxMWVmMTEyYTkuanBnIiwid2lkdGgiOiI8PTU3MCJ9XV0sImF1ZCI6WyJ1cm46c2VydmljZTppbWFnZS5vcGVyYXRpb25zIl19.wPvKRH7pGQKCAz5LX3oRJG3CsfzjfIaWKtp5zdCH7WE",https://www.deviantart.com/janp678/art/a-158-Dee-Williams-1249107571,
LM-70280455,recovered,bing,"https://images.bild.de/68dbc10193eb56813e39bc6a/7c7219c1aa6042fed9acb1640f6567e1-landscape,fa231ab2?w=992",https://www.bild.de/sport/fussball/borussia-moenchengladbach-so-verabschiedete-sich-roland-virkus-vom-team-68dbeedbe12da109b804f576,https://raw.githubusercontent.com/nuancedegreg-blip/Sumup-images/main/images_v6/LM-70280455.jpg
LM-70348341,recovered,bing,https://tristateinfrastructurenews.com/wp-content/uploads/2026/04/image-1.jpeg,https://tristateinfrastructurenews.com/a-brief-history-of-nj-transit-part-i-origin-story-and-seeds-of-doubt/,https://raw.githubusercontent.com/nuancedegreg-blip/Sumup-images/main/images_v6/LM-70348341.jpg
LM-70348355,recovered,bing,https://m.media-amazon.com/images/I/71DaK2mI0eL._AC_SL1419_.jpg,https://guatemala.yaxa.co/products/filter-king-filtro-de-aire-11-5x16x1-paquete-de-4-filtros-de-horno-plisados-merv-8-hvac-para-ac-fabricado-en-estados-unidos-tamano-real-11-5-x/,https://raw.githubusercontent.com/nuancedegreg-blip/Sumup-images/main/images_v6/LM-70348355.jpg
LM-70350266,recovered,bing,https://img.internethaber.com/rcman/Cw820h577q95gm/storage/files/images/2026/08/20/donald-trump-and-natalie-harp-ask-sq1q.jpg,https://www.internethaber.com/natalie-harpin-trump-mektuplari-oval-ofisi-karistiran-kadin-sen-olmasan-olurdum-foto-galerisi-2455995.htm,https://raw.githubusercontent.com/nuancedegreg-blip/Sumup-images/main/images_v6/LM-70350266.jpg
LM-70350301,recovered,bing,https://i.pinimg.com/736x/e2/a5/30/e2a5301d1aa6b8f06d6f7161e85b8d92.jpg,https://storage.googleapis.com/jeflorontan/buff-hello-kitty-drawing.html,https://raw.githubusercontent.com/nuancedegreg-blip/Sumup-images/main/images_v6/LM-70350301.jpg
LM-70350343,recovered,bing,https://preview.redd.it/heres-a-burntrap-render-i-made-in-the-spirit-of-spooky-v0-vtc47xrhz7x91.jpg?width=640&crop=smart&auto=webp&s=c0b884f42338e685a6f59efc03c37febc58f2cf7,https://www.reddit.com/r/fivenightsatfreddys/comments/yird4x/heres_a_burntrap_render_i_made_in_the_spirit_of/,https://raw.githubusercontent.com/nuancedegreg-blip/Sumup-images/main/images_v6/LM-70350343.jpg
LM-70398545,recovered,bing,https://images.twinkl.co.uk/tw1n/image/private/t_630_eco/image_repo/33/9a/es-t-1658993137-posters-simbolos-visuales-el-cuarto-de-bano-espanol-ucraniano_ver_1.jpg,https://www.twinkl.co.uk/resource/posters-simbolos-visuales-el-cuarto-de-bano-espanol-ucraniano-es-t-1658993137,https://raw.githubusercontent.com/nuancedegreg-blip/Sumup-images/main/images_v6/LM-70398545.jpg
LM-70398552,recovered,bing,https://i5.walmartimages.com/seo/Del-Monte-Canned-Golden-Sweet-Whole-Kernel-Corn-Shelf-Stable-Non-Gmo-15-25-oz-Can_6b81f878-999f-45e3-8ae1-9a7bf7524f53.cd3ec048196644b2e9b55789e8fe194c.jpeg,https://www.walmart.com/ip/Del-Monte-Canned-Golden-Sweet-Whole-Kernel-Corn-Shelf-Stable-Non-Gmo-15-25-oz-Can/10295217,https://raw.githubusercontent.com/nuancedegreg-blip/Sumup-images/main/images_v6/LM-70398552.jpg
LM-70398566,recovered,bing,https://www.andacademy.com/resources/wp-content/uploads/2024/10/image16-1024x640.png,https://www.andacademy.com/resources/blog/graphic-design/font-for-website/,https://raw.githubusercontent.com/nuancedegreg-blip/Sumup-images/main/images_v6/LM-70398566.jpg
LM-70398580,recovered,bing,"https://media.neimanmarcus.com/f_auto,q_auto:low,ar_4:5,c_fill,dpr_2.0,w_790/01/nm_4935451_100380_c",https://www.neimanmarcus.com/p/alice-olivia-lana-puff-sleeve-denim-jacket-prod277280653,https://raw.githubusercontent.com/nuancedegreg-blip/Sumup-images/main/images_v6/LM-70398580.jpg
LM-70398594,recovered,bing,https://i.etsystatic.com/44982236/r/il/cd64e7/5723832342/il_fullxfull.5723832342_igw2.jpg,https://www.etsy.com/listing/1650380854/dog-pedigree-chart-printable-pedigree,https://raw.githubusercontent.com/nuancedegreg-blip/Sumup-images/main/images_v6/LM-70398594.jpg
LM-70398601,recovered,bing,https://i.ytimg.com/vi/02xAtmVNBfE/maxresdefault.jpg,https://www.youtube.com/watch?v=02xAtmVNBfE,https://raw.githubusercontent.com/nuancedegreg-blip/Sumup-images/main/images_v6/LM-70398601.jpg
LM-70399224,recovered,bing,https://i.pinimg.com/originals/17/83/5b/17835b3ae17c143b85543198ccadd443.jpg,https://www.animalia-life.club/qa/pictures/altoids-flavors.html,https://raw.githubusercontent.com/nuancedegreg-blip/Sumup-images/main/images_v6/LM-70399224.jpg
LM-70413784,recovered,bing,http://images.caricos.com/t/toyota/2015_toyota_yaris/images/1920x1080/2015_toyota_yaris_5_1920x1080.jpg,http://www.caricos.com/cars/t/toyota/2015_toyota_yaris/1920x1080/5.html,https://raw.githubusercontent.com/nuancedegreg-blip/Sumup-images/main/images_v6/LM-70413784.jpg
LM-70413791,recovered,bing,https://down-br.img.susercontent.com/file/br-11134207-7r98o-lvae9ftdjrvca8,https://shopee.com.br/NOVIDADE!!!-Camisa-Camiseta-NOVA-do-VASCO-DA-GAMA-2024-2025-(BETFAIR)-PEDIDOS-ANTECIPADOS-PREÇO-PROMOCIONAL.-i.1058491059.18499252249,https://raw.githubusercontent.com/nuancedegreg-blip/Sumup-images/main/images_v6/LM-70413791.jpg
LM-70499625,recovered,bing,https://patch.com/img/cdn20/users/1396761/20170707/035557/styles/raw/public/processed_images/skimmer-1499456917-8000.jpg,https://patch.com/california/banning-beaumont/card-skimmers-california-heres-how-spot-them,https://raw.githubusercontent.com/nuancedegreg-blip/Sumup-images/main/images_v6/LM-70499625.jpg
LM-70511602,recovered,bing,https://www.orientacionandujar.es/wp-content/uploads/2024/01/CALENDARIO-BONITO-PARA-ANOTACIONES-FAMILIA-BLUEY-NUEVAS-IMAGENES-11-1-1536x864.jpg,https://www.orientacionandujar.es/2024/01/05/calendario-bonito-para-anotaciones-familia-bluey-nuevas-imagenes/calendario-bonito-para-anotaciones-familia-bluey-nuevas-imagenes-11-2/,https://raw.githubusercontent.com/nuancedegreg-blip/Sumup-images/main/images_v6/LM-70511602.jpg
LM-70535640,recovered,bing,https://i.pinimg.com/originals/48/d5/c1/48d5c19fcd26e52b4fa0100d8a968514.jpg,https://www.pinterest.co.uk/pin/5911043256602327/,https://raw.githubusercontent.com/nuancedegreg-blip/Sumup-images/main/images_v6/LM-70535640.jpg
LM-70535696,recovered,bing,https://modaellos.com/wp-content/uploads/2022/04/los-mejores-tatuajes-para-hombres-en-las-piernas-de-2022-900x900.jpg,https://fity.club/lists/suggestions/tatuajes-en-las-piernas-para-hombres/,https://raw.githubusercontent.com/nuancedegreg-blip/Sumup-images/main/images_v6/LM-70535696.jpg
LM-70612052,recovered,bing,https://i5.walmartimages.com/seo/For-Chevy-Chevelle-1964-1970-5-75-5-3-4-LED-Headlights-Hi-Lo-Beam-white-4PCS_b751e722-0969-4ff4-b667-afb588d36f84.be20fd0859eed199319a4b5faa117c4d.jpeg,https://www.walmart.com/ip/For-Chevy-Chevelle-1964-1970-5-75-5-3-4-LED-Headlights-Hi-Lo-Beam-white-4PCS/5248151614,https://raw.githubusercontent.com/nuancedegreg-blip/Sumup-images/main/images_v6/LM-70612052.jpg
LM-70620151,recovered,bing,https://gamingvisuals.com/wp-content/uploads/2022/06/Speedy-X-Stream-Package.jpg,https://tacticalliondesigns.com/100-free-twitch-overlays/,https://raw.githubusercontent.com/nuancedegreg-blip/Sumup-images/main/images_v6/LM-70620151.jpg
LM-70620172,recovered,bing,https://i.pinimg.com/736x/86/d3/fa/86d3fa6d064cd61a4a67e89b3ce040fc--zoe-saldana-red-carpet-fashion.jpg,https://www.pinterest.com/pin/zoe-saldana-perfectly-represents-an-effortless-graceful-style-at-the-oscars-redcarpet--191191946653118094/,https://raw.githubusercontent.com/nuancedegreg-blip/Sumup-images/main/images_v6/LM-70620172.jpg
LM-70620242,recovered,bing,https://i.pinimg.com/originals/64/2d/d9/642dd9c700be96064a484ff2189dbdae.jpg,https://www.pinnaxis.com/?k=green-1973-oldsmobile-cutlass-supreme-ee-mLn7R2iD,https://raw.githubusercontent.com/nuancedegreg-blip/Sumup-images/main/images_v6/LM-70620242.jpg
LM-70620473,recovered,bing,https://paxello.pl/wp-content/uploads/2023/10/realistic-top-view-laptop-keyboard-background-close-up-of-computer-notebook-keyboard-with-dark-tone-gradient-template-of-mobile-computer-backdrop-illustration-free-vector.jpg,https://paxello.pl/poradniki/jak-zrobic-litere-z-na-klawiaturze-poradnik/,https://raw.githubusercontent.com/nuancedegreg-blip/Sumup-images/main/images_v6/LM-70620473.jpg
LM-70620522,recovered,bing,https://blogger.googleusercontent.com/img/b/R29vZ2xl/AVvXsEjeBbLyF4vU94HI9_EXAaIH3pMjh26hEnKrg04jbgIJrIEC-d9IL2Njv6oji8lR7KFP7zjVGhjJyMoRkeQhQtfXz-QObDD5UlFAdP69jt1zFTClIOu5SE0Btc_t_3ikQlG-g99GPJhy9d4/s1600/024705.jpg,https://f9fp.blogspot.com/2011/09/cv-47-uss-philippine-sea.html,https://raw.githubusercontent.com/nuancedegreg-blip/Sumup-images/main/images_v6/LM-70620522.jpg
LM-70620536,recovered,bing,https://dentistryforyoubrokenarrow.com/wp-content/uploads/2020/06/100049244_m-1-e1591890136542.jpg,https://dentistryforyoubrokenarrow.com/,https://raw.githubusercontent.com/nuancedegreg-blip/Sumup-images/main/images_v6/LM-70620536.jpg
LM-70620571,recovered,bing,https://images.pexels.com/photos/3942318/pexels-photo-3942318.jpeg?cs=srgb&dl=photo-of-cockpit-3942318.jpg&fm=jpg,https://www.pexels.com/photo/photo-of-cockpit-3942318/,https://raw.githubusercontent.com/nuancedegreg-blip/Sumup-images/main/images_v6/LM-70620571.jpg
LM-70620732,recovered,bing,https://www.colorvalues.com/og/color/en/teal.png,https://www.colorvalues.com/straw,https://raw.githubusercontent.com/nuancedegreg-blip/Sumup-images/main/images_v6/LM-70620732.jpg
LM-70661115,recovered,bing,https://www.rd.com/wp-content/uploads/2020/12/BirthdayMeme13.jpg,https://www.rd.com/list/happy-birthday-meme/,https://raw.githubusercontent.com/nuancedegreg-blip/Sumup-images/main/images_v6/LM-70661115.jpg
LM-70661122,recovered,bing,https://imagecdn.clips4sale.com/accounts99/35651/clip_images/027-3-jenny.gif,https://www.clips4sale.com/studio/35651/13111518/MILF+Loves+Big+Dick+and+Big+Load!!,https://raw.githubusercontent.com/nuancedegreg-blip/Sumup-images/main/images_v6/LM-70661122.jpg
LM-70661136,recovered,bing,https://stesa.com/mapas/wp-content/uploads/19707/Mapa-topografico-de-la-provincia-de-Jujuy.jpg,https://stesa.com/mapas/doc/mapa-fisico-de-la-provincia-de-jujuy/,https://raw.githubusercontent.com/nuancedegreg-blip/Sumup-images/main/images_v6/LM-70661136.jpg
LM-70661143,recovered,bing,https://pngpix.com/images/hd/classic-top-hat-png-uhx-f3qxsmegp3l6xdnb.jpg,https://pngpix.com/png/classic-top-hat-png-uhx-f3qxsmegp3l6xdnb.html,https://raw.githubusercontent.com/nuancedegreg-blip/Sumup-images/main/images_v6/LM-70661143.jpg
LM-70661150,recovered,bing,https://revistapersea.com/wp-content/uploads/2018/06/Revista-Persea-Una-latinoamericana-entre-robots.jpg,https://revistapersea.com/tecnologia/una-cientifica-venezolana-construyendo-los-robots-del-futuro/,https://raw.githubusercontent.com/nuancedegreg-blip/Sumup-images/main/images_v6/LM-70661150.jpg
LM-70670404,recovered,bing,https://static.vecteezy.com/system/resources/thumbnails/037/455/378/small_2x/cute-bird-for-kids-coloring-page-free-photo.jpg,https://www.vecteezy.com/free-photos/coloring-book-mock-up,https://raw.githubusercontent.com/nuancedegreg-blip/Sumup-images/main/images_v6/LM-70670404.jpg
LM-70670985,recovered,bing,https://media.istockphoto.com/id/1431742187/pt/foto/sunrise-on-planet-earth-viewed-from-space-with-city-lights-in-europe-showing-connections.jpg?s=1024x1024&w=is&k=20&c=MucyFn9vc6JYk_ojGqkhdx7kg0ki9tBMsnJvGgN7_NU=,https://www.istockphoto.com/br/foto/nascer-do-sol-no-planeta-terra-visto-do-espaço-com-luzes-da-cidade-na-europa-gm1431742187-474252985,https://raw.githubusercontent.com/nuancedegreg-blip/Sumup-images/main/images_v6/LM-70670985.jpg
LM-70753382,recovered,bing,https://resizing.flixster.com/-XZAfHZM39UwaGJIFWKAE8fS0ak=/v3/t/assets/1620_v9_bc.jpg,https://fity.club/lists/15787gpz188/Elisabeth-Shue/,https://raw.githubusercontent.com/nuancedegreg-blip/Sumup-images/main/images_v6/LM-70753382.jpg
LM-70753396,recovered,bing,https://i5.walmartimages.com/asr/9c927075-e59d-42ee-9db3-c2ac66770da5_1.3f07ee26e7d1cc344f301407040a94b9.jpeg,https://storage.googleapis.com/duhbshoarmsbee/paw-patrol-toys-vehicles.html,https://raw.githubusercontent.com/nuancedegreg-blip/Sumup-images/main/images_v6/LM-70753396.jpg
LM-70753403,recovered,bing,https://wallpaperaccess.com/full/8408708.jpg,https://wallpaperaccess.com/iguana-hd,https://raw.githubusercontent.com/nuancedegreg-blip/Sumup-images/main/images_v6/LM-70753403.jpg
LM-70753410,recovered,bing,https://s2.pictoa.com/media/galleries/251/235/251235604338fecaacf/396584760433902e57da.jpg,https://www.pictoa.com/albums/milfs-naked-milfs-spreading-legs-spreading-pussies-43-3965847.html,https://raw.githubusercontent.com/nuancedegreg-blip/Sumup-images/main/images_v6/LM-70753410.jpg
LM-70768726,recovered,bing,https://media1.tenor.com/m/Q4TPR-icHh4AAAAC/my-phone-fudge-nuggets-dance.gif,https://tenor.com/search/happy-friday-dance-images-gifs,https://raw.githubusercontent.com/nuancedegreg-blip/Sumup-images/main/images_v6/LM-70768726.jpg
LM-70768740,recovered,bing,https://www.dt.gob.cl/portal/1626/channels-912_imagen_portada.thumb_i652x340.jpg,https://www.dt.gob.cl/portal/1626/w3-contents.html,https://raw.githubusercontent.com/nuancedegreg-blip/Sumup-images/main/images_v6/LM-70768740.jpg
LM-70768775,recovered,bing,https://as2.ftcdn.net/v2/jpg/05/19/11/19/1000_F_519111972_nHDhEZW2sbkXHJK0R02dXQkQOXmUI6F8.jpg,https://stock.adobe.com/images/patriot-day-september-11-9-usa-banner-united-states-flag-or-merican-flag-911-memorial-and-never-forget-lettering-background-or-backdrop/519111972,https://raw.githubusercontent.com/nuancedegreg-blip/Sumup-images/main/images_v6/LM-70768775.jpg
LM-70768810,recovered,bing,https://calendar20.com/wp-content/uploads/2025/05/September-2026-Calendar-Printable.jpg,https://utpaqp.edu.pe/post/printable-august-and-september-2026-calendar/,https://raw.githubusercontent.com/nuancedegreg-blip/Sumup-images/main/images_v6/LM-70768810.jpg
LM-70768845,recovered,bing,https://i.ytimg.com/vi/_KLuf5EqAt0/maxresdefault.jpg,https://storage.googleapis.com/dextpvnudeylre/mandolin-lessons-philadelphia.html,https://raw.githubusercontent.com/nuancedegreg-blip/Sumup-images/main/images_v6/LM-70768845.jpg
LM-70768866,recovered,bing,https://c8.alamy.com/comp/2F55E58/beawar-rajasthan-india-march-24-2021-idol-of-hindu-god-khatu-shyam-baba-form-of-lord-krishna-at-a-temple-during-spring-fagun-fair-ahead-of-holi-color-festival-in-beawar-credit-sumit-saraswatalamy-live-news-2F55E58.jpg,https://www.alamy.com/stock-photo/khatu-shyam-baba.html,https://raw.githubusercontent.com/nuancedegreg-blip/Sumup-images/main/images_v6/LM-70768866.jpg
LM-70770161,recovered,bing,https://cdn.pixabay.com/photo/2024/04/24/19/01/ai-generated-8718371_1280.png,https://pixabay.com/images/search/hamster cute/,https://raw.githubusercontent.com/nuancedegreg-blip/Sumup-images/main/images_v6/LM-70770161.jpg
LM-70808703,recovered,bing,https://static.vecteezy.com/system/resources/previews/020/311/194/non_2x/queen-3d-text-vector.jpg,https://www.vecteezy.com/vector-art/20311194-queen-3d-text,https://raw.githubusercontent.com/nuancedegreg-blip/Sumup-images/main/images_v6/LM-70808703.jpg
LM-70808710,recovered,bing,https://i.ytimg.com/vi/M7cdHs7rwHQ/maxresdefault.jpg,https://www.youtube.com/watch?v=M7cdHs7rwHQ,https://raw.githubusercontent.com/nuancedegreg-blip/Sumup-images/main/images_v6/LM-70808710.jpg
LM-70808766,recovered,bing,https://thefappeningblog.com/data/m/o/moon-bloodgood/1000/moon-bloodgood_0064.jpg,https://thefappeningblog.com/gallery/moon-bloodgood/64/,https://raw.githubusercontent.com/nuancedegreg-blip/Sumup-images/main/images_v6/LM-70808766.jpg
LM-70808773,recovered,bing,https://cdn11.bigcommerce.com/s-30c33/images/stencil/1280x1280/products/3820/6076/ArchangelMichaelSmall__44058.1668026797.jpg?c=2,https://uncutmountainsupply.com/icons/icon-of-archangel-michael-1mi32/,https://raw.githubusercontent.com/nuancedegreg-blip/Sumup-images/main/images_v6/LM-70808773.jpg
LM-70808843,recovered,bing,https://bosticklandscapearchitects.com/wp-content/uploads/2020/12/James-Clemons-scaled.jpg,https://bosticklandscapearchitects.com/projects/james-clemens-high-school/,https://raw.githubusercontent.com/nuancedegreg-blip/Sumup-images/main/images_v6/LM-70808843.jpg
LM-70808850,recovered,bing,https://ist7-1.filesor.com/pimpandhost.com/4/3/8/4/43847/1/b/u/z/1buz/282507_734492b562648b6638d76b3157404420.jpg,https://pimpandhost.com/p/web-sluts-vol-184-43847,https://raw.githubusercontent.com/nuancedegreg-blip/Sumup-images/main/images_v6/LM-70808850.jpg
LM-70808871,recovered,bing,https://i.pinimg.com/originals/6f/e9/2b/6fe92bd190ebcba80a6aff0dcae84b00.jpg,https://storage.googleapis.com/ddukfahrwdavfe/nail-ideas-for-birthday.html,https://raw.githubusercontent.com/nuancedegreg-blip/Sumup-images/main/images_v6/LM-70808871.jpg
LM-70808892,recovered,bing,https://static.vecteezy.com/system/resources/previews/011/643/748/original/a-man-chooses-an-answer-to-an-online-test-question-learning-the-rules-of-the-road-driving-school-education-stages-of-training-in-a-driving-school-passing-a-digital-driving-test-vector.jpg,https://www.vecteezy.com/vector-art/11643748-a-man-chooses-an-answer-to-an-online-test-question-learning-the-rules-of-the-road-driving-school-education-stages-of-training-in-a-driving-school-passing-a-digital-driving-test,https://raw.githubusercontent.com/nuancedegreg-blip/Sumup-images/main/images_v6/LM-70808892.jpg
LM-70808941,recovered,bing,https://www.cdiscount.com/pdt2/9/2/8/1/700x700/dew1706204383928/rw/sac-a-dos-edition-limitee-mclaren-dewalt-dwst60122.jpg,https://www.cdiscount.com/bricolage/amenagement-atelier/sac-a-dos-edition-limitee-mclaren-dewalt-dwst60122/f-1660404-dew1706204383928.html,https://raw.githubusercontent.com/nuancedegreg-blip/Sumup-images/main/images_v6/LM-70808941.jpg
LM-70809004,recovered,bing,https://www.coursehero.com/thumb/ba/58/ba58b25c18ecf3c71f1f18d1ba1be1e62f9d9e9c_180.jpg,https://www.coursehero.com/es/file/68047313/certificacion-de-solicitud-de-planillapdf/,https://raw.githubusercontent.com/nuancedegreg-blip/Sumup-images/main/images_v6/LM-70809004.jpg
LM-70809011,recovered,bing,https://img.freepik.com/fotos-gratis/mulher-espetacular-em-oculos-de-sol-brilhantes-da-moda-desfrutando-de-um-bom-dia-no-resort-oceano-retrato-ao-ar-livre-de-mulher-bronzeada-posando-na-costa-do-mar-em-manha-de-verao_197531-8681.jpg,https://br.freepik.com/fotos-gratis/mulher-espetacular-em-oculos-de-sol-brilhantes-da-moda-desfrutando-de-um-bom-dia-no-resort-oceano-retrato-ao-ar-livre-de-mulher-bronzeada-posando-na-costa-do-mar-em-manha-de-verao_11365835.htm,https://raw.githubusercontent.com/nuancedegreg-blip/Sumup-images/main/images_v6/LM-70809011.jpg
LM-70809046,recovered,bing,http://electrolit.com/cdn/shop/files/Frame-2025-07-01T150204.029.webp?v=1751407350,https://electrolit.com/products/green-apple-ih,https://raw.githubusercontent.com/nuancedegreg-blip/Sumup-images/main/images_v6/LM-70809046.jpg
LM-70809060,recovered,bing,https://images2.corriereobjects.it/methode_image/2022/03/01/Sport/Foto Sport/WCGAZ12_0LMW5U4F.JPG?v=202203011205,https://www.corriere.it/sport/calcio/serie-b/cards/gigi-buffon-appende-guantoni-45-anni/famiglia-sportivi.shtml,https://raw.githubusercontent.com/nuancedegreg-blip/Sumup-images/main/images_v6/LM-70809060.jpg
LM-70809074,recovered,bing,https://as2.ftcdn.net/jpg/02/88/59/23/1000_F_288592386_1ssKazzkH5eA3649hc65vg7pF68XpHhg.jpg,https://stock.adobe.com/images/happy-kids-with-doctor-smile-illustration/288592386,https://raw.githubusercontent.com/nuancedegreg-blip/Sumup-images/main/images_v6/LM-70809074.jpg
LM-70811972,recovered,bing,https://images.fineartamerica.com/images/artworkimages/mediumlarge/2/3-robert-de-niro-in-taxi-driver-1976--album.jpg,https://yeisonkim.com/robert-de-niro-as-young-robert-de-niro-naissance/,https://raw.githubusercontent.com/nuancedegreg-blip/Sumup-images/main/images_v6/LM-70811972.jpg
LM-70811993,recovered,bing,https://technosports.co.in/wp-content/uploads/2023/06/image-564-2048x975.png,https://technosports.co.in/fancode-subscription-plans-and-pricing-details/,https://raw.githubusercontent.com/nuancedegreg-blip/Sumup-images/main/images_v6/LM-70811993.jpg
LM-70812021,recovered,bing,https://wallpapercave.com/wp/wp6705955.jpg,https://wallpapercave.com/4k-mountain-wallpapers,https://raw.githubusercontent.com/nuancedegreg-blip/Sumup-images/main/images_v6/LM-70812021.jpg
LM-70812035,no_downloadable_image,bing,https://floridapolitics.com/wp-content/uploads/2024/07/Jaguars-Prowler-Uniform-7-1024x1536.jpg,https://floridapolitics.com/archives/684945-jaguars-unveil-throwback-uniforms-for-30th-season/,
LM-70812042,recovered,bing,https://i.etsystatic.com/6298750/r/il/df1994/5781524909/il_fullxfull.5781524909_99bs.jpg,https://fity.club/lists/suggestions/clipart-do-ursinho-pooh-e-amigos/,https://raw.githubusercontent.com/nuancedegreg-blip/Sumup-images/main/images_v6/LM-70812042.jpg
LM-70812056,recovered,bing,https://embed.pixiv.net/artwork.php?illust_id=108176125,https://www.pixiv.net/en/artworks/108176125,https://raw.githubusercontent.com/nuancedegreg-blip/Sumup-images/main/images_v6/LM-70812056.jpg
LM-70812063,recovered,bing,https://mantra-morpho.com/wp-content/uploads/2025/11/11.png,https://mantra-morpho.com/product/mantra-iris-scanner-mis100v2-iris-sensor-for-aadhar-authentication/,https://raw.githubusercontent.com/nuancedegreg-blip/Sumup-images/main/images_v6/LM-70812063.jpg
LM-70812084,recovered,bing,https://cdn.britannica.com/32/93532-004-1742FD38.jpg,https://kids.britannica.com/students/article/atoll/603184,https://raw.githubusercontent.com/nuancedegreg-blip/Sumup-images/main/images_v6/LM-70812084.jpg
LM-70812091,recovered,bing,https://s1.pictoa.com/media/galleries/050/040/05004054a74d08a3110/46629354a74d08a8746.jpg,https://www.pictoa.com/albums/naked-mature-posing-in-the-mirror-466293.html,https://raw.githubusercontent.com/nuancedegreg-blip/Sumup-images/main/images_v6/LM-70812091.jpg
LM-70812105,recovered,bing,https://cdn.shopify.com/s/files/1/1416/8662/products/attack_of_the_killer_tomatoes_1978_original_film_art_f_300x.jpg?v=1562539148,https://www.originalfilmart.com/products/attack-of-the-killer-tomatoes,https://raw.githubusercontent.com/nuancedegreg-blip/Sumup-images/main/images_v6/LM-70812105.jpg
LM-70812112,recovered,bing,https://www.llxvisual.com.br/adesivo-decorativo/adesivo-decorativo-escada-impressao-digital-3.jpg,https://www.llxvisual.com.br/adesivo-decorativo-parede-sao-paulo,https://raw.githubusercontent.com/nuancedegreg-blip/Sumup-images/main/images_v6/LM-70812112.jpg
LM-70812126,recovered,bing,https://4.bp.blogspot.com/-zCNxefTdkqM/VdjvMZzZfkI/AAAAAAAAqCA/47-izzZkrMY/s1600/rocket_league.jpg,https://www.gameblast.com.br/2015/08/analise-rocket-league-multi.html,https://raw.githubusercontent.com/nuancedegreg-blip/Sumup-images/main/images_v6/LM-70812126.jpg
LM-70812133,recovered,bing,https://1.bp.blogspot.com/_nFO-Z3qN-Mw/TEHuzNsZ3oI/AAAAAAAACRM/An0vAsSV4Jo/s1600/toy-story-3.jpg,https://www.selinawing.com/2010/07/movie-review-toy-story-3.html,https://raw.githubusercontent.com/nuancedegreg-blip/Sumup-images/main/images_v6/LM-70812133.jpg
LM-70812140,no_search_results,,,,
LM-70812161,recovered,bing,https://i.pinimg.com/originals/21/bb/87/21bb8743ea8a06cb67e0b1a8b492a418.jpg,https://fity.club/lists/suggestions/Kim-Possible-Villains-Names/,https://raw.githubusercontent.com/nuancedegreg-blip/Sumup-images/main/images_v6/LM-70812161.jpg
LM-70812182,recovered,bing,https://www.abrilmoda.com/wp-content/uploads/2013/12/combinar-azul-y-rojo.jpg,https://www.abrilmoda.com/combinar-azul-y-rojo/,https://raw.githubusercontent.com/nuancedegreg-blip/Sumup-images/main/images_v6/LM-70812182.jpg
LM-70812196,recovered,bing,https://public.hegre.com/galleries/emi-and-natalia-a-naked-trekking/emi-and-natalia-a-naked-trekking-board-image-1600x.jpg?v=1649086428,https://www.hegre.com/photos/emi-and-natalia-a-naked-trekking?locale=en,https://raw.githubusercontent.com/nuancedegreg-blip/Sumup-images/main/images_v6/LM-70812196.jpg
LM-70812224,recovered,bing,https://img.rawpixel.com/s3fs-private/rawpixel_images/website_content/k-p-187-eye-000137-l.jpg?w=2000&dpr=1&fit=default&crop=default&auto=format&fm=pjpg&q=75&vib=3&con=3&usm=15&bg=F4F4F3&ixlib=js-2.2.1&s=c9120af4dd85e4be1451f30758798589,https://www.rawpixel.com/image/207148/premium-photo-image-adolescent-adorable-balloon,https://raw.githubusercontent.com/nuancedegreg-blip/Sumup-images/main/images_v6/LM-70812224.jpg
LM-70812245,recovered,bing,https://preview.redd.it/galo-da-agiotagem-passando-na-sua-tela-v0-clgk6bivt64c1.jpeg?auto=webp&s=06cc9c008d1e8601fb04759b3adb49545a80fe07,https://www.reddit.com/r/farialimabets/comments/18a9x1i/galo_da_agiotagem_passando_na_sua_tela/,https://raw.githubusercontent.com/nuancedegreg-blip/Sumup-images/main/images_v6/LM-70812245.jpg
LM-70812252,recovered,bing,"https://res.cloudinary.com/znet-flooring/images/c_limit,dpr_2.0,f_auto,h_650,q_auto,w_650/v1/remote/cloudinary/engineeredfloors/image/upload/v1733857801/DP201_Cultivate_6019_Wheeler_RS_y4ab6v.jpg/D2023-6019-Engineered-Floors-PureGrain-High-Def-Cultivate-Wheeler-1",https://znetflooring.com/engineered-floors-puregrain-high-def-cultivate-wheeler,https://raw.githubusercontent.com/nuancedegreg-blip/Sumup-images/main/images_v6/LM-70812252.jpg
LM-70812266,recovered,bing,https://i.pinimg.com/originals/d5/93/de/d593de2afca70353dcff92c6f0d7d421.jpg,https://www.pinterest.com/pin/571394271455191852/,https://raw.githubusercontent.com/nuancedegreg-blip/Sumup-images/main/images_v6/LM-70812266.jpg
LM-70812273,recovered,bing,https://cdn.mos.cms.futurecdn.net/xsgYvjspYKEP5FiN3EBNLY.jpg,https://www.tomsguide.com/phones/samsung-phones/i-put-the-samsung-galaxy-z-fold-7-vs-galaxy-z-fold-6-through-a-10-round-camera-face-off-heres-the-winner,https://raw.githubusercontent.com/nuancedegreg-blip/Sumup-images/main/images_v6/LM-70812273.jpg
LM-70812280,recovered,bing,https://lirp.cdn-website.com/725b9222/dms3rep/multi/opt/adultrheumatology-1920w.jpg,https://www.satillarheumatology.com/,https://raw.githubusercontent.com/nuancedegreg-blip/Sumup-images/main/images_v6/LM-70812280.jpg
LM-70812294,recovered,bing,https://img.freepik.com/premium-photo/easter-wallpaper-high-quality-4k-ultra-hd-hdr_670382-129729.jpg?w=2000,https://www.freepik.com/premium-ai-image/easter-wallpaper-high-quality-4k-ultra-hd-hdr_61731193.htm,https://raw.githubusercontent.com/nuancedegreg-blip/Sumup-images/main/images_v6/LM-70812294.jpg
LM-70812301,recovered,bing,https://files.ekmcdn.com/daae31/images/speedo-squiters-(5)-1046-1-p.png?v=00C9CEAE-D3E2-4C80-B889-3303F39AB0C4,https://www.swimandplay.co.uk/speedo-squiters-1046-p.asp,https://raw.githubusercontent.com/nuancedegreg-blip/Sumup-images/main/images_v6/LM-70812301.jpg
LM-70812322,recovered,bing,https://image.floranext.com/instances/millefleurs_com/advnav/p/e/pexels-photo-1075960jpeg_6a01e9a7a207a.jpeg.webp,https://millefleursflowers.com/,https://raw.githubusercontent.com/nuancedegreg-blip/Sumup-images/main/images_v6/LM-70812322.jpg
LM-70812336,recovered,bing,https://m.media-amazon.com/images/M/MV5BOWE3Nzg4YjUtYzBiOC00YWUyLThmNTctYjUxMGUyMGExMmY4XkEyXkFqcGc@._V1_.jpg,https://www.imdb.com/pt/title/tt0082122/mediaviewer/rm4197643009/,https://raw.githubusercontent.com/nuancedegreg-blip/Sumup-images/main/images_v6/LM-70812336.jpg
LM-70829332,recovered,bing,http://pngimg.com/uploads/smiley/smiley_PNG27.png,http://pngimg.com/download/36052,https://raw.githubusercontent.com/nuancedegreg-blip/Sumup-images/main/images_v6/LM-70829332.jpg
LM-70854861,recovered,bing,https://gimnasio.deportesuatsur.top/wp-content/uploads/2024/06/IMG_6649.jpg,https://gimnasio.deportesuatsur.top/ejercicios-remo-t/,https://raw.githubusercontent.com/nuancedegreg-blip/Sumup-images/main/images_v6/LM-70854861.jpg
LM-70870905,recovered,bing,https://www.templepurohit.com/wp-content/uploads/2016/10/Shiva-worshipped-as-lingam.jpg,https://tnhelearning.edu.vn/ultimate-compilation-of-lord-shiva-lingam-images-in-full-4k-over-999-captivating-options/,https://raw.githubusercontent.com/nuancedegreg-blip/Sumup-images/main/images_v6/LM-70870905.jpg
LM-70870926,recovered,bing,https://static.johnnybet.com/system/team_logos/logos/105499/normal/1744182593-milwaukee_brewers.gif,https://es.johnnybet.com/app/betting-events/san-diego-padres-milwaukee-brewers-4,https://raw.githubusercontent.com/nuancedegreg-blip/Sumup-images/main/images_v6/LM-70870926.jpg
LM-70871241,recovered,bing,https://di2ponv0v5otw.cloudfront.net/posts/2024/05/04/663686130a60d52c4f4e4be6/m_6636cadd280cc6496b7dcca7.jpg,https://poshmark.com/listing/Authentic-Anima-Iris-Beyonce-Zaza-Grande-Bag-663686130a60d52c4f4e4be6,https://raw.githubusercontent.com/nuancedegreg-blip/Sumup-images/main/images_v6/LM-70871241.jpg
LM-70909762,recovered,bing,https://images.ctfassets.net/s5n2t79q9icq/2O85MI1kwFsoWdrW8SaEHa/bad16599330fb31eb842ef4020f07df5/DFT_Key_Art_1920x_1080.jpg,https://magic.wizards.com/en/products/aetherdrift/card-image-gallery,https://raw.githubusercontent.com/nuancedegreg-blip/Sumup-images/main/images_v6/LM-70909762.jpg
LM-70909783,recovered,bing,https://www.rpidesigns.com/images/product/images/52430_1.jpg,https://www.rpidesigns.com/1974-1982-c3-corvette-side-marker-light-left-rear-74l,https://raw.githubusercontent.com/nuancedegreg-blip/Sumup-images/main/images_v6/LM-70909783.jpg
LM-70909811,recovered,bing,https://i.pinimg.com/originals/30/d4/b4/30d4b43116de9906e1a3d85db3f58654.jpg,https://ca.pinterest.com/pin/662592163907613109/,https://raw.githubusercontent.com/nuancedegreg-blip/Sumup-images/main/images_v6/LM-70909811.jpg
LM-70921130,recovered,bing,https://meitu.155pic.com/upload/art/09/14/18/a0jvhy4cmnb.jpg,https://www.hihikan.com/artdetail-36767.html,https://raw.githubusercontent.com/nuancedegreg-blip/Sumup-images/main/images_v6/LM-70921130.jpg
LM-70966154,recovered,bing,https://www.footitalia.com/wp-content/uploads/2022/10/Ronaldo-1-1920x1080.jpg,https://www.footitalia.com/news/juventus-appeals-arbitration-ruling-in-cristiano-ronaldo-case/,https://raw.githubusercontent.com/nuancedegreg-blip/Sumup-images/main/images_v6/LM-70966154.jpg
LM-72598036,recovered,bing,https://hardhatengineer.com/wp-content/uploads/2018/12/diaphragm-valve-sysmbol-1024x576.jpg,https://storage.googleapis.com/dhcrikdnjidtje/diaphragm-symbol-p-id.html,https://raw.githubusercontent.com/nuancedegreg-blip/Sumup-images/main/images_v6/LM-72598036.jpg
LM-73031595,recovered,bing,https://newsmaxbalkans.al/files/img/app-banner-al-new.jpg,https://newsmaxbalkans.al/shqiperi/aktualitet/59868/kamera-trupore-me-inteligjence-artificiale-per-inspektoret-dashnor-sula-zbulon-planin-do-te-zbatohet-brenda-8-muajve/news,https://raw.githubusercontent.com/nuancedegreg-blip/Sumup-images/main/images_v6/LM-73031595.jpg
LM-73031672,recovered,bing,https://www.simplifycreateinspire.com/wp-content/uploads/2023/08/father-son-activities-1.jpg.webp,https://www.simplifycreateinspire.com/father-son-activities/,https://raw.githubusercontent.com/nuancedegreg-blip/Sumup-images/main/images_v6/LM-73031672.jpg
LM-73031784,recovered,bing,https://resources.arctickingdom.com/hubfs/Imported_Blog_Media/IMG_0580-scaled-e1588347890874-1.jpg,https://resources.arctickingdom.com/top-10-places-in-iqaluit-to-visit,https://raw.githubusercontent.com/nuancedegreg-blip/Sumup-images/main/images_v6/LM-73031784.jpg
LM-73031791,recovered,bing,https://www.megavoxels.com/wp-content/uploads/2024/07/pixel-art-grid-1.webp,https://www.megavoxels.com/learn/how-to-make-a-pixel-art-bell-pepper/,https://raw.githubusercontent.com/nuancedegreg-blip/Sumup-images/main/images_v6/LM-73031791.jpg
LM-73064222,no_downloadable_image,bing,https://i1.rgstatic.net/ii/profile.image/277110489927680-1443079697316_Q512/Rafael-Sivera.jpg,https://www.researchgate.net/profile/Rafael-Sivera,
LM-73081904,recovered,bing,https://i.pinimg.com/736x/c6/64/82/c66482c8a6bde9f4dc531b68e7557a88.jpg,https://id.pinterest.com/pin/921197298788970283/,https://raw.githubusercontent.com/nuancedegreg-blip/Sumup-images/main/images_v6/LM-73081904.jpg
LM-73205006,recovered,bing,https://wallpapers.com/images/hd/ice-age-happy-characters-idkbh8d0rczf29er.jpg,https://wallpapers.com/wallpapers/ice-age-happy-characters-idkbh8d0rczf29er.html,https://raw.githubusercontent.com/nuancedegreg-blip/Sumup-images/main/images_v6/LM-73205006.jpg
LM-73720521,recovered,bing,https://i.pinimg.com/originals/62/28/f6/6228f6fedf0858f54cfceb19bf957f6f.jpg,https://br.pinterest.com/pin/165859198773450769/,https://raw.githubusercontent.com/nuancedegreg-blip/Sumup-images/main/images_v6/LM-73720521.jpg
LM-73733590,recovered,bing,https://upload.wikimedia.org/wikipedia/commons/thumb/9/90/Petersen_graph_3-coloring.svg/330px-Petersen_graph_3-coloring.svg.png,https://en.wikipedia.org/wiki/Graph_coloring,https://raw.githubusercontent.com/nuancedegreg-blip/Sumup-images/main/images_v6/LM-73733590.jpg
LM-73733646,no_downloadable_image,bing,https://media.defense.gov/2007/Mar/16/2000506764/-1/-1/0/070308-F-6824H-022.JPG,https://www.aetc.af.mil/News/Article-Display/Article/263338/behind-the-seams/,
LM-747453,no_downloadable_image,bing,https://media.licdn.com/dms/image/C5603AQG2wb1UYa2I0w/profile-displayphoto-shrink_800_800/0/1565781813333?e=2147483647&v=beta&t=XMKmLWxOOJGgap0RKQytxlvgzDaqHQFp59TTWUPJbgw,https://www.linkedin.com/in/mike-robinson-26b73055,
LM-75498150,recovered,bing,https://i.imgflip.com/35mta1.jpg,https://imgflip.com/i/35mta1,https://raw.githubusercontent.com/nuancedegreg-blip/Sumup-images/main/images_v6/LM-75498150.jpg
LM-75598306,recovered,bing,https://thumbs.dreamstime.com/b/diagram-human-eye-anatomy-label-illustration-diagram-human-eye-anatomy-label-208659924.jpg,https://www.dreamstime.com/diagram-human-eye-anatomy-label-illustration-diagram-human-eye-anatomy-label-image208659924,https://raw.githubusercontent.com/nuancedegreg-blip/Sumup-images/main/images_v6/LM-75598306.jpg
LM-75810595,recovered,bing,https://i.pinimg.com/originals/49/3e/11/493e11dd518b27c1738206dfc0b757ab.jpg,https://www.artofit.org/image-gallery/601089881539032202/50-iconic-photos-of-cindy-crawford-to-celebrate-her-birthday/,https://raw.githubusercontent.com/nuancedegreg-blip/Sumup-images/main/images_v6/LM-75810595.jpg
LM-76410670,recovered,bing,https://kotaku.com/igdb/image/upload/t_cover_small/cocaa1.jpg,https://kotaku.com/games/rocket-league-season-23,https://raw.githubusercontent.com/nuancedegreg-blip/Sumup-images/main/images_v6/LM-76410670.jpg
LM-76932254,no_downloadable_image,bing,https://eskipaper.com/images/jesse-mccartney-5.jpg,https://ar.inspiredpencil.com/pictures-2023/jesse-mccartney-phone-wallpaper,
LM-77260190,recovered,bing,"https://ecdn.teacherspayteachers.com/cdn-cgi/image/format=avif,quality=70,onerror=redirect/thumbitem/Percussion-String-and-Wind-Instruments-Worksheet-3-Pack-A4-Letter-B-W--14200545-1757053964/750f-14200545-1.jpg",https://www.teacherspayteachers.com/Product/Percussion-String-Wind-Instruments-3-Worksheets-LetterA4-BW-No-prep-14200545,https://raw.githubusercontent.com/nuancedegreg-blip/Sumup-images/main/images_v6/LM-77260190.jpg
LM-77676263,no_downloadable_image,bing,https://www.insauga.com/wp-content/uploads/2021/07/nightmarketto.jpg,https://www.insauga.com/three-day-food-festival-coming-to-square-one-in-mississauga/,
LM-77676270,recovered,bing,https://telltaletv.com/wp-content/uploads/2025/09/hazbin-hotel-season-2-vox-grand-return-1536x864.jpg,https://telltaletv.com/2025/09/hazbin-hotel-season-2-teaser-trailer-highlights-voxs-hellish-return-and-charlie-morningstars-downfall/,https://raw.githubusercontent.com/nuancedegreg-blip/Sumup-images/main/images_v6/LM-77676270.jpg
LM-77676410,recovered,bing,https://images.squarespace-cdn.com/content/v1/5dc1e039d238444f39ce1d58/1763122923989-QXLNLGR5YX62JG0HGOB3/DSC_2097.jpg,https://www.exclusiveadventuresnz.com/pacific-goat,https://raw.githubusercontent.com/nuancedegreg-blip/Sumup-images/main/images_v6/LM-77676410.jpg
LM-77676424,recovered,bing,https://m.media-amazon.com/images/I/71+9R1cAgTL.jpg,https://storage.googleapis.com/dqivudbtahpvue/fender-flares-for-2021-ford-f150.html,https://raw.githubusercontent.com/nuancedegreg-blip/Sumup-images/main/images_v6/LM-77676424.jpg
LM-77676431,recovered,bing,https://images.squarespace-cdn.com/content/v1/5d5c880a7d9eaf0001444839/1628745226919-ED1OX3JOH3DVFD6D090C/benefits+of+sports+nutrition.png,https://storage.googleapis.com/daituiqblwcvxe/beginner-nutrition-courses.html,https://raw.githubusercontent.com/nuancedegreg-blip/Sumup-images/main/images_v6/LM-77676431.jpg
LM-77676564,recovered,bing,https://thumbs.dreamstime.com/z/close-up-detailed-microprocessor-circuit-board-detailed-view-microprocessor-mounted-circuit-board-342246101.jpg?w=768,https://www.dreamstime.com/close-up-detailed-microprocessor-circuit-board-detailed-view-microprocessor-mounted-circuit-board-image342246101,https://raw.githubusercontent.com/nuancedegreg-blip/Sumup-images/main/images_v6/LM-77676564.jpg
LM-77676816,recovered,bing,https://realfood.tesco.com/media/images/1400x919-CornFrittersBacon-8b625867-9c70-411f-b089-98a88921fc03-0-1400x919.jpg,https://storage.googleapis.com/dnaefbqgcjtwie/sweet-corn-fritters-recipe-jamie-oliver.html,https://raw.githubusercontent.com/nuancedegreg-blip/Sumup-images/main/images_v6/LM-77676816.jpg
LM-77676830,recovered,bing,https://www.kohchangaccom.com/wp-content/uploads/2016/04/Car-All.jpg,https://storage.googleapis.com/dotljbfyixlwve/car-rental-1-day.html,https://raw.githubusercontent.com/nuancedegreg-blip/Sumup-images/main/images_v6/LM-77676830.jpg
LM-77676942,recovered,bing,https://i.pinimg.com/originals/4c/39/30/4c3930e5af6e9131f93c4d51e00470e6.jpg,https://www.artofit.org/ideas/baby-boy-haircut-styles,https://raw.githubusercontent.com/nuancedegreg-blip/Sumup-images/main/images_v6/LM-77676942.jpg
LM-77677005,recovered,bing,https://www.usmagazine.com/wp-content/uploads/2022/03/Sheila-Carrasco-Ghosts-Cast-What-the-Stars-of-the-CBS-Sitcom-Look-Like-in-Real-Life.jpg?w=1400&quality=86&strip=all,https://www.usmagazine.com/entertainment/pictures/ghosts-cast-what-the-stars-look-like-in-real-life/,https://raw.githubusercontent.com/nuancedegreg-blip/Sumup-images/main/images_v6/LM-77677005.jpg
LM-77677012,recovered,bing,http://coloringpagesfortoddlers.com/wp-content/uploads/2018/08/girl-blank-face-coloring-page.gif,https://storage.googleapis.com/hanporellcok/blank-face-coloring-sheet.html,https://raw.githubusercontent.com/nuancedegreg-blip/Sumup-images/main/images_v6/LM-77677012.jpg
LM-77953386,recovered,bing,https://static0.colliderimages.com/wordpress/wp-content/uploads/2025/11/the-beast-in-me-tastemaker-event-claire-danes-matthew-rhys-image-via-phil-faraone-getty-images-for-netflix.JPG?&fit=crop&w=1600&h=900,https://collider.com/the-beast-in-me-netflix-ending-explained-claire-danes-matthew-rhys/,https://raw.githubusercontent.com/nuancedegreg-blip/Sumup-images/main/images_v6/LM-77953386.jpg
LM-78923893,recovered,bing,https://www.recipeboy.com/wp-content/uploads/2015/05/Easy-Ice-Cream-Sandwich-Cake-1.jpg,https://qaqooking.wiki/all/how-to/pinterest-ice-cream-sandwich-cake,https://raw.githubusercontent.com/nuancedegreg-blip/Sumup-images/main/images_v6/LM-78923893.jpg
LM-78923895,recovered,bing,https://s2.pictoa.com/media/galleries/261/160/2611605fd93201b8b3c/36916065fd93203db800.gif,https://www.pictoa.com/albums/riley-reid-gifs-vol7-3691606.html,https://raw.githubusercontent.com/nuancedegreg-blip/Sumup-images/main/images_v6/LM-78923895.jpg
LM-791882,recovered,bing,https://i.pinimg.com/originals/db/94/ab/db94aba97f0eba42983b496f84c8a6f0.jpg,https://www.artofit.org/image-gallery/953778027317598284/cute-white-albino-animals-wildlife-photography-a-collection-of-snowy-sensations/,https://raw.githubusercontent.com/nuancedegreg-blip/Sumup-images/main/images_v6/LM-791882.jpg
LM-79520063,recovered,bing,https://stesa.com/mapas/wp-content/uploads/21718/Mapa-de-suelos-del-Paraguay.jpg,https://stesa.com/mapas/doc/mapa-geologico-del-paraguay/,https://raw.githubusercontent.com/nuancedegreg-blip/Sumup-images/main/images_v6/LM-79520063.jpg
LM-79520084,recovered,bing,https://i.etsystatic.com/5146233/r/il/9e9c0d/1323780378/il_794xN.1323780378_s9fr.jpg,https://www.etsy.com/listing/564794239/brooke-shields-girls-shirt-mccalls-2124,https://raw.githubusercontent.com/nuancedegreg-blip/Sumup-images/main/images_v6/LM-79520084.jpg
LM-79678746,recovered,bing,https://www.verywellhealth.com/thmb/auNbCcvApH2PY5Ob8mm_JATHtBI=/1500x0/filters:no_upscale():max_bytes(150000):strip_icc()/tincorp9-4c254639fe6d48bbaed4e154f6f21647.jpg,https://www.verywellhealth.com/ringworm-signs-symptoms-complications-4163126,https://raw.githubusercontent.com/nuancedegreg-blip/Sumup-images/main/images_v6/LM-79678746.jpg
LM-79793504,recovered,bing,https://c.tenor.com/0Z7uO5jNgrkAAAAM/star-wars-yoda.gif,https://tenor.com/search/weekend-dance-gifs,https://raw.githubusercontent.com/nuancedegreg-blip/Sumup-images/main/images_v6/LM-79793504.jpg
LM-79917796,recovered,bing,https://cdn11.bigcommerce.com/s-5jvd13xp94/images/stencil/1280x1280/products/2557/8566/fvi12-vaccum-diaphragm-2__20975.1722275113.png?c=1,https://www.eccotemp.com/fvi12-diaphragm/,https://raw.githubusercontent.com/nuancedegreg-blip/Sumup-images/main/images_v6/LM-79917796.jpg
LM-79917803,recovered,bing,https://i.pinimg.com/originals/f4/9a/93/f49a93c692a79f02e9cf7f2899f571a6.gif,https://www.pinterest.com/pin/387380005417566447/,https://raw.githubusercontent.com/nuancedegreg-blip/Sumup-images/main/images_v6/LM-79917803.jpg
LM-79917810,recovered,bing,https://i.ytimg.com/vi/rQ7bDt3vNfE/hqdefault.jpg,https://www.youtube.com/watch?v=rQ7bDt3vNfE,https://raw.githubusercontent.com/nuancedegreg-blip/Sumup-images/main/images_v6/LM-79917810.jpg
LM-80104780,recovered,bing,https://thumb-lvlt.xhcdn.com/a/D5uDl5PGjDWsmoak5_c6kw/008/541/793/2000x2000.4.jpg,https://sv.xhamster.com/videos/anna-paquin-fucking-from-behind-in-true-b-scandalplanet-com-8541793,https://raw.githubusercontent.com/nuancedegreg-blip/Sumup-images/main/images_v6/LM-80104780.jpg
LM-80119273,recovered,bing,https://images.ctfassets.net/4yx69hifndy8/1RNO5vvcu1Z2gWO0vxHH9q/1ceba271ee730e438a856b6b3e808d7f/7986_GJtube.jpg,https://patient.uwhealth.org/healthfacts/7986,https://raw.githubusercontent.com/nuancedegreg-blip/Sumup-images/main/images_v6/LM-80119273.jpg
LM-80121040,recovered,bing,https://d2zyb4ugwufqpc.cloudfront.net/media/catalog/product/cache/dbb20457cdcf4cbec19d1c19a7360279/d/r/drbrowns.jpg,https://localmenu.katzsdelicatessen.com/menu-and-local/beverages/dr-browns.html,https://raw.githubusercontent.com/nuancedegreg-blip/Sumup-images/main/images_v6/LM-80121040.jpg
LM-80121079,recovered,bing,https://ble-t.org/wp-content/uploads/2023/08/BLET_160_CaseyJones_08-9-23_horizontal-scaled.jpg,https://ar.inspiredpencil.com/pictures-2023/casey-jones-engine-driver,https://raw.githubusercontent.com/nuancedegreg-blip/Sumup-images/main/images_v6/LM-80121079.jpg
LM-80121093,recovered,bing,https://t1.pictoa.com/media/galleries/179/639/179639593f136546a6d/2935164593f136829ac7.jpg,https://www.pictoa.com/albums/amateur-hairy-pics-2935164.html,https://raw.githubusercontent.com/nuancedegreg-blip/Sumup-images/main/images_v6/LM-80121093.jpg
LM-80121094,recovered,bing,https://media1.popsugar-assets.com/files/thumbor/w_6-tax60prvCpLtzA5ql5HbriU/fit-in/1024x1024/filters:format_auto-!!-:strip_icc-!!-/2015/02/24/804/n/1922729/66bd2ebe1a9c6df1_mountain-climbers/i/Mountain-Climbers.jpg,https://storage.googleapis.com/dpgkghmnkpopxe/what-are-climbers-workout.html,https://raw.githubusercontent.com/nuancedegreg-blip/Sumup-images/main/images_v6/LM-80121094.jpg
LM-80121101,recovered,bing,https://salzgeber.de/media/fullm/fuckingamal_dvd_rgb_1400px.jpg,https://salzgeber.de/fuckingamal,https://raw.githubusercontent.com/nuancedegreg-blip/Sumup-images/main/images_v6/LM-80121101.jpg
LM-80121102,recovered,bing,https://cdn.portalfruticola.com/2026/05/piearado.png,https://www.portalfruticola.com/noticias/2026/05/20/pie-de-arado/,https://raw.githubusercontent.com/nuancedegreg-blip/Sumup-images/main/images_v6/LM-80121102.jpg
LM-80121181,recovered,bing,https://wallpapercave.com/wp/wp11640770.jpg,https://storage.googleapis.com/dtffhbftpxdzne/cartoon-video-motu-patlu-car.html,https://raw.githubusercontent.com/nuancedegreg-blip/Sumup-images/main/images_v6/LM-80121181.jpg
LM-80121185,recovered,bing,https://www.freepnglogos.com/uploads/bitcoin-png/where-can-find-this-bitcoin-logo-transparent-png-2.png,https://animalia-life.club/qa/pictures/bitcoin-logo-jpg,https://raw.githubusercontent.com/nuancedegreg-blip/Sumup-images/main/images_v6/LM-80121185.jpg
LM-80121188,recovered,bing,https://imggen.eporner.com/8508081/1920/1080/2.jpg,https://nl.eporner.com/video-1Dgn4uDK9GS/sexy-brandi-love-in-black-seamed-stockings-heels-and-sexy-lingerie/,https://raw.githubusercontent.com/nuancedegreg-blip/Sumup-images/main/images_v6/LM-80121188.jpg
LM-80121261,recovered,bing,https://static.mercadonegro.pe/wp-content/uploads/2018/01/23061636/5-PASOS-PARA-HACER-EL-MEJOR-SLOGAN.png,https://stolpersteine-lueneburg.de/slogans-ejemplos-ejemplos-de-slogans-famosos-que-marcaron-la-publicidad/,https://raw.githubusercontent.com/nuancedegreg-blip/Sumup-images/main/images_v6/LM-80121261.jpg
LM-80121262,recovered,bing,https://images.squarespace-cdn.com/content/v1/636969f5a011d748629bcac2/8f698cf6-4357-4f29-b983-c611aaaf05dd/cristiano+ronaldo+working+out.jpeg,https://ar.inspiredpencil.com/pictures-2023/what-is-ronaldo's-workout-routine,https://raw.githubusercontent.com/nuancedegreg-blip/Sumup-images/main/images_v6/LM-80121262.jpg
LM-80121263,recovered,bing,https://i.pinimg.com/originals/71/a9/23/71a92360cb0c1fc5ce6981685079ac2e.jpg,https://www.artofit.org/image-gallery/472455817162366890/hollow-knight-martina-bonanni/,https://raw.githubusercontent.com/nuancedegreg-blip/Sumup-images/main/images_v6/LM-80121263.jpg
LM-80121264,recovered,bing,https://arabiahorizons.com/blog/wp-content/uploads/2020/06/Burj-Khalifa-Floors.jpg,https://arabiahorizons.com/blog/about-burj-khalifa-floors/,https://raw.githubusercontent.com/nuancedegreg-blip/Sumup-images/main/images_v6/LM-80121264.jpg
LM-80121265,recovered,bing,https://images.filmibeat.com/webp/img/popcorn/movie_posters/Silo-Season-3-20260521140541-9818.jpg,https://www.filmibeat.com/top-listing/ott-apple-tv-plus-new-movie-releases-44/,https://raw.githubusercontent.com/nuancedegreg-blip/Sumup-images/main/images_v6/LM-80121265.jpg
LM-80121303,recovered,bing,https://www.visitphilly.com/wp-content/uploads/2024/05/mutter-museum-main-gallery-skeletons-jfusco-for-vp-1200x900px.jpg,https://www.visitphilly.com/articles/philadelphia/free-museum-days-philadelphia-attractions-wawa-welcome-america/,https://raw.githubusercontent.com/nuancedegreg-blip/Sumup-images/main/images_v6/LM-80121303.jpg
LM-80121304,recovered,bing,https://img.freepik.com/vetores-premium/indice-de-massa-corporal-classificacao-do-imc-ilustracao-vetorial_508021-9.jpg?w=2000,https://br.freepik.com/vetores-premium/indice-de-massa-corporal-classificacao-do-imc-ilustracao-vetorial_17212086.htm,https://raw.githubusercontent.com/nuancedegreg-blip/Sumup-images/main/images_v6/LM-80121304.jpg
LM-80121305,recovered,bing,https://image1.slideserve.com/3307918/3-chicane-model-l.jpg,https://www.slideserve.com/kendall/outline-powerpoint-ppt-presentation,https://raw.githubusercontent.com/nuancedegreg-blip/Sumup-images/main/images_v6/LM-80121305.jpg
LM-80121306,recovered,bing,https://i.pinimg.com/originals/3c/f4/35/3cf4357eda5c9086bf63dee468e0a7f2.jpg,https://in.pinterest.com/pin/48624870970473169/,https://raw.githubusercontent.com/nuancedegreg-blip/Sumup-images/main/images_v6/LM-80121306.jpg
LM-80125274,recovered,bing,https://i.etsystatic.com/50075914/r/il/2d5da3/7714687050/il_1588xN.7714687050_pr7w.jpg,https://www.etsy.com/listing/4350266958/preschool-line-up-rules-poster-set,https://raw.githubusercontent.com/nuancedegreg-blip/Sumup-images/main/images_v6/LM-80125274.jpg
LM-80125279,recovered,bing,https://ichef.bbci.co.uk/news/raw/cpsprodpb/f728/live/fcc2d9f0-47f2-11ee-ac6b-f575f1fa979e.jpg,https://acento.com.do/bbc-news-mundo/juanes-odiaba-verme-al-espejo-escuchar-mi-musica-la-confesion-del-cantante-colombiano-sobre-su-lucha-contra-la-depresion-2-9241002.html,https://raw.githubusercontent.com/nuancedegreg-blip/Sumup-images/main/images_v6/LM-80125279.jpg
LM-80125280,recovered,bing,https://mlpp.pressbooks.pub/app/uploads/sites/1010/2022/07/IMG_4552-scaled.jpg,https://mlpp.pressbooks.pub/mnhist/front-matter/introduction/,https://raw.githubusercontent.com/nuancedegreg-blip/Sumup-images/main/images_v6/LM-80125280.jpg
LM-80125281,recovered,bing,https://images.fineartamerica.com/images/artworkimages/mediumlarge/2/aurora-borealis-over-iceland-gnther-egger.jpg,https://pixels.com/featured/aurora-borealis-over-iceland-gnther-egger.html,https://raw.githubusercontent.com/nuancedegreg-blip/Sumup-images/main/images_v6/LM-80125281.jpg
LM-80125282,recovered,bing,https://img.freepik.com/premium-vector/cute-grey-cat-cartoon-vector-illustration_969863-130108.jpg,https://www.freepik.com/premium-vector/cute-grey-cat-cartoon-vector-illustration_307743417.htm,https://raw.githubusercontent.com/nuancedegreg-blip/Sumup-images/main/images_v6/LM-80125282.jpg
LM-80125283,recovered,bing,https://static-eu-cdn.eporner.com/gallery/UN/By/3TUtNTwByUN/27658737-0275_880x660.jpg,https://www.eporner.com/photo/wykAMbRXoCo/0275/,https://raw.githubusercontent.com/nuancedegreg-blip/Sumup-images/main/images_v6/LM-80125283.jpg
LM-80125285,recovered,bing,https://i.ytimg.com/vi/FGbf0-nWWVI/maxresdefault.jpg,https://www.youtube.com/watch?v=FGbf0-nWWVI,https://raw.githubusercontent.com/nuancedegreg-blip/Sumup-images/main/images_v6/LM-80125285.jpg
LM-80125286,recovered,bing,https://preview.redd.it/f3cvflxgpor91.jpg?auto=webp&s=88890bcaba787fa37f258b6f76024b91d033dea2,https://www.reddit.com/r/gilf/comments/xv0cu6/bra_and_panties/,https://raw.githubusercontent.com/nuancedegreg-blip/Sumup-images/main/images_v6/LM-80125286.jpg
LM-80125287,recovered,bing,https://contosdetodososcantos.com.br/wp-content/uploads/2023/12/A-Lenda-do-Saci-Perere-Folclore-Brasileiro.jpg,https://fity.club/lists/l/lenda-do-saci-perere/,https://raw.githubusercontent.com/nuancedegreg-blip/Sumup-images/main/images_v6/LM-80125287.jpg
LM-80125288,recovered,bing,https://media.istockphoto.com/id/2190620456/photo/man-relaxing-in-infinity-pool-with-scenic-mountain-view.jpg?s=612x612&w=0&k=20&c=34fgw31CFUPSSrEdU2XdV_Ad8OFlJI6AiEbcO8u-VMI=,https://www.istockphoto.com/photos/infinity-pool-with-mountain-view,https://raw.githubusercontent.com/nuancedegreg-blip/Sumup-images/main/images_v6/LM-80125288.jpg
LM-80125289,recovered,bing,https://www.skyscanner.com.br/images/opengraph_v1.png,https://www.skyscanner.com.br/rotas/bsl/pbi/basileia-mulhouse-para-internacional-presidente-donald-j-trump.html,https://raw.githubusercontent.com/nuancedegreg-blip/Sumup-images/main/images_v6/LM-80125289.jpg
LM-80125290,recovered,bing,https://10web.io/wp-content/uploads/2024/07/Otterai.png,https://10web.io/ai-tools/bit-ai/,https://raw.githubusercontent.com/nuancedegreg-blip/Sumup-images/main/images_v6/LM-80125290.jpg
LM-80125396,recovered,bing,"https://images-wixmp-ed30a86b8c4ca887773594c2.wixmp.com/f/ce0cd4e8-683d-4da1-a7e6-f2cb499c7f27/deay2fn-d5d97e14-03ca-4ab9-a0f1-4377aa04c536.jpg/v1/fill/w_740,h_1080,q_70,strp/fanart_for_the_little_crooked_tale_by_buclena_deay2fn-pre.jpg?token=eyJ0eXAiOiJKV1QiLCJhbGciOiJIUzI1NiJ9.eyJzdWIiOiJ1cm46YXBwOjdlMGQxODg5ODIyNjQzNzNhNWYwZDQxNWVhMGQyNmUwIiwiaXNzIjoidXJuOmFwcDo3ZTBkMTg4OTgyMjY0MzczYTVmMGQ0MTVlYTBkMjZlMCIsIm9iaiI6W1t7ImhlaWdodCI6Ijw9MTIzOCIsInBhdGgiOiJcL2ZcL2NlMGNkNGU4LTY4M2QtNGRhMS1hN2U2LWYyY2I0OTljN2YyN1wvZGVheTJmbi1kNWQ5N2UxNC0wM2NhLTRhYjktYTBmMS00Mzc3YWEwNGM1MzYuanBnIiwid2lkdGgiOiI8PTg0OCJ9XV0sImF1ZCI6WyJ1cm46c2VydmljZTppbWFnZS5vcGVyYXRpb25zIl19.FVaUT43ODrACv2WD2orTNZqNjs4sC74K8ipeNvx4Hpc",https://www.deviantart.com/buclena/art/Fanart-for-The-Little-Crooked-Tale-864912083,https://raw.githubusercontent.com/nuancedegreg-blip/Sumup-images/main/images_v6/LM-80125396.jpg
LM-80125445,recovered,bing,https://grabaro.com/blog/wp-content/uploads/2023/07/mrgb_email_development_email_engineering_email_marketing_9c27a6aa-41d8-4990-b8e9-84452345ed29.webp,https://grabaro.com/blog/100-irresistible-best-email-subject-lines-for-sales-that-work-in-2023/,https://raw.githubusercontent.com/nuancedegreg-blip/Sumup-images/main/images_v6/LM-80125445.jpg
LM-80125446,recovered,bing,https://img.scoop.it/f_VYxocP0bYPJWxG1eCxgjl72eJkfbmt4t8yenImKBXEejxNn4ZJNZ2ss5Ku7Cxt,https://glossarissimo.wordpress.com/2013/02/20/en-fabric-glossary-common-fabric-terms-ny-fashion-center-fabrics/,https://raw.githubusercontent.com/nuancedegreg-blip/Sumup-images/main/images_v6/LM-80125446.jpg
LM-80125449,recovered,bing,https://minhasatividades.com/wp-content/uploads/2021/06/1-36-724x1024.png,https://minhasatividades.com/atividade-sobre-sapo-para-educacao-infantil/,https://raw.githubusercontent.com/nuancedegreg-blip/Sumup-images/main/images_v6/LM-80125449.jpg
LM-80125451,recovered,bing,https://img.freepik.com/premium-photo/lgbtq-pride-graphics-with-copy-space_1246009-80.jpg,https://www.freepik.com/premium-ai-image/lgbtq-pride-graphics-with-copy-space_199959687.htm,https://raw.githubusercontent.com/nuancedegreg-blip/Sumup-images/main/images_v6/LM-80125451.jpg
LM-80125452,no_downloadable_image,bing,https://p1.hiclipart.com/preview/846/315/683/twice-signal-folder-icons-twice-png-icon.jpg,https://www.hiclipart.com/free-transparent-background-png-clipart-qhbvp,
LM-80125454,recovered,bing,https://whats-after-the-movie-ti152.sevalla.storage/movies/the-lighthouse-2019.jpg,https://www.plotexplained.com/movie/lighthouse-1947,https://raw.githubusercontent.com/nuancedegreg-blip/Sumup-images/main/images_v6/LM-80125454.jpg
LM-80125455,recovered,bing,https://es.gridinsoft.com/img/scr/site/bollyflix-wales.jpeg,https://es.gridinsoft.com/online-virus-scanner/url/bollyflix-wales,https://raw.githubusercontent.com/nuancedegreg-blip/Sumup-images/main/images_v6/LM-80125455.jpg
LM-80125459,recovered,bing,https://www.ocregister.com/wp-content/uploads/2024/10/OCR-L-CYBERTRUCK-1009-05-MS.jpg?w=1860,https://www.ocregister.com/2024/10/08/irvine-pd-unveils-new-police-cybertruck/,https://raw.githubusercontent.com/nuancedegreg-blip/Sumup-images/main/images_v6/LM-80125459.jpg
LM-80125462,recovered,bing,https://mantenimientodetupiscina.com/wp-content/uploads/2023/02/cepillo-para-piscina-limpiar.jpg,https://mantenimientodetupiscina.com/como-limpiar-la-superficie-de-tu-piscina-10-tips/,https://raw.githubusercontent.com/nuancedegreg-blip/Sumup-images/main/images_v6/LM-80125462.jpg
LM-80125464,recovered,bing,https://media.giphy.com/media/l2SqckbZRno5HfBhS/giphy.gif,https://frostatmidnite.wordpress.com/2018/12/31/week-in-review-week-52-2018/,https://raw.githubusercontent.com/nuancedegreg-blip/Sumup-images/main/images_v6/LM-80125464.jpg
LM-80125466,recovered,bing,https://i.etsystatic.com/19284367/r/il/5db7c3/5159154866/il_1080xN.5159154866_r6pv.jpg,https://www.etsy.com/listing/1538502271/alvin-and-the-chipmunks-letter-a-kids,https://raw.githubusercontent.com/nuancedegreg-blip/Sumup-images/main/images_v6/LM-80125466.jpg
LM-80125468,recovered,bing,https://static-ca-cdn.eporner.com/photos/55116.jpg,https://www.eporner.com/photo/Y2wj2nGVnf7/Nicole-Aniston/,https://raw.githubusercontent.com/nuancedegreg-blip/Sumup-images/main/images_v6/LM-80125468.jpg
LM-80125469,recovered,bing,https://wallpapercat.com/w/full/2/1/1/682964-2800x1440-desktop-hd-loch-ness-scottish-highlands-background-image.jpg,https://wallpapercat.com/loch-ness-scottish-highlands-wallpapers,https://raw.githubusercontent.com/nuancedegreg-blip/Sumup-images/main/images_v6/LM-80125469.jpg
LM-80125473,recovered,bing,https://images.scrolller.com/pico/follow-me-for-more-incest-meme-on-instagram-incst-6gfq35hosk.jpg,https://scrolller.com/follow-me-for-more-incest-meme-on-instagram-incst-eod6iu4f36,https://raw.githubusercontent.com/nuancedegreg-blip/Sumup-images/main/images_v6/LM-80125473.jpg
LM-80125474,recovered,bing,"https://static.wixstatic.com/media/11062b_ad1f8a85bab44e0fbc36819ea2e8eeb8~mv2.jpeg/v1/fill/w_4750,h_3167,al_c,q_90,enc_auto/11062b_ad1f8a85bab44e0fbc36819ea2e8eeb8~mv2.jpeg",https://www.cardiffdogtrainingacademy.co.uk/course-prices-booknow,https://raw.githubusercontent.com/nuancedegreg-blip/Sumup-images/main/images_v6/LM-80125474.jpg
LM-80125476,recovered,bing,https://media.istockphoto.com/id/936448756/vector/the-saci.jpg?s=170667a&w=0&k=20&c=HwwCX9s3nDCw0VbofXOKcQkiXSPiUg7HA6iOyZlb83M=,https://www.istockphoto.com/vector/the-saci-gm936448756-256191068,https://raw.githubusercontent.com/nuancedegreg-blip/Sumup-images/main/images_v6/LM-80125476.jpg
LM-80125477,recovered,bing,https://concepto.de/wp-content/uploads/2019/09/plano-cartesiano-caracteristicas-e1569779134605.jpg,https://dem-lebendigen-geist.de/eje-o-plano-cartesiano-como-leer-coordenadas-en-un-plano-cartesiano-guia-practica/,https://raw.githubusercontent.com/nuancedegreg-blip/Sumup-images/main/images_v6/LM-80125477.jpg
LM-80125478,recovered,bing,https://img.rawpixel.com/s3fs-private/rawpixel_images/website_content/k-p-achi-44430-lyj2417-1-mathematics.jpg?w=800&dpr=1&fit=default&crop=default&q=65&vib=3&con=3&usm=15&bg=F4F4F3&ixlib=js-2.2.1&s=fd7fa25cfd1a203767e63149217ca737,https://www.rawpixel.com/search/math,https://raw.githubusercontent.com/nuancedegreg-blip/Sumup-images/main/images_v6/LM-80125478.jpg
LM-80125482,recovered,bing,https://static.vecteezy.com/system/resources/previews/033/919/162/large_2x/a-path-through-a-forest-with-trees-and-green-grass-ai-generated-free-photo.jpg,https://www.vecteezy.com/photo/33919162-a-path-through-a-forest-with-trees-and-green-grass-ai-generated,https://raw.githubusercontent.com/nuancedegreg-blip/Sumup-images/main/images_v6/LM-80125482.jpg
LM-80125487,recovered,bing,https://wallpaperaccess.com/full/659270.jpg,https://wallpaperaccess.com/4k-cs-go,https://raw.githubusercontent.com/nuancedegreg-blip/Sumup-images/main/images_v6/LM-80125487.jpg
LM-80125491,recovered,bing,https://i.ytimg.com/vi/4rcliEF-lG4/maxresdefault.jpg?sqp=-oaymwEmCIAKENAF8quKqQMa8AEB-AH-CYAC0AWKAgwIABABGHIgTyhDMA8=&rs=AOn4CLAXPcoGWwe3q46T6EkHbTEcvOPRwg,https://www.youtube.com/watch?v=4rcliEF-lG4,https://raw.githubusercontent.com/nuancedegreg-blip/Sumup-images/main/images_v6/LM-80125491.jpg
LM-80125492,recovered,bing,https://frasesparami.com/wp-content/uploads/2023/06/carta-de-despedida-para-una-maestra-768x768.jpg,https://frasesparami.com/cartas-para-maestras/,https://raw.githubusercontent.com/nuancedegreg-blip/Sumup-images/main/images_v6/LM-80125492.jpg
LM-80125495,recovered,bing,https://image.winudf.com/v2/image1/Y29tLmFpcGhvdG9nZW5lcmF0b3IuYWl2aWRlb2dlbmVyYXRvci5haWFydC5haWFydGNyZWF0b3Jfc2NyZWVuXzBfMTc2ODk3NTQxMV8wNDQ/screen-0.jpg?fakeurl=1&type=.jpg,https://apkpure.com/cn/lumigen-ai-photo-generator/com.aiphotogenerator.aivideogenerator.aiart.aiartcreator,https://raw.githubusercontent.com/nuancedegreg-blip/Sumup-images/main/images_v6/LM-80125495.jpg
LM-80125496,recovered,bing,https://hip2save.com/wp-content/uploads/2023/01/how-to-buy-a-cow-graphic-e1672848573776.jpg?resize=1600%2C1052&strip=all,https://hip2save.com/tips/how-to-buy-a-cow/,https://raw.githubusercontent.com/nuancedegreg-blip/Sumup-images/main/images_v6/LM-80125496.jpg
LM-80125502,recovered,bing,https://c8.alamy.com/comp/2FXH8GF/interior-of-historical-landmark-basilica-of-our-lady-of-guadalupe-in-mexico-city-mexico-2FXH8GF.jpg,https://www.alamy.com/interior-of-historical-landmark-basilica-of-our-lady-of-guadalupe-in-mexico-city-mexico-image429409807.html,https://raw.githubusercontent.com/nuancedegreg-blip/Sumup-images/main/images_v6/LM-80125502.jpg
LM-80125504,recovered,bing,https://i.etsystatic.com/47339097/r/il/9909a4/5954537454/il_fullxfull.5954537454_gd9y.jpg,https://fity.club/lists/suggestions/employee-of-the-month-certificate-template-printable/,https://raw.githubusercontent.com/nuancedegreg-blip/Sumup-images/main/images_v6/LM-80125504.jpg
LM-80125506,recovered,bing,http://3.bp.blogspot.com/-DvsnqAznY9c/Uf6PlLQbsII/AAAAAAAAlIo/OB1rLzmy7n8/s1600/math+is+real+life.png,http://www.theteacherstudio.com/2014/09/math-in-real-life-back-to-school-desk.html,https://raw.githubusercontent.com/nuancedegreg-blip/Sumup-images/main/images_v6/LM-80125506.jpg
LM-80125510,recovered,bing,https://wallpapercave.com/wp/wp9344189.jpg,https://wallpapercave.com/gta-5-characters-wallpapers,https://raw.githubusercontent.com/nuancedegreg-blip/Sumup-images/main/images_v6/LM-80125510.jpg
LM-80125512,recovered,bing,https://print-mo.com/cdn/shop/files/NextLevelCVC_NeonYellow_Front.png?v=1724356366,https://print-mo.com/products/next-level-apparel-unisex-cvc-crewneck-t-shirt,https://raw.githubusercontent.com/nuancedegreg-blip/Sumup-images/main/images_v6/LM-80125512.jpg
LM-80125513,recovered,bing,https://i.pinimg.com/originals/b6/4b/5a/b64b5a6f1c6ffa5de2182fdd21afed60.jpg?nii=t,https://br.pinterest.com/ideas/desenhos-para-colagem/928932603774/,https://raw.githubusercontent.com/nuancedegreg-blip/Sumup-images/main/images_v6/LM-80125513.jpg
LM-80126306,recovered,bing,https://wallpapers.com/images/hd/animated-cartoon-characters-mickey-mouse-hd-uqxbe2ht74sgskdw.jpg,https://wallpapers.com/mickey,https://raw.githubusercontent.com/nuancedegreg-blip/Sumup-images/main/images_v6/LM-80126306.jpg
LM-80126484,recovered,bing,https://i.pinimg.com/236x/5b/24/54/5b2454995d2cd907635fb26902e7d5cd.jpg,https://co.pinterest.com/pin/352969689524669918/,https://raw.githubusercontent.com/nuancedegreg-blip/Sumup-images/main/images_v6/LM-80126484.jpg
LM-80126495,recovered,bing,https://static.vecteezy.com/system/resources/previews/025/904/725/non_2x/lan-or-local-area-network-vector.jpg,https://storage.googleapis.com/dwsdovtqdmcrne/local-network-que-es.html,https://raw.githubusercontent.com/nuancedegreg-blip/Sumup-images/main/images_v6/LM-80126495.jpg
LM-80126912,recovered,bing,https://media1.tenor.com/m/mRhOEOCz4aMAAAAC/horny-blowjob.gif,https://tenor.com/search/cocksucking-gifs,https://raw.githubusercontent.com/nuancedegreg-blip/Sumup-images/main/images_v6/LM-80126912.jpg
LM-80127296,recovered,bing,https://s1.pictoa.com/media/galleries/179/800/179800593f285ef10f9/2937405593f285fdfd42.jpg,https://www.pictoa.com/albums/cherry-torn-hot-dominatrix-spanks-and-humiliates-teen-slaveboy-sam-truitt-2937405.html,https://raw.githubusercontent.com/nuancedegreg-blip/Sumup-images/main/images_v6/LM-80127296.jpg
LM-80127312,recovered,bing,https://alimentobalanceado.ar/images/30e645ad138ca27d5741fcef9add2b6a/perro-pollo.png,https://www.alimentobalanceado.ar/product.php?id=556,https://raw.githubusercontent.com/nuancedegreg-blip/Sumup-images/main/images_v6/LM-80127312.jpg
LM-80127313,recovered,bing,https://latestlogo.com/wp-content/uploads/2024/04/taco-bell.png,https://latestlogo.com/logos/taco-bell/,https://raw.githubusercontent.com/nuancedegreg-blip/Sumup-images/main/images_v6/LM-80127313.jpg
LM-80127318,recovered,bing,https://img-s-msn-com.akamaized.net/tenant/amp/entityid/AA29fadW.img?w=1280&h=720&m=4&q=87,https://www.msn.com/en-us/travel/europe-travel/greece-travel-guide-best-things-to-do-in-greece-2026-4k/vi-AA29ffFS,https://raw.githubusercontent.com/nuancedegreg-blip/Sumup-images/main/images_v6/LM-80127318.jpg
LM-80127319,recovered,bing,https://1.bp.blogspot.com/-Cufuusl3Fjg/UG7vtpx85oI/AAAAAAAAWHQ/vYutAeXOq38/s1600/HAPPY+BIRTHDAY+003.JPG,https://shesasassylady.blogspot.com/2012/10/happy-birthday-cards.html,https://raw.githubusercontent.com/nuancedegreg-blip/Sumup-images/main/images_v6/LM-80127319.jpg
LM-80127323,recovered,bing,https://carpetworkroom.com/wp-content/uploads/2023/07/DSC_0868-Large-768x1152.jpeg,https://carpetworkroom.com/2023/08/02/newton-carpet-gallery-opening/,https://raw.githubusercontent.com/nuancedegreg-blip/Sumup-images/main/images_v6/LM-80127323.jpg
LM-80127325,recovered,bing,https://noticias-ahora.com/wp-content/uploads/2022/01/Mandocas.jpg,https://noticias-ahora.com/receta-tierra-sol-amada-deliciosas-mandocas/,https://raw.githubusercontent.com/nuancedegreg-blip/Sumup-images/main/images_v6/LM-80127325.jpg
LM-80127326,recovered,bing,https://ecdn.teacherspayteachers.com/thumbitem/Lab-Report-Template-9939957-1691000077/original-9939957-1.jpg,https://www.teacherspayteachers.com/Product/Lab-Report-Template-9939957,https://raw.githubusercontent.com/nuancedegreg-blip/Sumup-images/main/images_v6/LM-80127326.jpg
LM-80127328,recovered,bing,http://pontodoconhecimento.com/wp-content/uploads/2023/10/1-3.png,https://pontodoconhecimento.com/numeros-romanos/,https://raw.githubusercontent.com/nuancedegreg-blip/Sumup-images/main/images_v6/LM-80127328.jpg
LM-80127330,recovered,bing,https://imgopt.mrskincdn.com/mrskin_data/blog_resources/000/000/030/371/edy_modica_af388d_infobox-3d5cc90d_web.jpg?quality=80&1682957554&width=620&s=1956ee93d573b025d8366f5e950075aaf2fba123ada50f368b6e078b894fe308,https://www.mrskin.com/see-jury-dutys-edy-modica-nude---30371,https://raw.githubusercontent.com/nuancedegreg-blip/Sumup-images/main/images_v6/LM-80127330.jpg
LM-80127339,recovered,bing,https://img.freepik.com/premium-photo/apothecary-aesthetic-interior-generative-ai_869784-4678.jpg,https://www.freepik.com/premium-ai-image/apothecary-aesthetic-interior-generative-ai_175737760.htm,https://raw.githubusercontent.com/nuancedegreg-blip/Sumup-images/main/images_v6/LM-80127339.jpg
LM-80129018,recovered,bing,https://static1.srcdn.com/wordpress/wp-content/uploads/2019/07/gibbs-dinozzo-head-slap-NCIS-Edited.jpg,https://screenrant.com/ncis-main-cast-hidden-details-secrets-fans-missed/,https://raw.githubusercontent.com/nuancedegreg-blip/Sumup-images/main/images_v6/LM-80129018.jpg
LM-80129158,recovered,bing,https://static.vecteezy.com/system/resources/previews/018/860/400/non_2x/neon-sign-summer-friday-with-brick-wall-background-free-vector.jpg,https://www.vecteezy.com/vector-art/18860400-neon-sign-summer-friday-with-brick-wall-background-vector,https://raw.githubusercontent.com/nuancedegreg-blip/Sumup-images/main/images_v6/LM-80129158.jpg
LM-80129238,recovered,bing,https://i.pinimg.com/originals/6e/01/9b/6e019bf20cc942d4f368fd241f9e19b4.jpg,https://mx.pinterest.com/chaps7734/dibujos-animados-k-pop/,https://raw.githubusercontent.com/nuancedegreg-blip/Sumup-images/main/images_v6/LM-80129238.jpg
LM-80129330,recovered,bing,https://dailymed-us-east-1.awsprod.nlm.nih.gov/dailymed/image.cfm?name=Despec+DM-G+Syrup+Label+-+Rev.+08-2017.jpg&id=341346,https://dailymed-us-east-1.awsprod.nlm.nih.gov/dailymed/fda/fdaDrugXsl.cfm?setid=65d116e7-8963-0b01-e053-2a91aa0abac0&type=display,https://raw.githubusercontent.com/nuancedegreg-blip/Sumup-images/main/images_v6/LM-80129330.jpg
LM-80129466,recovered,bing,https://static.zerochan.net/Asmoday.full.3997289.jpg,https://www.zerochan.net/Asmoday,https://raw.githubusercontent.com/nuancedegreg-blip/Sumup-images/main/images_v6/LM-80129466.jpg
LM-80129468,recovered,bing,https://online.visual-paradigm.com/servlet/editor-content/spreadsheet-editor/templates/the-raci-matrix/sites/7/2023/02/76c4eb8c-c9bd-4a46-90a3-eea502f94ae1-1024x988.png,https://fity.club/lists/2025/raci-matrix-template-excel/,https://raw.githubusercontent.com/nuancedegreg-blip/Sumup-images/main/images_v6/LM-80129468.jpg
LM-80129469,recovered,bing,"https://platform.theverge.com/wp-content/uploads/sites/2/chorus/uploads/chorus_asset/file/25357066/Disney__Logo_March_2024.png?quality=90&strip=all&crop=0,0,100,100",https://www.theverge.com/2024/3/27/24112994/disney-plus-logo-green-aurora-streaming-app,https://raw.githubusercontent.com/nuancedegreg-blip/Sumup-images/main/images_v6/LM-80129469.jpg
LM-80130300,recovered,bing,https://imgv2-2-f.scribdassets.com/img/document/783507558/original/36071616af/1?v=1,https://es.scribd.com/document/783507558/MATEMATICATrabajo-practico-numeros-enteros-2020,https://raw.githubusercontent.com/nuancedegreg-blip/Sumup-images/main/images_v6/LM-80130300.jpg
LM-80130302,recovered,bing,https://down-br.img.susercontent.com/file/br-11134207-7r98o-mbjxg88uygl4a3,https://shopee.com.br/Bandeira-banner-adesivo-de-parede-personalizado-com-sua-estampa-150-x100-para-eventos-i.1299161094.22498687302,https://raw.githubusercontent.com/nuancedegreg-blip/Sumup-images/main/images_v6/LM-80130302.jpg
LM-80130304,recovered,bing,https://i.pinimg.com/originals/69/bc/08/69bc08e74313af76d676c61c0823d90e.png,https://co.pinterest.com/pin/219057969373076518/,https://raw.githubusercontent.com/nuancedegreg-blip/Sumup-images/main/images_v6/LM-80130304.jpg
LM-80130306,recovered,bing,https://www.autobics.com/wp-content/uploads/2024/08/2024-Mahindra-Thar-Roxx-AX7L-White.jpg,https://www.autobics.com/2024/08/2024-mahindra-thar-roxx-price-colors-variants-features/,https://raw.githubusercontent.com/nuancedegreg-blip/Sumup-images/main/images_v6/LM-80130306.jpg
LM-80130308,recovered,bing,https://www.forbes.com/advisor/wp-content/uploads/2025/01/ErinBendigHeadshot-Erin-Bendig-e1735881437723.jpg,https://www.forbes.com/advisor/banking/savings/best-high-yield-savings-accounts/,https://raw.githubusercontent.com/nuancedegreg-blip/Sumup-images/main/images_v6/LM-80130308.jpg
LM-80130309,recovered,bing,"https://ak-d.tripcdn.com/images/0HJ1812000h0g8u10F0F3.jpg?proc=resize/m_w,w_600,h_600,B0B3&proc=resize/m_w,w_600,h_600,B0B3",https://us.trip.com/flights/cheap-flights-to-romania-63/sgn-to-ro/,https://raw.githubusercontent.com/nuancedegreg-blip/Sumup-images/main/images_v6/LM-80130309.jpg
LM-80130310,recovered,bing,https://content.api.news/v3/images/bin/abd6796b1a7bcf7fd73cfe33162e68a7,https://www.geelongadvertiser.com.au/news/national/cruise-nude-on-the-big-nude-boat--/video/b7fda4a224db8ad8fd4d70dfce35531d,https://raw.githubusercontent.com/nuancedegreg-blip/Sumup-images/main/images_v6/LM-80130310.jpg
LM-80130311,recovered,bing,https://static.wikia.nocookie.net/umamusume/images/5/53/Daitaku_Helios_Chibi1-2.png/revision/latest/scale-to-width-down/160?cb=20230128180409,https://umamusume.fandom.com/wiki/Daitaku_Helios/Image_Gallery,https://raw.githubusercontent.com/nuancedegreg-blip/Sumup-images/main/images_v6/LM-80130311.jpg
LM-80130313,recovered,bing,https://www.tide-forecast.com/system/charts-png/Georgetown-Guyana/tides.png,https://www.tide-forecast.com/locations/Georgetown-Guyana/tides/latest,https://raw.githubusercontent.com/nuancedegreg-blip/Sumup-images/main/images_v6/LM-80130313.jpg
LM-80130314,recovered,bing,"https://a.poki-cdn.com/cdn-cgi/image/quality=78,width=1200,height=630,f=png/opengraph/71/categories/online-1200x630.png",https://poki.com/br/online,https://raw.githubusercontent.com/nuancedegreg-blip/Sumup-images/main/images_v6/LM-80130314.jpg
LM-80130315,no_downloadable_image,bing,https://thumbs.worthpoint.com/zoom/images1/1/1216/01/dr-seuss-gemmy-cat-hat-lighted_1_80c0c6db6771d0e3fe2ca48243fb2b4b.jpg,https://www.worthpoint.com/worthopedia/dr-seuss-gemmy-cat-hat-lighted-1842591606,
LM-80130316,recovered,bing,https://ipcisco.com/wp-content/uploads/2018/10/ipv6-ndp-neighbor-discovery-ipcisco.jpg,https://ipcisco.com/lesson/ipv6-ndp-neighbour-discovery-protocol/,https://raw.githubusercontent.com/nuancedegreg-blip/Sumup-images/main/images_v6/LM-80130316.jpg
LM-80130319,recovered,bing,"https://www.bostonherald.com/wp-content/uploads/2019/12/latinkings.jpg?w=1200&resize=1200,900",https://fity.club/lists/suggestions/Latin-Kings-Gang-Members/,https://raw.githubusercontent.com/nuancedegreg-blip/Sumup-images/main/images_v6/LM-80130319.jpg
LM-80130321,recovered,bing,https://engineeringlearn.com/wp-content/uploads/2021/07/Conveyor-System-1.jpg,https://engineeringlearn.com/types-of-conveyor-system-definition-application-working-uses-and-design/,https://raw.githubusercontent.com/nuancedegreg-blip/Sumup-images/main/images_v6/LM-80130321.jpg
LM-80130322,recovered,bing,https://media1.tenor.com/m/4Fa6b0F8wwAAAAAd/friday-dance-it-is-friday.gif,https://tenor.com/view/friday-dance-it-is-friday-gif-14511416,https://raw.githubusercontent.com/nuancedegreg-blip/Sumup-images/main/images_v6/LM-80130322.jpg
LM-80131107,recovered,bing,https://civildigital.com/wp-content/uploads/2018/01/Cantilever-retaining-wall.jpg,https://civildigital.com/retaining-wall-types-retaining-walls-design-considerations/,https://raw.githubusercontent.com/nuancedegreg-blip/Sumup-images/main/images_v6/LM-80131107.jpg
LM-80131118,recovered,bing,https://i.pinimg.com/originals/71/4a/cd/714acdb01521bec1b6992ad448ce5e91.jpg?nii=t,https://br.pinterest.com/ideas/dia-do-soldado-para-colorir/902679164299/,https://raw.githubusercontent.com/nuancedegreg-blip/Sumup-images/main/images_v6/LM-80131118.jpg
LM-80131147,recovered,bing,https://imgv2-1-f.scribdassets.com/img/document/751306937/original/cc9db3e51f/1?v=1,https://es.scribd.com/document/751306937/calendario-2026-com-semanas-numeradas,https://raw.githubusercontent.com/nuancedegreg-blip/Sumup-images/main/images_v6/LM-80131147.jpg
LM-80131148,recovered,bing,https://i.abcnewsfe.com/a/b62153a6-f505-4bef-b7b4-1f3e4c2a3fbe/seoul-stampede5-02-rt-iwb-221029_1667074108662_hpEmbed_3x2.jpg,https://abcnews.com/International/59-dead-crowd-crush-halloween-festivities-seoul-officials/story?id=92344453,https://raw.githubusercontent.com/nuancedegreg-blip/Sumup-images/main/images_v6/LM-80131148.jpg
LM-80131150,recovered,bing,https://media.timeout.com/images/105293264/image.jpg,https://www.timeout.com/newyork/art/top-famous-paintings-in-art-history-ranked,https://raw.githubusercontent.com/nuancedegreg-blip/Sumup-images/main/images_v6/LM-80131150.jpg
LM-80131164,recovered,bing,https://img.ssfshop.com/details/BPBR/18/08/09/750_GM0018080936258_C_7_20180817191238.jpg,https://www.musinsa.com/products/870826,https://raw.githubusercontent.com/nuancedegreg-blip/Sumup-images/main/images_v6/LM-80131164.jpg
LM-80131313,recovered,bing,https://lovelyharbor.com/wp-content/uploads/2024/07/Contemporary-Reflective-Lap-Pool-1-768x1152.jpeg,https://lovelyharbor.com/modern-pool-designs/,https://raw.githubusercontent.com/nuancedegreg-blip/Sumup-images/main/images_v6/LM-80131313.jpg
LM-80131323,recovered,bing,https://s.yimg.com/ny/api/res/1.2/n_WnzO9_sAz2RQIrWUtgbg--/YXBwaWQ9aGlnaGxhbmRlcjt3PTEyMDA7aD02NjM-/https://media.zenfs.com/en/variety.com/b4a42de1684ecac6362b4a0f7850531e,https://sg.news.yahoo.com/bad-boys-4-trailer-smith-130415261.html,https://raw.githubusercontent.com/nuancedegreg-blip/Sumup-images/main/images_v6/LM-80131323.jpg
LM-80131335,recovered,bing,https://www.ncaa.com/_flysystem/public-s3/styles/medium_16x9/public-s3/images/2019-07-24/UCONN-womens-basketball.JPG?h=4c600cd9&itok=pYjMQv3k,https://www.ncaa.com/news/basketball-women/article/2017-01-23/womens-basketball-1982-louisiana-tech-first-ncaa-title-team,https://raw.githubusercontent.com/nuancedegreg-blip/Sumup-images/main/images_v6/LM-80131335.jpg
LM-80131344,recovered,bing,https://www.eccobandeiras.com.br/image/cache/catalog/antigas/natal-1111x740.jpg,https://www.eccobandeiras.com.br/bandeira-da-cidade-de-natal,https://raw.githubusercontent.com/nuancedegreg-blip/Sumup-images/main/images_v6/LM-80131344.jpg
LM-80131353,recovered,bing,https://media.cbs19.tv/assets/KYTX/images/f698a2a3-6539-43c3-a3e9-8572b944ce65/f698a2a3-6539-43c3-a3e9-8572b944ce65_1920x1080.png,https://www.cbs19.tv/article/news/local/list-fathers-day-events-happening-east-texas/501-e80825c1-9a1e-4abc-b72e-a0d87825cc24,https://raw.githubusercontent.com/nuancedegreg-blip/Sumup-images/main/images_v6/LM-80131353.jpg
LM-80133011,recovered,bing,https://i.pinimg.com/736x/fb/52/3e/fb523ee9a189412ccaa60e480e31c900.jpg,https://mx.pinterest.com/pin/760475087119211418/,https://raw.githubusercontent.com/nuancedegreg-blip/Sumup-images/main/images_v6/LM-80133011.jpg
LM-80133033,recovered,bing,https://dims.apnews.com/dims4/default/295c329/2147483647/strip/true/crop/675x450+12+0/resize/980x653!/quality/90/?url=https:%2F%2Fassets.apnews.com%2F90%2F29%2F4e3c1cc7446089a9101a7bdff4c8%2Fdefaultshareimage-copy.png,https://apnews.com/world-news,https://raw.githubusercontent.com/nuancedegreg-blip/Sumup-images/main/images_v6/LM-80133033.jpg
LM-80133040,recovered,bing,https://spaceexploration92.com/wp-content/uploads/2020/06/IMG_20200611_235054-1536x857.jpg,https://www.spaceexploration92.com/2020/11/ton-618-the-largest-black-hole-ever-discovered.html,https://raw.githubusercontent.com/nuancedegreg-blip/Sumup-images/main/images_v6/LM-80133040.jpg
LM-80133050,recovered,bing,https://s.hdnux.com/photos/70/31/06/14782864/9/1920x0.jpg,https://ar.inspiredpencil.com/pictures-2023/boeing-757-300-united,https://raw.githubusercontent.com/nuancedegreg-blip/Sumup-images/main/images_v6/LM-80133050.jpg
LM-80133056,recovered,bing,https://www.civitatis.com/f/republica-checa/praga/excursion-terezin-r32.jpg,https://www.civitatis.com/pt/praga/excursao-terezin,https://raw.githubusercontent.com/nuancedegreg-blip/Sumup-images/main/images_v6/LM-80133056.jpg
LM-80133061,recovered,bing,https://media.istockphoto.com/id/1178522156/pt/foto/julier-pass-road-in-switzerland.jpg?s=612x612&w=0&k=20&c=YnUGfEBUDsqgKZBie0cGrvWvpa9n5iMwFflVPInJrVA=,https://www.istockphoto.com/br/fotos/julierpass,https://raw.githubusercontent.com/nuancedegreg-blip/Sumup-images/main/images_v6/LM-80133061.jpg
LM-80133078,recovered,bing,https://www.wiringdoneright.com/wp-content/uploads/2024/02/pwsw1.jpg,https://www.wiringdoneright.com/2011-nec-fan-light-switched-separately-power-at-switch-light-controlled-by-3-way-switches-fan-at-one-location-only/,https://raw.githubusercontent.com/nuancedegreg-blip/Sumup-images/main/images_v6/LM-80133078.jpg
LM-80133084,recovered,bing,https://s.yimg.com/lo/mysterio/api/047441c935b39d4f95b74b090a23768ea1b353ee2c179e2d661be7a1b3d5b805/lightyear_networkapi/resizefill_w1200%3Bquality_80%3Bformat_jpg/https://media.zenfs.com/en/people_218/1be591559b2b8841ea94e36a2d41fadb,https://www.yahoo.com/entertainment/tv/articles/baylen-dupree-experiences-tic-outburst-131500433.html,https://raw.githubusercontent.com/nuancedegreg-blip/Sumup-images/main/images_v6/LM-80133084.jpg
LM-80133318,recovered,bing,https://alchetron.com/cdn/municipal-house-d5d9d380-2a32-41c3-9dc5-56fb8d2777b-resize-750.jpg,https://alchetron.com/Municipal-House,https://raw.githubusercontent.com/nuancedegreg-blip/Sumup-images/main/images_v6/LM-80133318.jpg
LM-80133351,recovered,bing,https://www.anipedia.net/imagenes/veneno-cobra.jpg,https://extra.centrostudisaravalesio.com/cuales-son-las-caracteristicas-de-la-cobra/,https://raw.githubusercontent.com/nuancedegreg-blip/Sumup-images/main/images_v6/LM-80133351.jpg
LM-80133561,no_downloadable_image,bing,https://static.wikia.nocookie.net/christmasspecials/images/e/e9/Title-homealone2.jpg/revision/latest?cb=20191103031620,https://ar.inspiredpencil.com/pictures-2023/home-alone-2-logo,
LM-80134514,recovered,bing,https://r34i.paheal-cdn.net/9a/ca/9aca45b724acfd0f776c6555e3b5f003,https://rule34.paheal.net/post/view/5337753,https://raw.githubusercontent.com/nuancedegreg-blip/Sumup-images/main/images_v6/LM-80134514.jpg
LM-80134518,recovered,bing,https://www.reproduccionasistida.org/wp-content/diagnostico-oligohidramnios-liquido-amniotico.png,https://www.embeddedsource.de/oligohidramnios-causas-diagnostico-y-tratamiento-en-el-embarazo/,https://raw.githubusercontent.com/nuancedegreg-blip/Sumup-images/main/images_v6/LM-80134518.jpg
LM-80135739,recovered,bing,https://photos.zillowstatic.com/fp/6a4c01432581f13f697dd5d23486167c-h_l.jpg,https://www.zillow.com/profile/LenaMorganRealtor,https://raw.githubusercontent.com/nuancedegreg-blip/Sumup-images/main/images_v6/LM-80135739.jpg
LM-80135852,recovered,bing,https://3.bp.blogspot.com/-MICW9LhDMxc/VRLejeORTRI/AAAAAAABHaw/-xNyCV3jhXo/s1600/top-gear-uk-wallpaper-1.jpg,https://continental-circus.blogspot.com/2015/03/o-fim-do-top-gear-como-o-conhecemos.html,https://raw.githubusercontent.com/nuancedegreg-blip/Sumup-images/main/images_v6/LM-80135852.jpg
LM-80135854,recovered,bing,https://www.slideteam.net/wp/wp-content/uploads/2024/08/project_task_tracker_list_with_progress_and_completion_slide1.png,https://www.slideteam.net/blog/top-10-project-completion-templates-with-samples-and-examples,https://raw.githubusercontent.com/nuancedegreg-blip/Sumup-images/main/images_v6/LM-80135854.jpg
LM-80135855,recovered,bing,https://fashionsizzle.com/wp-content/uploads/2016/02/LUC1192.jpg,https://storage.googleapis.com/dudpsedxucmnte/dress-for-fashion-show.html,https://raw.githubusercontent.com/nuancedegreg-blip/Sumup-images/main/images_v6/LM-80135855.jpg
LM-80136218,recovered,bing,https://media.audubon.org/nas_birdapi/ruby-throated-hummingbird_001_summer_canada_tibornagy_flickrcc-by-nc-2.0_adult-male.jpg,https://www.audubon.org/field-guide/bird/ruby-throated-hummingbird,https://raw.githubusercontent.com/nuancedegreg-blip/Sumup-images/main/images_v6/LM-80136218.jpg
LM-80136219,recovered,bing,https://pachranga.org/image/1-8-inches-on-a-ruler.jpeg,https://pachranga.org/1-8-inches-on-a-ruler,https://raw.githubusercontent.com/nuancedegreg-blip/Sumup-images/main/images_v6/LM-80136219.jpg
LM-80136720,recovered,bing,https://i.pinimg.com/originals/69/4a/0e/694a0eeaf3c1182a15263d580cd0f7eb.jpg,https://www.artofit.org/image-gallery/748230925609503367/image-tagged-in-sid-ice-age/,https://raw.githubusercontent.com/nuancedegreg-blip/Sumup-images/main/images_v6/LM-80136720.jpg
LM-80139321,recovered,bing,https://wholeheartedschoolcounseling.com/wp-content/uploads/2022/01/Solution-Focused-Problem-Solving-Mystery-Board-A-Free-School-Counseling-Tool-1187x1536.png,https://kidtraces.com/tracing-problem-solving-words-for-young-children/,https://raw.githubusercontent.com/nuancedegreg-blip/Sumup-images/main/images_v6/LM-80139321.jpg
LM-80139714,recovered,bing,https://thefappening.pro/wp-content/uploads/2023/05/Diane-Guerrero-Nude-TheFappening.Pro-7-624x805.jpg,https://thefappening.pro/diane-guerrero-nude-18-photos/,https://raw.githubusercontent.com/nuancedegreg-blip/Sumup-images/main/images_v6/LM-80139714.jpg
LM-80141603,recovered,bing,https://1.bp.blogspot.com/-WwcnvkKQ1S8/XQXe9o385gI/AAAAAAAAGnE/SyFkaq7ToGIeL4EHfq6QUyUnC7DOioEOwCLcBGAs/s1600/FRONTAL.jpg,https://moreno-musica.blogspot.com/2019/06/rafaga-el-regreso-en-vivo-2019.html,https://raw.githubusercontent.com/nuancedegreg-blip/Sumup-images/main/images_v6/LM-80141603.jpg
LM-80150387,recovered,bing,https://www.hotel-scoop.com/wp-content/uploads/2016/05/who3573ex-101802-Entrance-at-night-1.jpg,https://www.hotel-scoop.com/w-taipei/,https://raw.githubusercontent.com/nuancedegreg-blip/Sumup-images/main/images_v6/LM-80150387.jpg
LM-80152841,recovered,bing,https://i.ytimg.com/vi/7V8T6WdnUd4/maxresdefault.jpg,https://www.youtube.com/watch?v=7V8T6WdnUd4,https://raw.githubusercontent.com/nuancedegreg-blip/Sumup-images/main/images_v6/LM-80152841.jpg
LM-80152849,recovered,bing,https://images.pexels.com/photos/6348018/pexels-photo-6348018.jpeg?cs=srgb&dl=pexels-quang-nguyen-vinh-222549-6348018.jpg&fm=jpg,https://www.pexels.com/search/high resolution birds/,https://raw.githubusercontent.com/nuancedegreg-blip/Sumup-images/main/images_v6/LM-80152849.jpg
LM-80153048,recovered,bing,https://static-uat.cambiocolombia.com/s3fs-public/2023-03/entrevista_presidente_gustavo_petro_cambio.jpeg,https://cambiocolombia.com/poder/habla-el-presidente-gustavo-petro,https://raw.githubusercontent.com/nuancedegreg-blip/Sumup-images/main/images_v6/LM-80153048.jpg
LM-80153787,no_downloadable_image,bing,https://www.researchgate.net/profile/Abebe-Bekele-3/publication/312610143/figure/fig1/AS:453778156593152@1485200551909/Adopted-from-James-MC-Kittrick-Santa-Barbara-Use-of-a-Serosal-Patch-in-Repair-of-a_Q320.jpg,https://www.researchgate.net/publication/312610143_The_Jejunal_Serosal_Patch_Procedure_A_Successful_Technique_for_Managing_Difficult_Peptic_Ulcer_Perforation,
LM-80154450,recovered,bing,https://i.pinimg.com/736x/52/b9/52/52b952e32c334a80cb9c80d98a65ca83.jpg,https://jp.pinterest.com/pin/roxy--345651340163892763/,https://raw.githubusercontent.com/nuancedegreg-blip/Sumup-images/main/images_v6/LM-80154450.jpg
LM-80164942,recovered,bing,https://i.pinimg.com/474x/a6/d3/f7/a6d3f702eeb3a8b0680206bfa948d9e7.jpg?nii=t,https://br.pinterest.com/pin/157414949471479474/,https://raw.githubusercontent.com/nuancedegreg-blip/Sumup-images/main/images_v6/LM-80164942.jpg
LM-80164944,recovered,bing,https://i.pinimg.com/736x/9c/30/f2/9c30f2897809543a96294b710940cedd.jpg,https://co.pinterest.com/pin/catlogo-fiestas--3729612225811355/,https://raw.githubusercontent.com/nuancedegreg-blip/Sumup-images/main/images_v6/LM-80164944.jpg
LM-80164945,recovered,bing,https://i.etsystatic.com/42152519/r/il/563015/5049033616/il_fullxfull.5049033616_gep0.jpg,https://www.etsy.com/listing/1514361657/the-lords-prayer-christian-wall-art,https://raw.githubusercontent.com/nuancedegreg-blip/Sumup-images/main/images_v6/LM-80164945.jpg
LM-80164949,recovered,bing,https://i.ytimg.com/vi/yhI3Obyt0s4/maxresdefault.jpg,https://www.youtube.com/watch?v=yhI3Obyt0s4,https://raw.githubusercontent.com/nuancedegreg-blip/Sumup-images/main/images_v6/LM-80164949.jpg
LM-80164953,recovered,bing,https://fazendoanossafesta.com.br/wp-content/uploads/2025/10/Imagens-PNG-Guerreiras-do-KPop-88-1.png,https://fazendoanossafesta.com.br/2025/10/kit-festa-guerreiras-do-kpop.html/imagens-png-guerreiras-do-kpop-88-2/,https://raw.githubusercontent.com/nuancedegreg-blip/Sumup-images/main/images_v6/LM-80164953.jpg
LM-80164954,recovered,bing,https://i.pinimg.com/originals/0a/4a/c2/0a4ac25baab39100dc186f76301d9102.jpg,https://www.pinterest.com/pin/fitness-challenge-30-day-mountain-climber-challenge--367887863283905730/,https://raw.githubusercontent.com/nuancedegreg-blip/Sumup-images/main/images_v6/LM-80164954.jpg
LM-80164955,recovered,bing,https://images.hindustantimes.com/rf/image_size_960x540/HT/p2/2018/06/21/Pictures/_2dd87408-7550-11e8-ada9-0239ece95d2f.jpg,https://www.hindustantimes.com/regional-movies/thalapathy-62-first-look-vijay-looks-stylish-in-sarkar-poster-see-pic/story-llNm5Qm8JzQj9Cd2nAxIYO.html,https://raw.githubusercontent.com/nuancedegreg-blip/Sumup-images/main/images_v6/LM-80164955.jpg
LM-80164967,recovered,bing,https://i.pinimg.com/originals/cd/cb/3d/cdcb3d0daf5f4b7f5166bb961a89d3f0.jpg,https://www.pinterest.cl/pin/334251603567044745/,https://raw.githubusercontent.com/nuancedegreg-blip/Sumup-images/main/images_v6/LM-80164967.jpg
LM-80164984,recovered,bing,https://www.digitalschool.ca/wp-content/uploads/2018/08/video-game-consoles-engineering-training-2-1024x576.jpg,https://www.digitalschool.ca/designing-video-game-consoles-with-engineering-training/,https://raw.githubusercontent.com/nuancedegreg-blip/Sumup-images/main/images_v6/LM-80164984.jpg
LM-80164985,recovered,bing,http://pndajk.gov.pk/uploadfiles/downloads/J&K Map complete.jpg,http://pndajk.gov.pk/downloads.php?page=maps,https://raw.githubusercontent.com/nuancedegreg-blip/Sumup-images/main/images_v6/LM-80164985.jpg
LM-80164986,recovered,bing,https://www.liceubarcelona.cat/sites/default/files/styles/2024_galleries/public/2024-05/Torre_Somnis_Liceu_07.jpg?itok=84ceyTlx,https://www.liceubarcelona.cat/es/la-torre-dels-somnis,https://raw.githubusercontent.com/nuancedegreg-blip/Sumup-images/main/images_v6/LM-80164986.jpg
LM-80165043,recovered,bing,https://lh5.googleusercontent.com/proxy/oZlzUSDZvLr7jye4Xf7T8m_Kft-Q62o9q7gALIH2mAoQLMCdqFwDsODcgRx4b-6D4za_VzzyNOZnas6iTHaQ0paMWegmQCIKsxUWGZ4OMlTTAgmUKDLXL6M4F_zDuQ=s0-d,https://eldocenteprofesional.blogspot.com/2013/07/astronomia-clases-practicas-de.html,https://raw.githubusercontent.com/nuancedegreg-blip/Sumup-images/main/images_v6/LM-80165043.jpg
LM-80165048,recovered,bing,https://wedogz.com/wp-content/uploads/2025/07/Akita-Coat-Colors.webp,https://wedogz.com/dog-breeds/american-akita/,https://raw.githubusercontent.com/nuancedegreg-blip/Sumup-images/main/images_v6/LM-80165048.jpg
LM-80165052,recovered,bing,https://static1.thegamerimages.com/wordpress/wp-content/uploads/2025/05/three-baseball-cards-of-paul-skenes-mickey-mantle-and-shohei-ohtani-are-lined-up-next-to-each-other.jpg,https://www.thegamer.com/most-valuable-1974-topps-baseball-cards/,https://raw.githubusercontent.com/nuancedegreg-blip/Sumup-images/main/images_v6/LM-80165052.jpg
LM-80165055,recovered,bing,https://images.pexels.com/photos/33598/cop-policewoman-colleagues-funny.jpg?cs=srgb&dl=pexels-pixabay-33598.jpg&fm=jpg,https://www.pexels.com/search/funny police/,https://raw.githubusercontent.com/nuancedegreg-blip/Sumup-images/main/images_v6/LM-80165055.jpg
LM-80165061,recovered,bing,https://cdn.shopify.com/s/files/1/1416/8662/products/attack_of_the_killer_tomatoes_1978_original_film_art_f_300x.jpg?v=1562539148,https://www.originalfilmart.com/products/attack-of-the-killer-tomatoes,https://raw.githubusercontent.com/nuancedegreg-blip/Sumup-images/main/images_v6/LM-80165061.jpg
LM-80165062,recovered,bing,https://static.vecteezy.com/system/resources/previews/026/783/639/original/github-logo-editorial-free-vector.jpg,https://www.vecteezy.com/vector-art/26783639-github-logo-editorial-vector,https://raw.githubusercontent.com/nuancedegreg-blip/Sumup-images/main/images_v6/LM-80165062.jpg
LM-80165063,recovered,bing,https://people.com/thmb/Egi0XjYbzgyiMBHJofoZqNPsFyg=/4000x0/filters:no_upscale():max_bytes(150000):strip_icc():focal(749x0:751x2)/rihanna-best-hair-31-f9cc58687b9946b5859757b5f6a730f1.jpg,https://animalia-life.club/qa/pictures/rihanna-updo-hairstyles,https://raw.githubusercontent.com/nuancedegreg-blip/Sumup-images/main/images_v6/LM-80165063.jpg
LM-80165066,recovered,bing,https://www.motortrend.com/uploads/sites/10/2015/11/2013-toyota-yaris-l5-door-liftback-at-hatchback-angular-front.png,https://www.motortrend.com/cars/toyota/yaris/2013/,https://raw.githubusercontent.com/nuancedegreg-blip/Sumup-images/main/images_v6/LM-80165066.jpg
LM-80165080,recovered,bing,https://nrhs.com/site/wp-content/uploads/2024/07/NRHS-L-BNSF-Tehachapi-Ca-SD75-8256-May-1996-Robert-L-Westover-C-Andeson.jpg,https://nrhs.com/gallery-item/bnsf-railroad-tehachapi-california-emd-sd75-8258-diesel-electric-locomotive-may-1998-robert-westover-photograph-charles-anderson-collection/,https://raw.githubusercontent.com/nuancedegreg-blip/Sumup-images/main/images_v6/LM-80165080.jpg
LM-80165085,recovered,bing,https://d193ppza2qrruo.cloudfront.net/production/images/Dacia_Duster_20242.jpg,https://www.arnoldclark.com/newsroom/7044-dacia-duster-2024,https://raw.githubusercontent.com/nuancedegreg-blip/Sumup-images/main/images_v6/LM-80165085.jpg
LM-80165090,recovered,bing,https://cucasuperlegal.com/wp-content/uploads/2020/11/a-36-1.jpg,https://cucasuperlegal.com/1o-ano/,https://raw.githubusercontent.com/nuancedegreg-blip/Sumup-images/main/images_v6/LM-80165090.jpg
LM-80165099,recovered,bing,https://i.pinimg.com/originals/2b/e9/4c/2be94ce047025e375323829322fed92e.jpg,https://uk.pinterest.com/pin/watashi-no-shiawase-na-kekkon-in-2024--48061921607671306/,https://raw.githubusercontent.com/nuancedegreg-blip/Sumup-images/main/images_v6/LM-80165099.jpg
LM-80165100,recovered,bing,https://i.pinimg.com/originals/a7/5a/47/a75a47801082202418e7f4e732b86f30.jpg,https://www.pinterest.com.au/pin/712272497309268167/,https://raw.githubusercontent.com/nuancedegreg-blip/Sumup-images/main/images_v6/LM-80165100.jpg
LM-80165102,recovered,bing,https://dscdn.daily-sun.com/english/uploads/news_photos/2026/08/21/Mark-Zuckerberg-buys-440-acre-Strancally-Castle-estate-in-Ireland-6a87f4db4b289.jpg,https://www.daily-sun.com/world/893491/mark-zuckerberg-buys-440-acre-strancally-castle-estate-in-ireland,https://raw.githubusercontent.com/nuancedegreg-blip/Sumup-images/main/images_v6/LM-80165102.jpg
LM-80165104,no_downloadable_image,bing,https://www.qcshoesaustralia.com/images/large/oncloudshoessydney/White_On_Cloudventure_Women_s_Trail_Runn-4670-OLSCA_5_ZOOM.jpg,https://www.qcshoesaustralia.com/products/white-qc-cloudventure-womens-trail-running-shoes-4670olsca-p-75.html,
LM-80165105,recovered,bing,http://pictures.hentai-foundry.com/v/Veltzeh/39590/Veltzeh-39590-Breast_gallery.png,http://www.hentai-foundry.com/pictures/user/Veltzeh/39590/Breast-gallery,https://raw.githubusercontent.com/nuancedegreg-blip/Sumup-images/main/images_v6/LM-80165105.jpg
LM-80165107,recovered,bing,https://cruisedeals.expert/wp-content/uploads/2015/04/Rhapsody-of-the-Seas-Panoramic-Ocean-stateroom-1024x683.jpg,https://cruisedeals.expert/rhapsody-of-the-seas-cruise-ship/,https://raw.githubusercontent.com/nuancedegreg-blip/Sumup-images/main/images_v6/LM-80165107.jpg
LM-80165110,recovered,bing,https://stylecaster.com/wp-content/uploads/2023/08/GettyImages-1604746912.jpg?resize=557,https://stylecaster.com/lists/karlie-klosss-eras-tour-look/,https://raw.githubusercontent.com/nuancedegreg-blip/Sumup-images/main/images_v6/LM-80165110.jpg
LM-80165119,recovered,bing,https://thumbs.dreamstime.com/z/drone-image-over-serpentine-road-swiss-alps-julier-pass-switzerland-summer-284405146.jpg,https://www.dreamstime.com/drone-image-over-serpentine-road-swiss-alps-julier-pass-switzerland-summer-image284405146,https://raw.githubusercontent.com/nuancedegreg-blip/Sumup-images/main/images_v6/LM-80165119.jpg
LM-80165120,recovered,bing,https://www.kingarthurbaking.com/sites/default/files/styles/featured_image/public/2023-02/GF_Pan-Bread_1399.jpg?itok=3lBvXHxM,https://www.kingarthurbaking.com/recipes/buttery-gluten-free-bread-recipe,https://raw.githubusercontent.com/nuancedegreg-blip/Sumup-images/main/images_v6/LM-80165120.jpg
LM-80176510,recovered,bing,https://2.bp.blogspot.com/_EZ16vWYvHHg/TUB1vE5PpJI/AAAAAAAAWa8/utMu40xqDQk/s1600/www.BancodeImagenesGratuitas.com%2B-Alpine-Pond-Colorado.jpg,https://www.bancodeimagenesgratis.com/2011/01/las-mejores-imagenes-de-paisajes.html,https://raw.githubusercontent.com/nuancedegreg-blip/Sumup-images/main/images_v6/LM-80176510.jpg
LM-81962491,recovered,bing,https://www.si.com/.image/t_share/MTkzNTQ2NDg3MTgxODc4NzIz/usatsi_19370956.jpg,https://www.si.com/mlb/astros/game-day/yordan-alvarez-serves-up-three-run-home-run-give-houston-astros-lead,https://raw.githubusercontent.com/nuancedegreg-blip/Sumup-images/main/images_v6/LM-81962491.jpg
LM-81990972,recovered,bing,http://pontodoconhecimento.com/wp-content/uploads/2023/10/1-3.png,https://pontodoconhecimento.com/numeros-romanos/,https://raw.githubusercontent.com/nuancedegreg-blip/Sumup-images/main/images_v6/LM-81990972.jpg
LM-82008419,recovered,bing,https://escolaeducacao.com.br/wp-content/uploads/2020/01/mapa-da-regiao-nordeste-768x811.jpg,https://escolaeducacao.com.br/mapa-do-nordeste/,https://raw.githubusercontent.com/nuancedegreg-blip/Sumup-images/main/images_v6/LM-82008419.jpg
LM-82008709,recovered,bing,https://www.templepurohit.com/wp-content/uploads/2016/10/Shiva-worshipped-as-lingam.jpg,https://tnhelearning.edu.vn/ultimate-compilation-of-lord-shiva-lingam-images-in-full-4k-over-999-captivating-options/,https://raw.githubusercontent.com/nuancedegreg-blip/Sumup-images/main/images_v6/LM-82008709.jpg
LM-82009028,recovered,bing,https://images.alphacoders.com/127/thumb-1920-1273904.jpg,https://animalia-life.club/qa/pictures/eren-jaeger-wallpaper,https://raw.githubusercontent.com/nuancedegreg-blip/Sumup-images/main/images_v6/LM-82009028.jpg
LM-82009042,recovered,bing,https://wallpapercosmos.com/w/full/0/1/e/2251152-2560x1706-desktop-hd-latto-background-photo.jpg,https://wallpapercosmos.com/latto-wallpapers,https://raw.githubusercontent.com/nuancedegreg-blip/Sumup-images/main/images_v6/LM-82009042.jpg
LM-82009044,recovered,bing,https://i.pinimg.com/originals/5d/14/87/5d14872ee1672af5dcb778646ff6071f.jpg,https://events.zulekhahospitals.com/cv/ideias-de-desenhos-para-desenhar-facil.html,https://raw.githubusercontent.com/nuancedegreg-blip/Sumup-images/main/images_v6/LM-82009044.jpg
LM-82009062,recovered,bing,https://noticias-ahora.com/wp-content/uploads/2022/01/Mandocas.jpg,https://noticias-ahora.com/receta-tierra-sol-amada-deliciosas-mandocas/,https://raw.githubusercontent.com/nuancedegreg-blip/Sumup-images/main/images_v6/LM-82009062.jpg
LM-82009093,recovered,bing,https://upload.wikimedia.org/wikipedia/en/b/b3/Akeelah_and_the_Bee_film.jpg,https://en.wikipedia.org/wiki/Akeelah_and_the_Bee,https://raw.githubusercontent.com/nuancedegreg-blip/Sumup-images/main/images_v6/LM-82009093.jpg
LM-82009094,recovered,bing,https://i.pinimg.com/736x/aa/a7/b5/aaa7b5c30f82337c3a3e06bb9967d494.jpg,https://www.pinterest.com/pin/single-leg-vs-split-stance-romanian-deadlift-rdl-muscleandmotion-rdl--645351821637524216/,https://raw.githubusercontent.com/nuancedegreg-blip/Sumup-images/main/images_v6/LM-82009094.jpg
LM-82009106,recovered,bing,https://media1.giphy.com/media/v1.Y2lkPTZjMDliOTUybTZwODQyYnlpcnhteW83aWhldnZzeXMzZ3p4bGVjYjVveGhsemE0eiZlcD12MV9zdGlja2Vyc19zZWFyY2gmY3Q9cw/ujpaHBFQxnZIALTObQ/source.gif,https://fity.club/lists/suggestions/fire-animated-gif-transparent/,https://raw.githubusercontent.com/nuancedegreg-blip/Sumup-images/main/images_v6/LM-82009106.jpg
LM-82036225,recovered,bing,https://img.freepik.com/fotos-premium/3d-formula-quimica-da-agua-h2o-molecula-de-agua-em-um-fundo-azul-limpo-ciencia-quimica-biologia_90380-4141.jpg?w=2000,https://br.freepik.com/fotos-premium/3d-formula-quimica-da-agua-h2o-molecula-de-agua-em-um-fundo-azul-limpo-ciencia-quimica-biologia_25435078.htm,https://raw.githubusercontent.com/nuancedegreg-blip/Sumup-images/main/images_v6/LM-82036225.jpg
LM-82062435,recovered,bing,https://www.boredpanda.com/blog/wp-content/uploads/2022/07/cute-funny-animals-pics-cover_800.png,https://protectotank.com.mx/?w=26919751337,https://raw.githubusercontent.com/nuancedegreg-blip/Sumup-images/main/images_v6/LM-82062435.jpg
LM-82134851,recovered,bing,https://d2908q01vomqb2.cloudfront.net/fe2ef495a1152561572949784c16bf23abb28057/2023/07/11/proton-github-actions.png,https://aws.amazon.com/blogs/containers/scaling-iac-and-ci-cd-pipelines-with-terraform-github-actions-and-aws-proton/,https://raw.githubusercontent.com/nuancedegreg-blip/Sumup-images/main/images_v6/LM-82134851.jpg
LM-82140148,recovered,bing,https://www.allthingsmamma.com/wp-content/uploads/2022/05/Banana-Pancakes-Hero-15-scaled.jpg,https://www.allthingsmamma.com/banana-pancakes/,https://raw.githubusercontent.com/nuancedegreg-blip/Sumup-images/main/images_v6/LM-82140148.jpg
LM-82140162,recovered,bing,https://www.writeups.org/wp-content/uploads/Al-Bundy-Married-with-Children-Ed-ONeil-alt.jpg,https://ar.inspiredpencil.com/pictures-2023/married-with-children-al-bundy,https://raw.githubusercontent.com/nuancedegreg-blip/Sumup-images/main/images_v6/LM-82140162.jpg
LM-82144720,recovered,bing,https://i.pinimg.com/736x/ed/a5/e5/eda5e5c79017de9dba1d016580b5c5db.jpg,https://www.pinterest.com/pin/this-is-america-childish-gambino--322851867042485138/,https://raw.githubusercontent.com/nuancedegreg-blip/Sumup-images/main/images_v6/LM-82144720.jpg
LM-82144721,recovered,bing,https://ric.com.br/wp-content/uploads/2021/05/dimas-covas.jpg,https://ric.com.br/produtos/publieditoriais/depoimento-dimas-covas-cpi/,https://raw.githubusercontent.com/nuancedegreg-blip/Sumup-images/main/images_v6/LM-82144721.jpg
LM-82144785,recovered,bing,https://media.licdn.com/dms/image/v2/D4E12AQGbBK9Qlk1DSw/article-cover_image-shrink_600_2000/article-cover_image-shrink_600_2000/0/1727127603430?e=2147483647&v=beta&t=zk2KAu0SMVJ9ZzGV48yi7D4NHWUhDU7sz0Qj4k_axTQ,https://www.linkedin.com/pulse/tendencias-del-diseño-de-lujo-en-tiendas-para-carlos-m-salgado--uo1re,https://raw.githubusercontent.com/nuancedegreg-blip/Sumup-images/main/images_v6/LM-82144785.jpg
LM-82158118,recovered,bing,https://pngimg.com/uploads/police_badge/police_badge_PNG60.png,https://pngimg.com/download/89137,https://raw.githubusercontent.com/nuancedegreg-blip/Sumup-images/main/images_v6/LM-82158118.jpg
LM-82176027,recovered,bing,https://i.pinimg.com/originals/2c/14/81/2c1481f9d3b12ffcce9f44754b541d10.png,https://www.pinterest.com/pin/563301865884242731/,https://raw.githubusercontent.com/nuancedegreg-blip/Sumup-images/main/images_v6/LM-82176027.jpg
LM-82181935,recovered,bing,https://homesentiment.com/wp-content/uploads/2025/07/5ab454829479.png,https://homesentiment.com/paint_color/sw-9685/,https://raw.githubusercontent.com/nuancedegreg-blip/Sumup-images/main/images_v6/LM-82181935.jpg
LM-82181940,recovered,bing,https://vignette.wikia.nocookie.net/bokunoheroacademia/images/8/81/Deku_headshot.png/revision/latest?cb=20180728023050,https://bokunoheroacademia.fandom.com/wiki/File:Deku_headshot.png,https://raw.githubusercontent.com/nuancedegreg-blip/Sumup-images/main/images_v6/LM-82181940.jpg
LM-82181946,recovered,bing,https://c8.alamy.com/comp/BCY70M/sean-casey-and-the-tornado-intercept-vehicle-2-drive-past-in-salina-BCY70M.jpg,https://www.alamy.com/stock-photo/tiv-tiv2-tornado-intercept-vehicle.html,https://raw.githubusercontent.com/nuancedegreg-blip/Sumup-images/main/images_v6/LM-82181946.jpg
LM-82181951,recovered,bing,https://static.vecteezy.com/system/resources/previews/056/657/468/large_2x/soft-blue-and-white-watercolor-cloud-texture-vector.jpg,https://www.vecteezy.com/vector-art/56657468-soft-blue-and-white-watercolor-cloud-texture,https://raw.githubusercontent.com/nuancedegreg-blip/Sumup-images/main/images_v6/LM-82181951.jpg
LM-82181953,recovered,bing,https://marcelakeogan.com/wp-content/uploads/2020/08/como-pedir-testimonios-a-tus-clientes.png,https://marcelakeogan.com/como-pedir-testimonios/,https://raw.githubusercontent.com/nuancedegreg-blip/Sumup-images/main/images_v6/LM-82181953.jpg
LM-82181955,recovered,bing,https://static.mercdn.net/item/detail/orig/photos/m98435053222_1.jpg?1718270268,https://jp.mercari.com/item/m98435053222,https://raw.githubusercontent.com/nuancedegreg-blip/Sumup-images/main/images_v6/LM-82181955.jpg
LM-82181965,recovered,bing,https://i.pinimg.com/originals/3f/22/70/3f2270b9e6d1b505bf3b7d0276ac98d9.jpg,https://www.pinterest.com/pin/funny-pictures-bibble-meme-quote-memes-funny-memes-faces-barbie-summer-2022--578360777186721258/,https://raw.githubusercontent.com/nuancedegreg-blip/Sumup-images/main/images_v6/LM-82181965.jpg
LM-82181968,recovered,bing,http://img2.wikia.nocookie.net/__cb20150224015221/muppet/images/2/2b/4518c.png,http://muppet.wikia.com/wiki/episode_4518,https://raw.githubusercontent.com/nuancedegreg-blip/Sumup-images/main/images_v6/LM-82181968.jpg
LM-82181969,recovered,bing,https://ae01.alicdn.com/kf/H72c96bb4fa0a4f3cbb2876277a9eee560.jpg,https://www.cdiscount.com/pret-a-porter/vetements/maillot-de-bain-bow-bretelles-taille-haute-bikini/f-1133036-mp52208021.html,https://raw.githubusercontent.com/nuancedegreg-blip/Sumup-images/main/images_v6/LM-82181969.jpg
LM-82181974,recovered,bing,https://image.slidesharecdn.com/adolescenthealth2-150311113349-conversion-gate01/95/adolescent-health-9-638.jpg?cb=1426073903,http://www.slideshare.net/Juvenal91101/adolescent-health-45714013,https://raw.githubusercontent.com/nuancedegreg-blip/Sumup-images/main/images_v6/LM-82181974.jpg
LM-82181975,recovered,bing,https://www.shutterstock.com/image-photo/brunette-woman-hairstyle-black-dress-600w-273452630.jpg,https://www.shutterstock.com/image-photo/brunette-woman-hairstyle-black-dress-on-273452630,https://raw.githubusercontent.com/nuancedegreg-blip/Sumup-images/main/images_v6/LM-82181975.jpg
LM-82181999,recovered,bing,https://images.seeklogo.com/logo-png/48/1/hp-proliant-servers-logo-png_seeklogo-483063.png,https://fity.club/lists/suggestions/hp-proliant-logo/,https://raw.githubusercontent.com/nuancedegreg-blip/Sumup-images/main/images_v6/LM-82181999.jpg
LM-82182190,recovered,bing,https://sanmartin.com.ni/wp-content/uploads/2025/02/logo.svg,https://sanmartin.com.ni/category/recetario/especialidades/,https://raw.githubusercontent.com/nuancedegreg-blip/Sumup-images/main/images_v6/LM-82182190.jpg
LM-82183929,recovered,bing,https://4kwallpapers.com/images/wallpapers/fcb-crest-dark-3840x2160-19399.jpg,https://4kwallpapers.com/sports/fcb-crest-dark-19399.html,https://raw.githubusercontent.com/nuancedegreg-blip/Sumup-images/main/images_v6/LM-82183929.jpg
LM-82183956,recovered,bing,http://1.bp.blogspot.com/-02xMExCBytc/VU_cfspDQTI/AAAAAAAAFXw/St8ygQeYRi8/s1600/morton-primeira_eter_de_RobertHincley.jpg,http://www.semioblog.website/2015/05/historia-da-medicina-na-arte.html,https://raw.githubusercontent.com/nuancedegreg-blip/Sumup-images/main/images_v6/LM-82183956.jpg
LM-82183970,recovered,bing,https://i.ytimg.com/vi/Vn-ej5khlpY/maxresdefault.jpg,https://www.youtube.com/watch?v=Vn-ej5khlpY,https://raw.githubusercontent.com/nuancedegreg-blip/Sumup-images/main/images_v6/LM-82183970.jpg
LM-82184775,recovered,bing,https://cdn.shopify.com/s/files/1/0070/8853/7651/files/06202-000040_1_PINK_RuffleMeUpCropTop.webp?v=1751043885&width=886&height=1000,https://www.windsorstore.com/pages/shop-pink-tops,https://raw.githubusercontent.com/nuancedegreg-blip/Sumup-images/main/images_v6/LM-82184775.jpg
LM-82184776,recovered,bing,https://espingardas.com.br/arquivos/downloads/0/2/arquivo/2.jpg,https://fity.club/lists/2025/alvos-de-tiro-para-imprimir-para-criancas/,https://raw.githubusercontent.com/nuancedegreg-blip/Sumup-images/main/images_v6/LM-82184776.jpg
LM-82184777,recovered,bing,https://www.fayerwayer.com/resizer/WyOJhvfvvxZ-ayygjc6zoXmDg6E=/1600x0/filters:format(jpg):quality(70)/cloudfront-us-east-1.images.arcpublishing.com/metroworldnews/ORANKCN27RF3TKBJJ5KKSMDD5Q.jpg,https://www.fayerwayer.com/internet/2023/06/09/la-dieta-del-futuro-le-preguntamos-al-chatgpt-como-sera-a-comida-en-30-anos-y-su-respuesta-fue-algo-inquietante/,https://raw.githubusercontent.com/nuancedegreg-blip/Sumup-images/main/images_v6/LM-82184777.jpg
LM-82184779,recovered,bing,http://www.pezporn.com/media/images/3/naked-black-girl/naked-black-girl-59996.jpg,http://forum.literotica.com/showthread.php?t=705322&page=103,https://raw.githubusercontent.com/nuancedegreg-blip/Sumup-images/main/images_v6/LM-82184779.jpg
LM-82184781,recovered,bing,https://cbsecommerce.in/wp-content/uploads/2024/02/DK-Goel-Solutions-Q.29-Chapter-4-Retirement-Death-of-a-Partner-Class-12-ISC-2023-24-c.webp,https://cbsecommerce.in/dk-goel-solutions-isc-q-29-chapter-4-retirement-or-death-of-partner-class-12-isc-2023-24/,https://raw.githubusercontent.com/nuancedegreg-blip/Sumup-images/main/images_v6/LM-82184781.jpg
LM-82184782,recovered,bing,https://i.pinimg.com/736x/88/b3/9d/88b39d254b9fc8dc319287ce9fb7b7c3.jpg,https://www.pinterest.com/pin/68539225565283735/,https://raw.githubusercontent.com/nuancedegreg-blip/Sumup-images/main/images_v6/LM-82184782.jpg
LM-82184784,recovered,bing,https://c8.alamy.com/comp/3D6X68B/bayerns-michael-olise-celebrates-scoring-his-sides-sixth-goal-during-the-bundesliga-soccer-match-between-bayern-munich-and-freiburg-in-munich-germany-saturday-nov-22-2025ap-photomatthias-schrader-3D6X68B.jpg,https://www.alamy.com/bayerns-michael-olise-celebrates-scoring-his-sides-sixth-goal-during-the-bundesliga-soccer-match-between-bayern-munich-and-freiburg-in-munich-germany-saturday-nov-22-2025ap-photomatthias-schrader-image709888715.html,https://raw.githubusercontent.com/nuancedegreg-blip/Sumup-images/main/images_v6/LM-82184784.jpg
LM-82184785,recovered,bing,https://i.pinimg.com/originals/64/fe/be/64febe9df31423dbec8ff097d4ec87b6.jpg,https://utpaqp.edu.pe/post/windows-11-tapety-na-pulpittapeta-na-windows-11-home/,https://raw.githubusercontent.com/nuancedegreg-blip/Sumup-images/main/images_v6/LM-82184785.jpg
LM-82184786,no_downloadable_image,bing,https://lookaside.fbsbx.com/lookaside/crawler/media/?media_id=443918291678652,https://www.facebook.com/wheretogonext.me/posts/-temple-sunrise-the-ancient-city-of-bagan-myanmars-thousand-pagodas-witness-the-/443918315011983/,
LM-82184787,recovered,bing,https://images.pexels.com/photos/260689/pexels-photo-260689.jpeg?fit=crop&h=1000&mark=https:%2F%2Fassets.imgix.net%2F~text%3Fbg%3D80000000%26txt%3DGratis%2Bstockfoto%2527s%26txtalign%3Dcenter%26txtclr%3Dfff%26txtfont%3DAvenir-Heavy%26txtpad%3D20%26txtsize%3D120%26w%3D1300&markalign=center%2Cmiddle&txt=pexels.com&txtalign=center&txtclr=eeffffff&txtfont=Avenir-Heavy&txtshad=10&txtsize=60&w=1500,https://www.pexels.com/nl-nl/zoeken/zoom achtergrond kantoor/,https://raw.githubusercontent.com/nuancedegreg-blip/Sumup-images/main/images_v6/LM-82184787.jpg
LM-82184792,recovered,bing,https://clipground.com/images/dog-reading-a-book-clipart-6.jpg,https://clipground.com/dog-reading-a-book-clipart.html,https://raw.githubusercontent.com/nuancedegreg-blip/Sumup-images/main/images_v6/LM-82184792.jpg
LM-82184795,recovered,bing,https://www.renovablesverdes.com/wp-content/uploads/2018/01/producción-de-biogás.png,https://miningpress.com/313918/biogas-todo-lo-que-hay-que-saber,https://raw.githubusercontent.com/nuancedegreg-blip/Sumup-images/main/images_v6/LM-82184795.jpg
LM-82184801,recovered,bing,https://theaviationist.com/wp-content/uploads/2019/11/YF-17-prototype-860x484.jpg,https://theaviationist.com/2019/11/27/the-northrop-yf-17-cobra-prototype-has-been-given-a-brand-new-paint-scheme-decals-and-top-gun-markings/,https://raw.githubusercontent.com/nuancedegreg-blip/Sumup-images/main/images_v6/LM-82184801.jpg
LM-82184803,recovered,bing,https://i.pinimg.com/736x/f6/66/2a/f6662a56cc577636049572019a3a2888.jpg,https://ar.inspiredpencil.com/pictures-2023/international-scout-80-engine,https://raw.githubusercontent.com/nuancedegreg-blip/Sumup-images/main/images_v6/LM-82184803.jpg
LM-82184806,recovered,bing,https://fr.web.img3.acsta.net/c_225_300/pictures/22/02/07/14/04/0000160.jpg,https://www.allocine.fr/series/ficheserie-25364/dvd-bluray/product-29828162/,https://raw.githubusercontent.com/nuancedegreg-blip/Sumup-images/main/images_v6/LM-82184806.jpg
LM-82184810,recovered,bing,https://static.todamateria.com.br/upload/fr/ev/frevo-og.jpg,https://www.todamateria.com.br/frevo/,https://raw.githubusercontent.com/nuancedegreg-blip/Sumup-images/main/images_v6/LM-82184810.jpg
LM-82184811,recovered,bing,https://images-wixmp-ed30a86b8c4ca887773594c2.wixmp.com/f/2a7db2e4-9a03-451b-b894-26b8aaca8587/dfzlssr-0c5a11c8-5d68-413f-86bc-50991a17aa37.jpg?token=eyJ0eXAiOiJKV1QiLCJhbGciOiJIUzI1NiJ9.eyJzdWIiOiJ1cm46YXBwOjdlMGQxODg5ODIyNjQzNzNhNWYwZDQxNWVhMGQyNmUwIiwiaXNzIjoidXJuOmFwcDo3ZTBkMTg4OTgyMjY0MzczYTVmMGQ0MTVlYTBkMjZlMCIsIm9iaiI6W1t7InBhdGgiOiJcL2ZcLzJhN2RiMmU0LTlhMDMtNDUxYi1iODk0LTI2YjhhYWNhODU4N1wvZGZ6bHNzci0wYzVhMTFjOC01ZDY4LTQxM2YtODZiYy01MDk5MWExN2FhMzcuanBnIn1dXSwiYXVkIjpbInVybjpzZXJ2aWNlOmZpbGUuZG93bmxvYWQiXX0.xnLxTr5BYxcoX2CAmIfWbkFJ_TJi8J7jvEChIuKoZ0E,https://www.deviantart.com/sjakr/art/Yellow-and-Cyan-966796299,https://raw.githubusercontent.com/nuancedegreg-blip/Sumup-images/main/images_v6/LM-82184811.jpg
LM-82184813,recovered,bing,https://img.rawpixel.com/s3fs-private/rawpixel_images/website_content/v734-toon-02_1.jpg?w=800&dpr=1&fit=default&crop=default&auto=format&fm=pjpg&q=75&vib=3&con=3&usm=15&bg=F4F4F3&ixlib=js-2.2.1&s=1361e3a745a26147f15cd1bcc85f3cea,https://www.rawpixel.com/image/477185/free-illustration-image-raccoon-adorable-america,https://raw.githubusercontent.com/nuancedegreg-blip/Sumup-images/main/images_v6/LM-82184813.jpg
LM-82203715,recovered,bing,https://baptistcourier.com/wp-content/uploads/2015/06/Delano-McMinn.jpg,https://baptistcourier.com/2015/06/as-sbc-convenes-in-ohio-upstate-minister-recalls-planting-churches-in-buckeye-state/,https://raw.githubusercontent.com/nuancedegreg-blip/Sumup-images/main/images_v6/LM-82203715.jpg
LM-82203881,recovered,bing,https://i.pinimg.com/originals/d9/36/29/d9362970d459d856e1f89536f9aa2b08.jpg,https://millicentchastain.blogspot.com/2022/09/rainbow-colors-in-sign-language.html,https://raw.githubusercontent.com/nuancedegreg-blip/Sumup-images/main/images_v6/LM-82203881.jpg
LM-82203883,recovered,bing,https://img.freepik.com/premium-vector/vector-football-icons-collection_951778-54889.jpg?w=2000,https://www.freepik.com/premium-vector/vector-football-icons-collection_160632805.htm,https://raw.githubusercontent.com/nuancedegreg-blip/Sumup-images/main/images_v6/LM-82203883.jpg
LM-82203885,recovered,bing,https://i.pinimg.com/originals/66/0b/0d/660b0d2970c76177b294cff4241e8db9.jpg,https://www.artofit.org/image-gallery/250512798009862480/dolly-parton-s-stampede-pigeon-forge-2023-insider-s-guide/,https://raw.githubusercontent.com/nuancedegreg-blip/Sumup-images/main/images_v6/LM-82203885.jpg
LM-82203887,recovered,bing,https://www.citizensbank.com/dam/d2739c21-e1de-4ae6-a60c-b33d00ccbbd0/Leapfrog_Featured-Video_1184x666_Feature-Single-R.png,https://www.citizensbank.com/mobile-and-online-banking/overview.aspx,https://raw.githubusercontent.com/nuancedegreg-blip/Sumup-images/main/images_v6/LM-82203887.jpg
LM-82204151,recovered,bing,https://imgv2-1-f.scribdassets.com/img/document/933619291/original/011eff254e/1?v=1,https://es.scribd.com/document/933619291/sensor-de-presion-de-freno-de-estacionamiento,https://raw.githubusercontent.com/nuancedegreg-blip/Sumup-images/main/images_v6/LM-82204151.jpg
LM-82216985,recovered,bing,https://www.calendario.best/images/bimestral/2026/calendario-octubre-noviembre-2026-semanas-rojo.jpg,https://www.calendario.best/calendario-bimestral-2026.html,https://raw.githubusercontent.com/nuancedegreg-blip/Sumup-images/main/images_v6/LM-82216985.jpg
LM-82222838,recovered,bing,https://imgproc.airliners.net/photos/airliners/0/1/2/1893210.jpg?v=v40,https://www.airliners.net/photo/Aer-Lingus/Airbus-A330-202/1893210,https://raw.githubusercontent.com/nuancedegreg-blip/Sumup-images/main/images_v6/LM-82222838.jpg
LM-82222857,recovered,bing,https://news.tfw2005.com/wp-content/uploads/sites/10/2013/08/OrionPaxRobot75_1376435615.jpg,https://news.tfw2005.com/2013/08/13/tfws-generations-orion-pax-gallery-now-online-178222,https://raw.githubusercontent.com/nuancedegreg-blip/Sumup-images/main/images_v6/LM-82222857.jpg
LM-82222858,recovered,bing,https://meshengenharia.com/wp-content/uploads/2023/05/image-38.png,https://meshengenharia.com/2023/05/09/calculo-de-curto-circuito-monofasico/,https://raw.githubusercontent.com/nuancedegreg-blip/Sumup-images/main/images_v6/LM-82222858.jpg
LM-82231763,recovered,bing,https://cdn1.skinsafeproducts.com/photo/0871029FFD099A/large_1742369523.pngpng?1742369523,https://www.skinsafeproducts.com/cvs-health-acne-control-cleanser-10-benzoyl-peroxide-5-oz-142-g,https://raw.githubusercontent.com/nuancedegreg-blip/Sumup-images/main/images_v6/LM-82231763.jpg
LM-82231786,recovered,bing,https://www.blogdopaulonunes.com/v5/wp-content/uploads/2025/06/Queima-do-cafe-1931.jpg,https://www.blogdopaulonunes.com/v5/index.php/2025/06/15/ha-94-anos-governo-incinerava-estoques-de-cafe-diante-da-crise-de-29/,https://raw.githubusercontent.com/nuancedegreg-blip/Sumup-images/main/images_v6/LM-82231786.jpg
LM-82231802,recovered,bing,https://thumbs.dreamstime.com/z/indian-god-ganesh-wallpaper-high-definition-lord-ganesha-indian-god-son-mahadev-india-lord-ganesha-ganpati-163613826.jpg,https://cartoondealer.com/image/16799413/lord-ganesh-hindu-god.html,https://raw.githubusercontent.com/nuancedegreg-blip/Sumup-images/main/images_v6/LM-82231802.jpg
LM-82231803,recovered,bing,https://imecolombia.com/wp-content/uploads/2017/06/CARRO-DE-PARO1-600x600.jpg,https://imecolombia.com/tienda/page/5/,https://raw.githubusercontent.com/nuancedegreg-blip/Sumup-images/main/images_v6/LM-82231803.jpg
LM-82231822,recovered,bing,https://static.wikia.nocookie.net/nogginstudio/images/a/af/Charles_Entertaiment_Cheese.png/revision/latest/scale-to-width-down/1200?cb=20240613190202,https://nogginstudio.fandom.com/wiki/Charles_Entertaiment_Cheese,https://raw.githubusercontent.com/nuancedegreg-blip/Sumup-images/main/images_v6/LM-82231822.jpg
LM-82231831,recovered,bing,https://www.kellyfradet.com/wp-content/uploads/Product-Images/5JCBT_0-600x600.jpg,https://kellyfradet.com/product/5jcbt/,https://raw.githubusercontent.com/nuancedegreg-blip/Sumup-images/main/images_v6/LM-82231831.jpg
LM-82231840,recovered,bing,https://gimg.staticimgs.com/learn/043f16c1283ca4a21cad02ca0075238b0baf4d10.png,https://www.gate.com/crypto-wiki/article/what-is-dusk-coin-a-complete-guide-to-the-privacy-focused-layer-1-blockchain-for-regulated-financial-assets-20260119,https://raw.githubusercontent.com/nuancedegreg-blip/Sumup-images/main/images_v6/LM-82231840.jpg
LM-82231841,recovered,bing,https://www.gethucinema.com/tmdb/lNRwJ9afyDI1hccWGxQcAKZ5RMA.jpg,https://www.gethucinema.com/wiki/charlie-shotwell,https://raw.githubusercontent.com/nuancedegreg-blip/Sumup-images/main/images_v6/LM-82231841.jpg
LM-82231842,recovered,bing,https://media.minutouno.com/p/c0299a5cff7484d4d042c997b83a503a/adjuntos/150/imagenes/024/001/0024001228/1200x675/smart/adrianajavier-bazterricaflavio.jpg,https://www.minutouno.com/espectaculos/ratingcerocom/hablo-el-gigolo-acusado-estafar-adriana-la-hermana-flavio-mendoza-n1284740,https://raw.githubusercontent.com/nuancedegreg-blip/Sumup-images/main/images_v6/LM-82231842.jpg
LM-82231843,recovered,bing,https://recetinas.com/wp-content/uploads/2019/10/arroz-atollado.jpg,https://recetinas.com/arroz-atollado/,https://raw.githubusercontent.com/nuancedegreg-blip/Sumup-images/main/images_v6/LM-82231843.jpg
LM-82231844,recovered,bing,https://s2-techtudo.glbimg.com/gTSK7hyww4UtqCE7aaskjdHGQJs=/0x0:695x384/984x0/smart/filters:strip_icc()/i.s3.glbimg.com/v1/AUTH_08fbf48bc0524877943fe86e43087e7a/internal_photos/bs/2019/r/p/T8gwHZSNm0db9I8LjdvA/brawlers.jpg,https://www.techtudo.com.br/dicas-e-tutoriais/2019/08/conheca-todos-os-personagens-de-brawl-stars-jogo-mobile-da-supercell.ghtml,https://raw.githubusercontent.com/nuancedegreg-blip/Sumup-images/main/images_v6/LM-82231844.jpg
LM-82231845,recovered,bing,https://i.pinimg.com/736x/48/d2/93/48d293be94b07312cb22fb0965d6b5f3.jpg,https://www.pinterest.com/pin/the-30-day-squat-jump-challenge--485825878557351105/,https://raw.githubusercontent.com/nuancedegreg-blip/Sumup-images/main/images_v6/LM-82231845.jpg
LM-82231848,recovered,bing,https://d1j63owfs0b5j3.cloudfront.net/tutorial/finalImage/1408-1484906821682.jpg,https://ar.inspiredpencil.com/pictures-2023/pharyngeal-arches-derivatives,https://raw.githubusercontent.com/nuancedegreg-blip/Sumup-images/main/images_v6/LM-82231848.jpg
LM-82231849,recovered,bing,https://folktalesamerica.com/wp-content/uploads/2025/10/432a03f9-7b91-486a-8506-c178ebd8df6d.jpg,https://folktalesamerica.com/negrinho-do-pastoreio-the-little-black-shepherd-boy-that-teaches-lessons-on-faith-and-divine-justice-brazilian-folktale/,https://raw.githubusercontent.com/nuancedegreg-blip/Sumup-images/main/images_v6/LM-82231849.jpg
LM-82231850,recovered,bing,https://industrystandarddesign.com/wp-content/uploads/2024/03/visual-comparison-to-everyday-items.jpg,https://industrystandarddesign.com/how-big-is-7cm/,https://raw.githubusercontent.com/nuancedegreg-blip/Sumup-images/main/images_v6/LM-82231850.jpg
LM-82231851,recovered,bing,https://media.istockphoto.com/id/1510383781/id/vektor/ilustrasi-membersihkan-sampah-plastik-di-sungai.jpg?s=170667a&w=0&k=20&c=NNXkmJVo1Ig4dDOeKnwACcTp1ZRXA_lkTXJa6C9owQE=,https://www.istockphoto.com/id/vektor/ilustrasi-membersihkan-sampah-plastik-di-sungai-gm1510383781-523847670,https://raw.githubusercontent.com/nuancedegreg-blip/Sumup-images/main/images_v6/LM-82231851.jpg
LM-82231852,recovered,bing,https://freepnglogo.com/images/all_img/1719934959ford-logo-transparent.png,https://freepnglogo.com/ford-logo-png,https://raw.githubusercontent.com/nuancedegreg-blip/Sumup-images/main/images_v6/LM-82231852.jpg
LM-82231853,recovered,bing,https://www.collegedakhla.com/uploads/blogs/Top_7_B.Des_colleges_in_Delhi.png,https://www.collegedakhla.com/blog/top-colleges-for-mca-in-north-india,https://raw.githubusercontent.com/nuancedegreg-blip/Sumup-images/main/images_v6/LM-82231853.jpg
LM-82231854,recovered,bing,https://www.pikpng.com/pngl/b/225-2254486_casper-logo-casper-mattress-logo-clipart.png,https://www.pikpng.com/transpng/iiTiJib/,https://raw.githubusercontent.com/nuancedegreg-blip/Sumup-images/main/images_v6/LM-82231854.jpg
LM-82231855,recovered,bing,https://lightandlayer.com/img/image4_gratitude-wall-ideas_tree-of-gratitude.jpg,https://lightandlayer.com/blog/gratitude-wall-styling/,https://raw.githubusercontent.com/nuancedegreg-blip/Sumup-images/main/images_v6/LM-82231855.jpg
LM-82231856,recovered,bing,https://pub-d566ac4f0b8d4d958aa18b0470b9094a.r2.dev/2025/12/chicken-stir-fry-wok-recipe-quick-easy-and-restaurant-quality.jpg,https://90recipes.com/chicken-stir-fry-wok-recipe/,https://raw.githubusercontent.com/nuancedegreg-blip/Sumup-images/main/images_v6/LM-82231856.jpg
LM-82231860,recovered,bing,https://i2.wp.com/designeddecor.com/wp-content/uploads/2015/03/How-to-Decoupage-Furniture.png?resize=600%2C900&ssl=1,https://designeddecor.com/decoupage-furniture/,https://raw.githubusercontent.com/nuancedegreg-blip/Sumup-images/main/images_v6/LM-82231860.jpg
LM-82231861,no_downloadable_image,bing,https://images1.loopnet.com/i2/CQhHCMabYOLUTad4TGYkb9cSgg05VsDVO94QgthXXew/116/901-F-St-NW-Washington-DC-Building-Photo-3-LargeHighDefinition.jpg,https://www.loopnet.com/Listing/901-F-St-NW-Washington-DC/28280091/,
LM-82231863,recovered,bing,"https://platform.theverge.com/wp-content/uploads/sites/2/chorus/uploads/chorus_asset/file/25357066/Disney__Logo_March_2024.png?quality=90&strip=all&crop=0,0,100,100",https://www.theverge.com/2024/3/27/24112994/disney-plus-logo-green-aurora-streaming-app,https://raw.githubusercontent.com/nuancedegreg-blip/Sumup-images/main/images_v6/LM-82231863.jpg
LM-82231864,no_downloadable_image,bing,https://lookaside.instagram.com/seo/google_widget/crawler/?media_id=3557244526064014220,https://www.instagram.com/p/DFd3xCFPTpD/,
LM-82231866,recovered,bing,https://noticias-ahora.com/wp-content/uploads/2022/01/Mandocas.jpg,https://noticias-ahora.com/receta-tierra-sol-amada-deliciosas-mandocas/,https://raw.githubusercontent.com/nuancedegreg-blip/Sumup-images/main/images_v6/LM-82231866.jpg
LM-82231874,recovered,bing,https://i.pinimg.com/236x/23/77/9e/23779eebfbad68736eb0026efde070e4--psychiatric-hospital-hospitals.jpg,https://www.pinterest.com/GraphicDesignerRob/greystone-park-psychiatric-hospital/,https://raw.githubusercontent.com/nuancedegreg-blip/Sumup-images/main/images_v6/LM-82231874.jpg
LM-82231875,recovered,bing,https://i.pinimg.com/originals/14/2f/8d/142f8d4261999bbdde03aaa65d7a8d05.jpg,https://www.pinterest.com/pin/gamma-phi-beta-at-university-of-arizona-gammaphibeta-gammaphi-sorority-arizona--8796161758153143/,https://raw.githubusercontent.com/nuancedegreg-blip/Sumup-images/main/images_v6/LM-82231875.jpg
LM-82231880,recovered,bing,https://www.videogamer.com/wp-content/uploads/Vampire-Survivors-Characters.jpg,https://www.videogamer.com/guides/vampire-survivors-characters-and-unlock-requirements/,https://raw.githubusercontent.com/nuancedegreg-blip/Sumup-images/main/images_v6/LM-82231880.jpg
LM-82231881,no_downloadable_image,bing,https://pedraopvc.vteximg.com.br/arquivos/ids/199520-800-800/Ficha-Produto-PN10-ROSCA---1.1.jpg?v=638279786916370000,https://www.lojadopedrao.com.br/45579-valvula-globo-2-1-2----45º-pn-10-para-hidrante-predial-125-libras-eale/p,
LM-82231891,recovered,bing,https://cdn.mos.cms.futurecdn.net/vDfWAjnk3ypTwegZNpGPtR.jpg,https://ar.inspiredpencil.com/pictures-2023/landspace-china,https://raw.githubusercontent.com/nuancedegreg-blip/Sumup-images/main/images_v6/LM-82231891.jpg
LM-82231893,recovered,bing,https://fanatics.frgimages.com/chicago-cubs/mens-fanatics-royal/natural-chicago-cubs-cooperstown-collection-eastbound-mesh-adjustable-hat_ss5_p-201724424+pv-3+u-bpikwoanj5ssun3tavbi+v-ckzo6ukck2sb6rjf2wp3.jpg?_hv=2&w=900,https://www.mlbshop.com/chicago-cubs/mens-chicago-cubs-fanatics-royal/natural-cooperstown-collection-eastbound-mesh-adjustable-hat/t-25880888+p-680090638004604+z-9-685052247,https://raw.githubusercontent.com/nuancedegreg-blip/Sumup-images/main/images_v6/LM-82231893.jpg
LM-82231896,recovered,bing,https://media.tarkett-image.com/large/TH_HO_iQ_Surface_Solid_Dark_Ash.jpg,https://profesional.tarkett.es/es_ES/colección-C002597-iq-surface-acoustic/surface-solid-dark-ash-0094,https://raw.githubusercontent.com/nuancedegreg-blip/Sumup-images/main/images_v6/LM-82231896.jpg
LM-82231897,recovered,bing,"https://res.cloudinary.com/icelandtours/g_auto,f_auto,c_auto,w_3840,q_auto:good/northern_lights_above_glacier_lagoon_v2osk_unsplash_7d39ca647f.jpg",https://www.icelandtours.is/blog/northern-lights-aurora-borealis-iceland/,https://raw.githubusercontent.com/nuancedegreg-blip/Sumup-images/main/images_v6/LM-82231897.jpg
LM-82231898,recovered,bing,https://http2.mlstatic.com/D_NQ_NP_674545-MLB86797952759_062025-O-kit-painel-banner-personalizado-backdrop-180x120-completo.webp,https://produto.mercadolivre.com.br/MLB-4037227509-kit-painel-banner-personalizado-backdrop-180x120-completo-_JM,https://raw.githubusercontent.com/nuancedegreg-blip/Sumup-images/main/images_v6/LM-82231898.jpg
LM-82231899,recovered,bing,https://cdn.prod.website-files.com/6318ee7f8cd2577347722ef7/677828ffdddbaa97812821e7_634c02c9a2d14070a8e59476_Screen%2520Shot%25202022-10-16%2520at%25209.09.32%2520AM.png,https://www.range.com/blog/networth-comparison,https://raw.githubusercontent.com/nuancedegreg-blip/Sumup-images/main/images_v6/LM-82231899.jpg
LM-82231905,recovered,bing,https://lumberestimator.us/storage/2025/04/84-purpleheart-lumber​.webp,https://lumberestimator.us/10-facts-about-purple-heart-wood-characteristics/,https://raw.githubusercontent.com/nuancedegreg-blip/Sumup-images/main/images_v6/LM-82231905.jpg
LM-82231915,recovered,bing,https://i5.walmartimages.com/seo/BUYSIGHT-Rechargeable-Spotlight-Flashlight-120000-lumens-600-Yards-Range-Solar-Spot-Lights-Hand-held-Large-flashlights-Red-red-Lens-Side-Flood-Light_dfa06d57-a61c-4c62-8078-854856a4ae7d.98868b4391122e6eacecfb9a715d6498.jpeg,https://www.walmart.com/ip/BUYSIGHT-Rechargeable-Spotlight-Flashlight-120000-lumens-600-Yards-Range-Solar-Spot-Lights-Hand-held-Large-flashlights-Red-red-Lens-Side-Flood-Light/5027539438,https://raw.githubusercontent.com/nuancedegreg-blip/Sumup-images/main/images_v6/LM-82231915.jpg
LM-82231916,recovered,bing,https://i1.wp.com/best-of-upper-rhine.com/wp-content/uploads/2017/11/Riquewihr-et-environs-saisons-1773.jpg?fit=1200%2C801&ssl=1,https://best-of-upper-rhine.com/cities-places/riquewihr-wonderful-village-on-the-alsace-wine-route/,https://raw.githubusercontent.com/nuancedegreg-blip/Sumup-images/main/images_v6/LM-82231916.jpg
LM-82232002,recovered,bing,https://imgk.timesnownews.com/media/17882677_1401538273238749_3413364699457126400_n.jpg,https://www.timesnownews.com/sports/tennis/article/venus-williams-birthday-check-out-the-stylish-side-of-the-7-time-grand-slam-winner-in-these-photos/607630,https://raw.githubusercontent.com/nuancedegreg-blip/Sumup-images/main/images_v6/LM-82232002.jpg
LM-82233130,recovered,bing,https://us.rule34.xxx/images/6757/55afbb7556f9cc1358cb938c3bbc78db.jpeg?7713293,https://rule34.xxx/index.php/index.php?page=post&s=view&id=7713293,https://raw.githubusercontent.com/nuancedegreg-blip/Sumup-images/main/images_v6/LM-82233130.jpg
LM-82239575,recovered,bing,https://lumberestimator.us/storage/2025/04/84-purpleheart-lumber​.webp,https://lumberestimator.us/10-facts-about-purple-heart-wood-characteristics/,https://raw.githubusercontent.com/nuancedegreg-blip/Sumup-images/main/images_v6/LM-82239575.jpg
LM-82240539,recovered,bing,https://cindyhattersleydesign.com/wp-content/uploads/2022/10/insider-tips-on-how-to-apply-makeup-on-mature-women.png,https://fity.club/lists/suggestions/makeup-for-mature/,https://raw.githubusercontent.com/nuancedegreg-blip/Sumup-images/main/images_v6/LM-82240539.jpg
LM-82240552,recovered,bing,https://2.bp.blogspot.com/-bmWhBe1ojBE/Tv3wapWlEFI/AAAAAAAABzk/dyfUD9gRYjs/s1600/plasmacar-rojo.gif,https://dejuguetes.blogspot.com/2011/,https://raw.githubusercontent.com/nuancedegreg-blip/Sumup-images/main/images_v6/LM-82240552.jpg
LM-82240553,recovered,bing,http://pontodoconhecimento.com/wp-content/uploads/2023/10/1-3.png,https://pontodoconhecimento.com/numeros-romanos/,https://raw.githubusercontent.com/nuancedegreg-blip/Sumup-images/main/images_v6/LM-82240553.jpg
LM-82240554,recovered,bing,https://i.ytimg.com/vi/Wl_Y531hJIU/maxresdefault.jpg,https://www.youtube.com/watch?v=Wl_Y531hJIU,https://raw.githubusercontent.com/nuancedegreg-blip/Sumup-images/main/images_v6/LM-82240554.jpg
LM-82240555,recovered,bing,https://4.bp.blogspot.com/-dh2PafpG6Ng/W9UXfiTushI/AAAAAAAAH9Q/kTZlmuByos8_vIy7JY7OCdPZsKmv1XOZQCLcBGAs/s1600/la-moda-en-estadistica-por-marianela-pachacama-4-728.jpg,https://matmaticaaplicada.blogspot.com/2018/10/moda-estadistica.html,https://raw.githubusercontent.com/nuancedegreg-blip/Sumup-images/main/images_v6/LM-82240555.jpg
LM-82240556,recovered,bing,https://cdn1.matadornetwork.com/blogs/1/2014/05/Iguassu-Falls.jpg,https://matadornetwork.com/trips/many-39-natural-wonders-world/,https://raw.githubusercontent.com/nuancedegreg-blip/Sumup-images/main/images_v6/LM-82240556.jpg
LM-82249185,recovered,bing,https://image.slidesharecdn.com/elementosdacomunicacao-110803183247-phpapp01/85/Elementos-da-comunicacao-4-320.jpg,https://pt.slideshare.net/slideshow/elementos-da-comunicacao/8766805,https://raw.githubusercontent.com/nuancedegreg-blip/Sumup-images/main/images_v6/LM-82249185.jpg
LM-82249186,recovered,bing,http://pontodoconhecimento.com/wp-content/uploads/2023/10/1-3.png,https://pontodoconhecimento.com/numeros-romanos/,https://raw.githubusercontent.com/nuancedegreg-blip/Sumup-images/main/images_v6/LM-82249186.jpg
LM-82249187,recovered,bing,https://static0.gamerantimages.com/wordpress/wp-content/uploads/2024/12/mixcollage-06-dec-2024-03-09-pm-3912.jpg,https://gamerant.com/rocket-league-season-17-extension-s18-teaser-crossbar-ping/,https://raw.githubusercontent.com/nuancedegreg-blip/Sumup-images/main/images_v6/LM-82249187.jpg
LM-82261724,recovered,bing,https://s3-media0.fl.yelpcdn.com/bphoto/V8oLvhYW7wpUs5TJHbNPdg/300s.jpg,https://www.yelp.com/biz/kauffmans-bar-b-que-chicken-bethel,https://raw.githubusercontent.com/nuancedegreg-blip/Sumup-images/main/images_v6/LM-82261724.jpg
LM-82261731,recovered,bing,https://64.media.tumblr.com/68301053b81c352d2c0f5290116d019b/8ad2f052d2c38d43-24/s540x810/87d624437fbcb7854d61923a83c010fa01e8f7b3.jpg,https://www.tumblr.com/liverpool10,https://raw.githubusercontent.com/nuancedegreg-blip/Sumup-images/main/images_v6/LM-82261731.jpg
LM-82261734,recovered,bing,"https://static.wixstatic.com/media/84e478_baf0f3dc59494ac582b3a94d71ae13a4~mv2.jpg/v1/fill/w_980,h_980,al_c,q_85,usm_0.66_1.00_0.01,enc_auto/84e478_baf0f3dc59494ac582b3a94d71ae13a4~mv2.jpg",https://www.eventosfaraon.com/product-page/estructura-metalica-cuadrada,https://raw.githubusercontent.com/nuancedegreg-blip/Sumup-images/main/images_v6/LM-82261734.jpg
LM-82278583,recovered,bing,https://img.freepik.com/premium-photo/inside-burj-khalifa-is-tallest-skyscraper-world-standing-8298m-dubai-uae_194143-8717.jpg?w=2000,https://www.freepik.com/premium-photo/inside-burj-khalifa-is-tallest-skyscraper-world-standing-8298m-dubai-uae_28061726.htm,https://raw.githubusercontent.com/nuancedegreg-blip/Sumup-images/main/images_v6/LM-82278583.jpg
LM-82279843,recovered,bing,https://product-hub-prd.madeiramadeira.com.br/849587/images/66ddecde-45b0-4f08-ae60-f435ee6d16efucabranco1692350809200zoom.jpg,https://www.madeiramadeira.com.br/moveis/moveis-para-quarto/depositos-e-baus-para-quarto,https://raw.githubusercontent.com/nuancedegreg-blip/Sumup-images/main/images_v6/LM-82279843.jpg
LM-82283824,recovered,bing,https://i.ytimg.com/vi/6emeyPdNH_Q/maxresdefault.jpg,https://fity.club/lists/suggestions/wine-cabinet-plans/,https://raw.githubusercontent.com/nuancedegreg-blip/Sumup-images/main/images_v6/LM-82283824.jpg
LM-82291456,recovered,bing,https://image.slidesharecdn.com/nonunionofbones-230830053614-d07722d6/85/non-union-of-bones-pptx-6-320.jpg,https://www.slideshare.net/slideshow/non-union-of-bonespptx/260316355,https://raw.githubusercontent.com/nuancedegreg-blip/Sumup-images/main/images_v6/LM-82291456.jpg
LM-82291472,recovered,bing,https://i.pinimg.com/originals/8c/be/e8/8cbee89abb651cb41028168ba3953d09.jpg,https://www.pinterest.com/pin/doberman-pinscher-in-2024--401453754301171263/,https://raw.githubusercontent.com/nuancedegreg-blip/Sumup-images/main/images_v6/LM-82291472.jpg
LM-82306450,recovered,bing,https://content.api.news/v3/images/bin/18ffcc37459cbb6a14441d7a486b7a1f,https://www.heraldsun.com.au/sport/worlds-sexiest-ice-hockey-player-wows-fans-in-red-dress/news-story/5e7577faa5b57b70eaa682c59c9c37c3,https://raw.githubusercontent.com/nuancedegreg-blip/Sumup-images/main/images_v6/LM-82306450.jpg
LM-82306451,recovered,bing,https://cdna.artstation.com/p/assets/covers/images/082/512/940/large/reuben-watson-reuben-watson-overwatch-doomfist-adam-smasher-skin-concept-thumb.jpg?1733185811,https://www.artstation.com/artwork/lGzVYY,https://raw.githubusercontent.com/nuancedegreg-blip/Sumup-images/main/images_v6/LM-82306451.jpg
LM-82306459,recovered,bing,https://www.amsl.in/wp-content/uploads/2026/02/apple-iphone-18-pro-max-features-flagship-ai-camera.webp,https://www.amsl.in/apple-iphone-18-pro-max-features-flagship-ai-camera/,https://raw.githubusercontent.com/nuancedegreg-blip/Sumup-images/main/images_v6/LM-82306459.jpg
LM-82328911,recovered,bing,https://logos-world.net/wp-content/uploads/2021/03/Ford-Logo-1965-present.png,https://camera-c.de/ford-font-and-ford-logo-typography/,https://raw.githubusercontent.com/nuancedegreg-blip/Sumup-images/main/images_v6/LM-82328911.jpg
LM-82338779,recovered,bing,https://www.simplyhookedbyjanet.com/wp-content/uploads/2025/02/crochet-mug-cozy-pinjpg-min-512x1024.jpg,https://fity.club/lists/suggestions/free-crochet-mug-cozy-pattern/,https://raw.githubusercontent.com/nuancedegreg-blip/Sumup-images/main/images_v6/LM-82338779.jpg
LM-82338781,recovered,bing,https://slowcookertip.com/wp-content/uploads/2026/05/Lemon-Blueberry-Dump-Cake-Slow-Cooker-768x1152.jpg,https://slowcookertip.com/lemon-blueberry-dump-cake-slow-cooker/,https://raw.githubusercontent.com/nuancedegreg-blip/Sumup-images/main/images_v6/LM-82338781.jpg
LM-82371622,recovered,bing,https://preview.qiantucdn.com/58pic/ali_magnify/z2/c8/Bk/SG/hmd3yp62zojt0r17k9ws5gixcnbevuaf_PIC2018.png!qt1024_2,https://pro.58pic.com/newpic/71429403.html,https://raw.githubusercontent.com/nuancedegreg-blip/Sumup-images/main/images_v6/LM-82371622.jpg
LM-82509556,recovered,bing,https://www.friv.lol/games/images/friv-lol-subway-surfers-london.webp,https://www.friv.lol/es/subway-surfers-easter-edinburgh,https://raw.githubusercontent.com/nuancedegreg-blip/Sumup-images/main/images_v6/LM-82509556.jpg
LM-82509557,recovered,bing,https://m.media-amazon.com/images/I/81EYljeXfKL._AC_SL1500_.jpg,https://www.amazon.ca/GSE-12-Deck-Canasta-Values-Traditional/dp/B0BV14F4Y5,https://raw.githubusercontent.com/nuancedegreg-blip/Sumup-images/main/images_v6/LM-82509557.jpg
LM-82509558,recovered,bing,https://www.schmittwaterproofing.com/wp-content/uploads/2023/02/french-drain-installation-2.jpg,https://dxokftkwc.blob.core.windows.net/french-drain-system-for-retaining-walls.html,https://raw.githubusercontent.com/nuancedegreg-blip/Sumup-images/main/images_v6/LM-82509558.jpg
LM-82547339,no_downloadable_image,bing,https://lookaside.fbsbx.com/lookaside/crawler/media/?media_id=1179616077632556,https://www.facebook.com/menzrestaurant/photos/a.10151740752255914/10155816761220914/,
LM-82547341,recovered,bing,https://earthworks.org/wp-content/uploads/2024/09/Screenshot-2024-08-29-at-9.45.36 AM.png,https://earthworks.org/resources/impacts-of-lithium-mining-to-the-santa-rosa-lagoon-lacustrine-system-salar-de-maricunga/,https://raw.githubusercontent.com/nuancedegreg-blip/Sumup-images/main/images_v6/LM-82547341.jpg
LM-82557396,recovered,bing,https://img.freepik.com/fotos-premium/um-lutador-de-sumo-em-posicao-de-luta-pronto-para-uma-luta-mostrando-a-preparacao-ritual-do-esporte_127746-8089.jpg?w=2000,https://br.freepik.com/fotos-premium/um-lutador-de-sumo-em-posicao-de-luta-pronto-para-uma-luta-mostrando-a-preparacao-ritual-do-esporte_146087576.htm,https://raw.githubusercontent.com/nuancedegreg-blip/Sumup-images/main/images_v6/LM-82557396.jpg
LM-82582730,recovered,bing,https://fdn.gsmarena.com/imgroot/news/26/02/iphone-18-pro-max-selfie-camera-leak/inline/-1200/gsmarena_001.jpg,https://www.gsmarena.com/another_rumor_claims_iphone_18_pro_will_get_an_upgraded_selfie_camera-news-71667.php,https://raw.githubusercontent.com/nuancedegreg-blip/Sumup-images/main/images_v6/LM-82582730.jpg
LM-82582738,no_downloadable_image,bing,https://trademap.com.br/wp-content/uploads/2022/10/shutterstock_1429693409-2.jpg,https://trademap.com.br/agencia/mercados/por-que-o-btg-esta-otimista-com-shoppings-como-multiplan-mult3-e-iguatemi-igti11,
LM-82582740,recovered,bing,https://www.lk-lymphoedema.com/wp-content/uploads/2021/09/hatch-before-and-afterV5-scaled.jpg,https://ar.inspiredpencil.com/pictures-2023/lymphedema-treatment-before-and-after,https://raw.githubusercontent.com/nuancedegreg-blip/Sumup-images/main/images_v6/LM-82582740.jpg
LM-82582742,recovered,bing,https://blogger.googleusercontent.com/img/b/R29vZ2xl/AVvXsEg8qdsXiochV03H8TETMfzRS4cNjzXPGxISp4ATHCjifyMERlZ3v5XN5gJ1ZGHHS9ttOgxnxq-RDqgiYhPucgzlJ2O8IoWmNFFMmnep7JFMbhwsGxNsxCjBydDOfPqdD5Yzr6kLyuePSWg4/s1600/0%252C%252C21591507-EXH%252C00.jpg,https://jcnavegacharge.blogspot.com/2011/08/patropi-fofao-juvenal-socrates-charles.html,https://raw.githubusercontent.com/nuancedegreg-blip/Sumup-images/main/images_v6/LM-82582742.jpg
LM-82582747,recovered,bing,https://i.ytimg.com/vi/i8Q_Bp3EN60/maxresdefault.jpg,https://www.youtube.com/watch?v=i8Q_Bp3EN60,https://raw.githubusercontent.com/nuancedegreg-blip/Sumup-images/main/images_v6/LM-82582747.jpg
LM-82582749,recovered,bing,https://media.istockphoto.com/id/1177378157/photo/julier-pass-road-in-switzerland.jpg?s=612x612&w=0&k=20&c=WbNx_8LLuhMAUR_TDoDVnMhU8yLP-Ux03PRjCy4mo0Y=,https://www.istockphoto.com/photos/julier-pass,https://raw.githubusercontent.com/nuancedegreg-blip/Sumup-images/main/images_v6/LM-82582749.jpg
LM-82582758,recovered,bing,https://www.pngarts.com/files/13/Chamomile-Flower-Transparent-Background.png,https://www.pngarts.com/es/explore/276569,https://raw.githubusercontent.com/nuancedegreg-blip/Sumup-images/main/images_v6/LM-82582758.jpg
LM-82582760,recovered,bing,https://4kwallpapers.com/images/wallpapers/new-york-5k-night-3840x2160-11835.jpg,https://4kwallpapers.com/world/new-york-5k-night-11835.html,https://raw.githubusercontent.com/nuancedegreg-blip/Sumup-images/main/images_v6/LM-82582760.jpg
LM-82582761,recovered,bing,https://image.winudf.com/v2/image1/YWRvYmUuYW5pbWF0ZS5leHBlcnRfc2NyZWVuXzFfMTY4MTk1OTU0NF8wNzQ/screen-1.jpg?h=200&fakeurl=1&type=.jpg,https://apkpure.com/br/adobe-animate-expert/adobe.animate.expert,https://raw.githubusercontent.com/nuancedegreg-blip/Sumup-images/main/images_v6/LM-82582761.jpg
LM-82582762,recovered,bing,https://auctions.morphyauctions.com/ItemImages/000612/24090735_1_lg.jpeg,https://auctions.morphyauctions.com/MOSTLY_WACKY_PACKAGES__STICKERS___PEE_WEE_HERMAN_P-LOT612649.aspx,https://raw.githubusercontent.com/nuancedegreg-blip/Sumup-images/main/images_v6/LM-82582762.jpg
LM-82582763,recovered,bing,https://www.nmpf.org/wp-content/uploads/2018/10/Upstate-Niagara.png,https://www.nmpf.org/about/members/member-cooperatives/,https://raw.githubusercontent.com/nuancedegreg-blip/Sumup-images/main/images_v6/LM-82582763.jpg
LM-82582770,recovered,bing,https://i.ytimg.com/vi/z6XtvDZBkzE/maxresdefault.jpg,https://ar.inspiredpencil.com/pictures-2023/different-colors-of-toyota-fortuner,https://raw.githubusercontent.com/nuancedegreg-blip/Sumup-images/main/images_v6/LM-82582770.jpg
LM-82582775,recovered,bing,https://www.idcide.com/i/mc2/wi/fremont.gif,https://www.idcide.com/citydata/wi/fremont.htm,https://raw.githubusercontent.com/nuancedegreg-blip/Sumup-images/main/images_v6/LM-82582775.jpg
LM-82582776,recovered,bing,https://pre00.deviantart.net/fc6e/th/pre/i/2018/301/4/0/___commission__zandalari_troll_primal_druid____by_shadowpriest-dcqk3cj.jpg,https://www.deviantart.com/shadowpriest/art/Commission-Zandalari-Troll-Primal-Druid-770201587,https://raw.githubusercontent.com/nuancedegreg-blip/Sumup-images/main/images_v6/LM-82582776.jpg
LM-82582777,recovered,bing,https://live.staticflickr.com/7200/6821070164_c8ae5e4430_b.jpg,https://www.flickr.com/photos/davidyuweb/6821070164,https://raw.githubusercontent.com/nuancedegreg-blip/Sumup-images/main/images_v6/LM-82582777.jpg
LM-82582778,recovered,bing,https://i.pinimg.com/736x/ce/0e/87/ce0e87324fe2966353e21461ae8d177d.jpg,https://www.pinterest.com/pin/302656037432851830/,https://raw.githubusercontent.com/nuancedegreg-blip/Sumup-images/main/images_v6/LM-82582778.jpg
LM-82582779,recovered,bing,https://toyota-img.amayama.com/imgjp23/A1/675323B.png,https://www.amayama.com/en/genuine-catalogs/epc/toyota-japan/mark_x/ANA10/33278/body/6709,https://raw.githubusercontent.com/nuancedegreg-blip/Sumup-images/main/images_v6/LM-82582779.jpg
LM-82582780,recovered,bing,https://static1.anpoimages.com/wordpress/wp-content/uploads/2023/04/google-authenticator-cloud-sync-hero.jpg,https://www.androidpolice.com/google-authenticator-is-a-mess/,https://raw.githubusercontent.com/nuancedegreg-blip/Sumup-images/main/images_v6/LM-82582780.jpg
LM-82582782,recovered,bing,https://dogdiscoveries.com/wp-content/uploads/2025/07/fully-vetted.jpg,https://dogdiscoveries.com/glossary/dog-word-of-the-day-fully-vetted/,https://raw.githubusercontent.com/nuancedegreg-blip/Sumup-images/main/images_v6/LM-82582782.jpg
LM-82582785,recovered,bing,https://wallpaperaccess.com/full/1626473.jpg,https://wallpaperaccess.com/halo-ce,https://raw.githubusercontent.com/nuancedegreg-blip/Sumup-images/main/images_v6/LM-82582785.jpg
LM-82582788,recovered,bing,https://iheartcraftythings.com/wp-content/uploads/2022/03/Snow-white-Coloring-Pages-2.png,https://animalia-life.club/qa/pictures/snow-white-printable-coloring-pages,https://raw.githubusercontent.com/nuancedegreg-blip/Sumup-images/main/images_v6/LM-82582788.jpg
LM-82582789,recovered,bing,https://1.bp.blogspot.com/-gTuy6NHAt7g/WbbEFNy_scI/AAAAAAAABGI/MeLxgLHpvy8GyE_p9KhdNnD4Z1x5YlVsACLcBGAs/s1600/Welcome-Back-to-School-Graphic-1lp0lpi-1024x974-1px9sks.jpg,https://englishjoinsus.blogspot.com/2017/09/welcome-back-to-school.html,https://raw.githubusercontent.com/nuancedegreg-blip/Sumup-images/main/images_v6/LM-82582789.jpg
LM-82582790,recovered,bing,https://noticias-ahora.com/wp-content/uploads/2022/01/Mandocas.jpg,https://noticias-ahora.com/receta-tierra-sol-amada-deliciosas-mandocas/,https://raw.githubusercontent.com/nuancedegreg-blip/Sumup-images/main/images_v6/LM-82582790.jpg
LM-82582791,recovered,bing,https://media.sketchfab.com/models/2b276f91d6d84c10938c000a4991849f/thumbnails/487be5e9219c4803841e6ae6cacadf8a/401a1b625c27493cab4f3a2e7d7e99fa.jpeg,https://narodnatribuna.info/lists/suggestions/triangulos-rectangulos/,https://raw.githubusercontent.com/nuancedegreg-blip/Sumup-images/main/images_v6/LM-82582791.jpg
LM-82582794,recovered,bing,https://cdn.britannica.com/35/238335-050-2CB2EB8A/Lionel-Messi-Argentina-Netherlands-World-Cup-Qatar-2022.jpg,https://nandhakum.blogspot.com/2024/10/lionel-messi.html,https://raw.githubusercontent.com/nuancedegreg-blip/Sumup-images/main/images_v6/LM-82582794.jpg
LM-82582796,recovered,bing,https://c8.alamy.com/comp/3BG3WT6/milwaukee-brewers-rhys-hoskins-gets-interviewed-by-sophia-minnaert-left-following-a-baseball-game-against-the-philadelphia-phillies-saturday-may-31-2025-in-philadelphia-ap-photochris-szagola-3BG3WT6.jpg,https://www.alamy.com/milwaukee-brewers-rhys-hoskins-gets-interviewed-by-sophia-minnaert-left-following-a-baseball-game-against-the-philadelphia-phillies-saturday-may-31-2025-in-philadelphia-ap-photochris-szagola-image681124982.html,https://raw.githubusercontent.com/nuancedegreg-blip/Sumup-images/main/images_v6/LM-82582796.jpg
LM-82582799,recovered,bing,https://worksheets.clipart-library.com/images2/kindergarten-history-worksheet/kindergarten-history-worksheet-9.png,https://worksheets.clipart-library.com/worksheet/kindergarten-history-worksheet-9.html,https://raw.githubusercontent.com/nuancedegreg-blip/Sumup-images/main/images_v6/LM-82582799.jpg
LM-82582802,recovered,bing,https://f4.bcbits.com/img/a0055861841_10.jpg,https://gracepotter.bandcamp.com/album/daylight,https://raw.githubusercontent.com/nuancedegreg-blip/Sumup-images/main/images_v6/LM-82582802.jpg
LM-82582803,recovered,bing,"https://static.testo.com/image/upload/c_fill,g_auto,h_600,w_900/f_auto/q_auto/v1/HQ/testo-saveris-2-whitepaper-food-safety-2000x1500px-de",https://www.testo.com/de-AT/saveris/downloads/food-whitepaper-temperaturemonitoring-saveris2-registration,https://raw.githubusercontent.com/nuancedegreg-blip/Sumup-images/main/images_v6/LM-82582803.jpg
LM-82582804,recovered,bing,https://i.pinimg.com/originals/8c/d2/ea/8cd2ea8698891a8308f5142bf372b738.jpg,https://www.pinterest.com/pin/827606869005686958/,https://raw.githubusercontent.com/nuancedegreg-blip/Sumup-images/main/images_v6/LM-82582804.jpg
LM-82582805,recovered,bing,https://img.freepik.com/fotos-premium/mezquita-meca-interior-pilares-decoracion_21730-927.jpg,https://www.freepik.es/fotos-premium/mezquita-meca-interior-pilares-decoracion_1938322.htm,https://raw.githubusercontent.com/nuancedegreg-blip/Sumup-images/main/images_v6/LM-82582805.jpg
LM-82582808,recovered,bing,https://bogota.gov.co/sites/default/files/styles/max_1300x1300/public/2019-12/-transmilenio-para-ninos.jpg,https://bogota.gov.co/ninos-y-ninas/movilidad/informacion-de-transmilenio-para-ninos,https://raw.githubusercontent.com/nuancedegreg-blip/Sumup-images/main/images_v6/LM-82582808.jpg
LM-82582810,recovered,bing,https://minimalistmama.co/wp-content/uploads/2023/05/baby-girl-names-with-nicknames-list.png,https://minimalistmama.co/baby-names/girl-names-with-nicknames,https://raw.githubusercontent.com/nuancedegreg-blip/Sumup-images/main/images_v6/LM-82582810.jpg
LM-82582812,recovered,bing,https://www.androidauthority.com/wp-content/uploads/2019/06/Samsung-Logo-History-scaled.jpg,https://www.animalia-life.club/qa/pictures/samsung-logo-history,https://raw.githubusercontent.com/nuancedegreg-blip/Sumup-images/main/images_v6/LM-82582812.jpg
LM-82582814,recovered,bing,https://www.yesware.com/blog/_next/image/?url=https:%2F%2Fwww.yesware.com%2Fwp-content%2Fuploads%2F2021%2F03%2Fyesware-using-linkedin-for-sales-annonymous.png&w=1280&q=75,https://www.yesware.com/blog/using-linkedin-for-sales/,https://raw.githubusercontent.com/nuancedegreg-blip/Sumup-images/main/images_v6/LM-82582814.jpg
LM-82582823,recovered,bing,https://i.pinimg.com/originals/eb/d3/78/ebd3784aedd5c3a55856938e5cf1f514.jpg,https://www.pinterest.com/pin/dora-saves-fairytale-land-w-boots--397653842112992689/,https://raw.githubusercontent.com/nuancedegreg-blip/Sumup-images/main/images_v6/LM-82582823.jpg
LM-82582824,recovered,bing,https://www.ctrl.blog/media/image/gnome-weather-api-outage.png,https://www.ctrl.blog/entry/gnome-apps-web-api.html,https://raw.githubusercontent.com/nuancedegreg-blip/Sumup-images/main/images_v6/LM-82582824.jpg
LM-82582838,recovered,bing,https://media.istockphoto.com/id/650368602/photo/dream-ballet.jpg?s=170667a&w=0&k=20&c=lm0LL9lidinTynsqt-YNUyBraWdNV8LAo2qQVTf2mXI=,https://www.istockphoto.com/photo/dream-ballet-gm650368602-118226611,https://raw.githubusercontent.com/nuancedegreg-blip/Sumup-images/main/images_v6/LM-82582838.jpg
LM-82582839,recovered,bing,https://png.pngtree.com/png-clipart/20250119/original/pngtree-cute-cartoon-whale-clipart-illustration-png-image_19791262.png,https://ar.inspiredpencil.com/pictures-2023/ballena-animada-realista,https://raw.githubusercontent.com/nuancedegreg-blip/Sumup-images/main/images_v6/LM-82582839.jpg
LM-82582840,recovered,bing,https://www.kindergartenteacherresources.com/wp-content/uploads/2020/03/Kindergarten-Graduation-Quote-6-2048x1583.jpeg,https://www.kindergartenteacherresources.com/kindergarten-graduation-quotes/,https://raw.githubusercontent.com/nuancedegreg-blip/Sumup-images/main/images_v6/LM-82582840.jpg
LM-82582843,recovered,bing,https://geekymedics.com/wp-content/uploads/2021/10/Figure-4-Anatomical-planes-of-the-human-body-940x963.jpg,https://geekymedics.com/anatomical-planes/,https://raw.githubusercontent.com/nuancedegreg-blip/Sumup-images/main/images_v6/LM-82582843.jpg
LM-82582850,recovered,bing,https://wallpapercave.com/wp/wp4588762.jpg,https://wallpapercave.com/blue-ocean-aesthetic-wallpapers,https://raw.githubusercontent.com/nuancedegreg-blip/Sumup-images/main/images_v6/LM-82582850.jpg
LM-82582859,recovered,bing,https://i.pinimg.com/originals/02/68/23/02682388a233202e976e1a6a1fbbb988.jpg,https://www.artofit.org/particle/966162926307113858/nakshatra-table-with-names-and-numbers/,https://raw.githubusercontent.com/nuancedegreg-blip/Sumup-images/main/images_v6/LM-82582859.jpg
LM-82582862,no_downloadable_image,bing,https://lookaside.fbsbx.com/lookaside/crawler/media/?media_id=534792338451741,https://www.facebook.com/vintagebeautyms/,
LM-82582864,recovered,bing,https://live.staticflickr.com/70/214693041_e7de472c77_b.jpg,https://www.flickr.com/photos/northernpix/214693041/,https://raw.githubusercontent.com/nuancedegreg-blip/Sumup-images/main/images_v6/LM-82582864.jpg
LM-82582866,recovered,bing,https://static0.gamerantimages.com/wordpress/wp-content/uploads/2026/04/battlefield-6-season-4-2.jpg?q=49&fit=crop&w=528&h=374&dpr=2,https://gamerant.com/battlefield-6-season-4-naval-combat-preview/,https://raw.githubusercontent.com/nuancedegreg-blip/Sumup-images/main/images_v6/LM-82582866.jpg
LM-82582871,recovered,bing,https://mediaim.expedia.com/destination/1/ab4ee70ce075afa8b339baf4388d869b.jpg?impolicy=fcrop&w=1040&h=580&q=mediumHigh,https://www.expedia.com/Iqaluit.dx3934,https://raw.githubusercontent.com/nuancedegreg-blip/Sumup-images/main/images_v6/LM-82582871.jpg
LM-82582872,recovered,bing,https://i.etsystatic.com/49082079/r/il/90effc/6117180146/il_1588xN.6117180146_a27e.jpg,https://www.etsy.com/listing/1750057147/high-blood-pressure-diet-food-list,https://raw.githubusercontent.com/nuancedegreg-blip/Sumup-images/main/images_v6/LM-82582872.jpg
LM-82582875,recovered,bing,https://m.media-amazon.com/images/I/61TWgUhC6TL._SL1000_.jpg,https://www.amazon.com/General-Organic-Biochemistry-Katherine-Denniston/dp/0078021545,https://raw.githubusercontent.com/nuancedegreg-blip/Sumup-images/main/images_v6/LM-82582875.jpg
LM-82582876,recovered,bing,https://img.freepik.com/vetores-premium/um-desenho-de-garrafas-de-agua-e-a-palavra-dieta-sobre-ele_624650-796.jpg,https://br.freepik.com/vetores-premium/um-desenho-de-garrafas-de-agua-e-a-palavra-dieta-sobre-ele_233410994.htm,https://raw.githubusercontent.com/nuancedegreg-blip/Sumup-images/main/images_v6/LM-82582876.jpg
LM-82582877,recovered,bing,https://www.bizappln.com/blog/content/images/size/w2000/2025/09/Top-15-reasons-HR-choose-Zoho-HRMS-over-other-HRMS-Software.png,https://www.bizappln.com/blog/top-15-reasons-hr-choose-zoho-hrms-over-other-hrms-software/,https://raw.githubusercontent.com/nuancedegreg-blip/Sumup-images/main/images_v6/LM-82582877.jpg
LM-82582882,recovered,bing,https://static0.gamerantimages.com/wordpress/wp-content/uploads/2024/12/mixcollage-06-dec-2024-03-09-pm-3912.jpg,https://gamerant.com/rocket-league-season-17-extension-s18-teaser-crossbar-ping/,https://raw.githubusercontent.com/nuancedegreg-blip/Sumup-images/main/images_v6/LM-82582882.jpg
LM-82582889,recovered,bing,https://asiapacificreport.nz/wp-content/uploads/2022/10/GBV-Post-Courier-680wide.png,https://asiapacificreport.nz/2022/10/06/png-daily-post-courier-joins-fight-against-gender-based-violence/,https://raw.githubusercontent.com/nuancedegreg-blip/Sumup-images/main/images_v6/LM-82582889.jpg
LM-82582890,recovered,bing,https://images.bibelotandco.fr/uploads/images/ancien-chariot-de-western-cowboy-wagon-master-en-tole-trademark-modern-toy_imgx500_7100.jpg,https://www.bibelotandco.fr/ancien-chariot-de-western-cowboy-wagon-master-en-tole-trademark-modern-toy-188165,https://raw.githubusercontent.com/nuancedegreg-blip/Sumup-images/main/images_v6/LM-82582890.jpg
LM-82582892,recovered,bing,https://i.pinimg.com/originals/90/a4/44/90a44485def635ee21b3b45a7ae1ffee.png,https://korsvoll98.blogspot.com/2023/04/chest-workout-routine-at-home.html,https://raw.githubusercontent.com/nuancedegreg-blip/Sumup-images/main/images_v6/LM-82582892.jpg
LM-82582893,recovered,bing,https://www.wardsrental.com/wp-content/uploads/2018/08/stand-on-skid-auger.jpeg,https://ceemogqf.blob.core.windows.net/stand-on-mini-skid-steer-auger-rental.html,https://raw.githubusercontent.com/nuancedegreg-blip/Sumup-images/main/images_v6/LM-82582893.jpg
LM-82582894,recovered,bing,https://newaypools.com/wp-content/uploads/2025/12/garden-reflecting-pool-image-3.jpg,https://newaypools.com/garden-reflecting-pool/,https://raw.githubusercontent.com/nuancedegreg-blip/Sumup-images/main/images_v6/LM-82582894.jpg
LM-82582898,recovered,bing,https://i.pinimg.com/originals/c4/3b/37/c43b37dc131ff8d7d1dd011d66a9f6be.jpg,https://storage.googleapis.com/dtvbhnwkchqeie/quinta-do-lago-resort-map.html,https://raw.githubusercontent.com/nuancedegreg-blip/Sumup-images/main/images_v6/LM-82582898.jpg
LM-82582903,recovered,bing,https://www.americanbankingnews.com/logos/old-dominion-freight-line-logo.jpg,https://www.marketbeat.com/stocks/NASDAQ/ODFL/,https://raw.githubusercontent.com/nuancedegreg-blip/Sumup-images/main/images_v6/LM-82582903.jpg
LM-82582904,recovered,bing,https://images-na.ssl-images-amazon.com/images/I/A1cpuLiEyUL._AC_SL1500_.jpg,https://storage.googleapis.com/mavexorlin/lisa-frank-coloring-books-vintage.html,https://raw.githubusercontent.com/nuancedegreg-blip/Sumup-images/main/images_v6/LM-82582904.jpg
LM-82583002,recovered,bing,https://media.gettyimages.com/id/130314727/photo/grammy-style-studio-day-three.jpg?s=594x594&w=gi&k=20&c=m7Q9SFQo-LrhjyY9GzL-pzXvbDVHxsO0ec7fel7nciY=,https://www.gettyimages.com/detail/news-photo/natalie-stewart-of-floetry-at-isabellas-soul-during-grammy-news-photo/130314727,https://raw.githubusercontent.com/nuancedegreg-blip/Sumup-images/main/images_v6/LM-82583002.jpg
LM-82583003,recovered,bing,https://static-ca-cdn.eporner.com/gallery/S7/ok/HP1ADGRokS7/26400-very-hot-girl-beautiful-body-perfect-pussy.jpg,https://es.eporner.com/foto/HP1ADGRokS7/Very-hot-girl-beautiful-body-perfect-pussy/,https://raw.githubusercontent.com/nuancedegreg-blip/Sumup-images/main/images_v6/LM-82583003.jpg
LM-82583004,no_downloadable_image,bing,http://mountainx.com/wp-content/uploads/2015/02/237A9011-1100x733.jpg,https://mountainx.com/food/star-quality-an-interview-with-katie-button/,
LM-82583006,recovered,bing,https://www.voyagetips.com/wp-content/uploads/2023/03/Trevi-fountain-by-night-1536x1034.jpg,https://www.voyagetips.com/en/trevi-fountain/,https://raw.githubusercontent.com/nuancedegreg-blip/Sumup-images/main/images_v6/LM-82583006.jpg
LM-82583007,recovered,bing,https://wallpapercave.com/wp/wp4202090.jpg,https://wallpapercave.com/lencois-maranhenses-national-park-wallpapers,https://raw.githubusercontent.com/nuancedegreg-blip/Sumup-images/main/images_v6/LM-82583007.jpg
LM-82583010,recovered,bing,https://i.pinimg.com/originals/f1/11/e9/f111e90f448077f8735e13b37ff32000.jpg,https://br.pinterest.com/brunosoldierbro/saci/,https://raw.githubusercontent.com/nuancedegreg-blip/Sumup-images/main/images_v6/LM-82583010.jpg
LM-82583017,recovered,bing,https://static-ca-cdn.eporner.com/photos/541037.jpg,https://www.eporner.com/photo/YIMyVb8ncXZ/Riley-Anne/,https://raw.githubusercontent.com/nuancedegreg-blip/Sumup-images/main/images_v6/LM-82583017.jpg
LM-82583019,recovered,bing,https://quatrorodas.abril.com.br/wp-content/uploads/2023/07/1FLP4651-e1690995730217.jpg?quality=70&strip=info,https://quatrorodas.abril.com.br/testes/gwm-haval-h6-precos-equipamentos-desempenho-e-consumo-de-cada-versao/,https://raw.githubusercontent.com/nuancedegreg-blip/Sumup-images/main/images_v6/LM-82583019.jpg
LM-82583021,recovered,bing,https://windows10spotlight.com/wp-content/uploads/2026/05/5c3e8d46015cbcb170ae857f27155f08.jpg,https://windows10spotlight.com/images/41320,https://raw.githubusercontent.com/nuancedegreg-blip/Sumup-images/main/images_v6/LM-82583021.jpg
LM-82583029,recovered,bing,https://i.pinimg.com/originals/a3/4e/12/a34e12371ea11b77d8b265f74a26fde7.jpg,https://www.artofit.org/image-gallery/694328467572906337/backstreet-boys-greatest-hits-full-album-best-songs-of-backstreet-boys/,https://raw.githubusercontent.com/nuancedegreg-blip/Sumup-images/main/images_v6/LM-82583029.jpg
LM-82583030,recovered,bing,https://www.attractionscanada.com/images/bg9.jpg,https://www.attractionscanada.com/Nunavut/Nunatta-Sunakkutaangit-Museum.asp,https://raw.githubusercontent.com/nuancedegreg-blip/Sumup-images/main/images_v6/LM-82583030.jpg
LM-82583031,recovered,bing,https://s3-media0.fl.yelpcdn.com/bphoto/6EtoG7OxHreq_bxv_kycYQ/258s.jpg,https://www.yelp.com/biz/heritage-deli-and-cafe-southbury,https://raw.githubusercontent.com/nuancedegreg-blip/Sumup-images/main/images_v6/LM-82583031.jpg
LM-82583034,recovered,bing,https://i.ytimg.com/vi/6_GjxLlBMQ0/maxresdefault.jpg,https://www.youtube.com/watch?v=6_GjxLlBMQ0,https://raw.githubusercontent.com/nuancedegreg-blip/Sumup-images/main/images_v6/LM-82583034.jpg
LM-82583036,recovered,bing,https://http2.mlstatic.com/D_NQ_NP_817155-MLB83378848442_042025-O.webp,https://www.mercadolivre.com.br/emblema-adesivo-tampa-traseira-meriva-20092012-original-gm/up/MLBU2667049615,https://raw.githubusercontent.com/nuancedegreg-blip/Sumup-images/main/images_v6/LM-82583036.jpg
LM-82583042,recovered,bing,https://images8.alphacoders.com/128/1286605.jpg,https://wall.alphacoders.com/big.php?i=1286605,https://raw.githubusercontent.com/nuancedegreg-blip/Sumup-images/main/images_v6/LM-82583042.jpg
LM-82583044,recovered,bing,https://i.pinimg.com/originals/6e/a8/4e/6ea84e86d7e275df29077d5450a4fb8b.jpg,https://ruangbelajar-701.blogspot.com/2019/05/anime-art-styles.html,https://raw.githubusercontent.com/nuancedegreg-blip/Sumup-images/main/images_v6/LM-82583044.jpg
LM-82583049,recovered,bing,https://upload.wikimedia.org/wikipedia/commons/thumb/4/4a/France_Japan_Locator.png/500px-France_Japan_Locator.png,https://fr.wikipedia.org/wiki/Relations_entre_la_France_et_le_Japon,https://raw.githubusercontent.com/nuancedegreg-blip/Sumup-images/main/images_v6/LM-82583049.jpg
LM-82583051,recovered,bing,https://3.bp.blogspot.com/-_sCEg-ub_sQ/XLQZh8zaLVI/AAAAAAABWSI/rM6lYL1UE5o0y2mpw-0tktmF1fMeOB8tgCEwYBhgL/s1600/FB_IMG_1517153862897.jpg,https://hindutemples-india.blogspot.com/2019/04/Bhimashankar-temple-maharashtra.html,https://raw.githubusercontent.com/nuancedegreg-blip/Sumup-images/main/images_v6/LM-82583051.jpg
LM-82583063,recovered,bing,https://weighttraining.guide/wp-content/uploads/2016/05/Dumbbell-Alternate-Biceps-Curl-resized.png,https://weighttraining.guide/exercises/dumbbell-curl/,https://raw.githubusercontent.com/nuancedegreg-blip/Sumup-images/main/images_v6/LM-82583063.jpg
LM-82583064,recovered,bing,https://img-s-msn-com.akamaized.net/tenant/amp/entityid/AA2aiQbp.img?w=3868&h=2176&m=4&q=84,https://www.msn.com/en-in/food-and-drink/world-cuisines/a-chennai-thali-explores-south-india-s-regional-depth/ar-AA2ajjUN,https://raw.githubusercontent.com/nuancedegreg-blip/Sumup-images/main/images_v6/LM-82583064.jpg
LM-82583071,recovered,bing,https://i.ytimg.com/vi/KbHJL759XH8/maxresdefault.jpg,https://www.youtube.com/watch?v=KbHJL759XH8,https://raw.githubusercontent.com/nuancedegreg-blip/Sumup-images/main/images_v6/LM-82583071.jpg
LM-82583072,recovered,bing,https://i1.sndcdn.com/avatars-000111690510-171wnl-t500x500.jpg,https://soundcloud.com/m-a-kernerov,https://raw.githubusercontent.com/nuancedegreg-blip/Sumup-images/main/images_v6/LM-82583072.jpg
LM-82583073,recovered,bing,https://www.diy-magazine.com/wp-content/uploads/2025/11/coloring-page-flower-pattern-coloring-pages-1764083333.jpg,https://www.diy-magazine.com/coloring-pages/flower-pattern-coloring-page/,https://raw.githubusercontent.com/nuancedegreg-blip/Sumup-images/main/images_v6/LM-82583073.jpg
LM-82583076,recovered,bing,https://cdn.entertainmentdaily.com/uploads/2022/01/Screenshot-2022-01-28-at-15.19.47.png,https://www.entertainmentdaily.com/tv/the-sinner-season-3-recap-what-happened-and-who-starred-in-the-netflix-crime-drama/,https://raw.githubusercontent.com/nuancedegreg-blip/Sumup-images/main/images_v6/LM-82583076.jpg
LM-82583079,recovered,bing,https://r34i.paheal-cdn.net/51/5b/515b7fbb31c2e4ba49dab44f9d1b2241,https://rule34.paheal.net/post/view/5352174,https://raw.githubusercontent.com/nuancedegreg-blip/Sumup-images/main/images_v6/LM-82583079.jpg
LM-82583084,recovered,bing,http://scorpiondoorstop.com/uploads/3/4/6/9/34694718/key-card-picture_orig.jpg,https://www.scorpiondoorstop.com/rfid-key-cards.html,https://raw.githubusercontent.com/nuancedegreg-blip/Sumup-images/main/images_v6/LM-82583084.jpg
LM-82583110,recovered,bing,https://www.momsandmunchkins.ca/wp-content/uploads/2018/05/game-night-ideas.jpg,https://storage.googleapis.com/dihqvzrjojeote/family-game-night-ideas-diy.html,https://raw.githubusercontent.com/nuancedegreg-blip/Sumup-images/main/images_v6/LM-82583110.jpg
LM-82583111,no_downloadable_image,bing,https://www.liveworksheets.com/sites/default/files/styles/worksheet/public/def_files/new/2024/5/13/8147534/8147534002.jpg?itok=AIZ38i9J,https://www.liveworksheets.com/worksheet/es/matematicas/7696699,
LM-82583112,recovered,bing,https://heatherlight.com/img/image1_raised-bathroom-floor-ideas_section-elevated-bathtub-platforms.jpg,https://heatherlight.com/blog/raised-bathroom-floor-ideas/,https://raw.githubusercontent.com/nuancedegreg-blip/Sumup-images/main/images_v6/LM-82583112.jpg
LM-82583114,recovered,bing,https://www.tourismecote-nord.com/fichiersUploadOpt/1400-0-0-0-4928-3264-0-0-2716d3830bfe261ac9c32978b4b3364f15281ebb79849df5b/20191022100400-dsc-2849-2.jpg,https://www.tourismecote-nord.com/fr/blogue/2021/09/25/j-aime-tadoussac/,https://raw.githubusercontent.com/nuancedegreg-blip/Sumup-images/main/images_v6/LM-82583114.jpg
LM-82583115,recovered,bing,https://images.fineartamerica.com/images/artworkimages/mediumlarge/2/aurora-borealis-over-iceland-gnther-egger.jpg,https://pixels.com/featured/aurora-borealis-over-iceland-gnther-egger.html,https://raw.githubusercontent.com/nuancedegreg-blip/Sumup-images/main/images_v6/LM-82583115.jpg
LM-82598295,recovered,bing,https://i.etsystatic.com/19750816/r/il/117c65/3296808108/il_fullxfull.3296808108_aqg9.jpg,https://www.animalia-life.club/qa/pictures/original-spiderman-costume,https://raw.githubusercontent.com/nuancedegreg-blip/Sumup-images/main/images_v6/LM-82598295.jpg
LM-82609941,recovered,bing,https://tbcdn.talentbrew.com/company/152/cms/v4_0/img/location_cleveland/cleveland-v1.webp,https://jobs.baxter.com/en/locations?source=rd_linkedin_jobposting,https://raw.githubusercontent.com/nuancedegreg-blip/Sumup-images/main/images_v6/LM-82609941.jpg
LM-82620216,recovered,bing,https://ist7-2.filesor.com/pimpandhost.com/3/0/1/9/301943/g/6/C/d/g6Cd9/98BE922.jpg,https://pimpandhost.com/album/137118243,https://raw.githubusercontent.com/nuancedegreg-blip/Sumup-images/main/images_v6/LM-82620216.jpg
LM-82620217,recovered,bing,https://gridinsoft.ua/img/og/report/nudeyoung-info.jpeg,https://gridinsoft.ua/online-virus-scanner/url/nudeyoung-info,https://raw.githubusercontent.com/nuancedegreg-blip/Sumup-images/main/images_v6/LM-82620217.jpg
LM-82645826,recovered,bing,https://cdn-images.dzcdn.net/images/cover/4e43c45c5971a0da0097789b322cd331/1900x1900-000000-80-0-0.jpg,https://fity.club/lists/suggestions/Sublime-Album-Cover/,https://raw.githubusercontent.com/nuancedegreg-blip/Sumup-images/main/images_v6/LM-82645826.jpg
LM-82661565,recovered,bing,https://i.pinimg.com/originals/fd/08/84/fd08843487105fd0da6e7df51d8482d7.jpg,https://www.artofit.org/image-gallery/815503445048365000/interiors-of-the-lodge-rooms/,https://raw.githubusercontent.com/nuancedegreg-blip/Sumup-images/main/images_v6/LM-82661565.jpg
LM-82661573,recovered,bing,https://media.bizj.us/view/img/12137053/norfolk-southern-bs12*900xx8256-4644-0-430.jpg,https://www.bizjournals.com/atlanta/news/2021/11/03/norfolk-southern-moves-into-new-headquarters.html,https://raw.githubusercontent.com/nuancedegreg-blip/Sumup-images/main/images_v6/LM-82661573.jpg
LM-82671835,recovered,bing,https://www.phillipscollection.com/images/gallery/7d58dd4c289909bd7577677b126c47b1.jpg,https://www.phillipscollection.com/gallery-showrooms-and-tradeshows/las-vegas-market-winter-2026/,https://raw.githubusercontent.com/nuancedegreg-blip/Sumup-images/main/images_v6/LM-82671835.jpg
LM-82709661,recovered,bing,https://www.liceubarcelona.cat/sites/default/files/styles/2024_galleries/public/2024-05/Torre_Somnis_Liceu_07.jpg?itok=84ceyTlx,https://www.liceubarcelona.cat/es/la-torre-dels-somnis,https://raw.githubusercontent.com/nuancedegreg-blip/Sumup-images/main/images_v6/LM-82709661.jpg
LM-82751497,recovered,bing,https://www.webaa.net/wp-content/uploads/2024/01/os-arborigenes-australianos.webp,https://havenacres.org/aborigenes-cultura-curiosidades-e-historia-resumo/,https://raw.githubusercontent.com/nuancedegreg-blip/Sumup-images/main/images_v6/LM-82751497.jpg
LM-82751505,no_downloadable_image,bing,https://static.planetminecraft.com/files/resource_media/preview/1932/delphronzookeeper-1565240314_minecraft_skin-12336712.jpg,https://www.planetminecraft.com/skins/tag/zookeeper/,
LM-82751508,recovered,bing,"https://images-wixmp-ed30a86b8c4ca887773594c2.wixmp.com/f/7a8742e0-979c-4d80-962b-3538ad18aa10/dj8qz8n-d805e11c-0987-4ff7-beee-68dcb1d94fc7.jpg/v1/fill/w_1032,h_774,q_70,strp/latex_ropes_by_bumblebee3005_dj8qz8n-pre.jpg?token=eyJ0eXAiOiJKV1QiLCJhbGciOiJIUzI1NiJ9.eyJzdWIiOiJ1cm46YXBwOjdlMGQxODg5ODIyNjQzNzNhNWYwZDQxNWVhMGQyNmUwIiwiaXNzIjoidXJuOmFwcDo3ZTBkMTg4OTgyMjY0MzczYTVmMGQ0MTVlYTBkMjZlMCIsIm9iaiI6W1t7ImhlaWdodCI6Ijw9OTYwIiwicGF0aCI6IlwvZlwvN2E4NzQyZTAtOTc5Yy00ZDgwLTk2MmItMzUzOGFkMThhYTEwXC9kajhxejhuLWQ4MDVlMTFjLTA5ODctNGZmNy1iZWVlLTY4ZGNiMWQ5NGZjNy5qcGciLCJ3aWR0aCI6Ijw9MTI4MCJ9XV0sImF1ZCI6WyJ1cm46c2VydmljZTppbWFnZS5vcGVyYXRpb25zIl19.8SOg9agnAyhwrMyOGgS9kYhoihoYhymrab-Q-788XGY",https://www.deviantart.com/bumblebee3005/art/Latex-Ropes-1163552999,https://raw.githubusercontent.com/nuancedegreg-blip/Sumup-images/main/images_v6/LM-82751508.jpg
LM-82751510,recovered,bing,https://i.pinimg.com/originals/66/d9/d3/66d9d3607c7005d94612b6e30ab6df6c.jpg,https://cl.pinterest.com/pin/731131320776400080/,https://raw.githubusercontent.com/nuancedegreg-blip/Sumup-images/main/images_v6/LM-82751510.jpg
LM-82754517,recovered,bing,https://futbolete.com/wp-content/uploads/2024/01/atletico-nacional-camiseta-2024.png,https://futbolete.com/ohnacional-com/la-nueva-camiseta-de-atletico-nacional-en-detalle/885828/,https://raw.githubusercontent.com/nuancedegreg-blip/Sumup-images/main/images_v6/LM-82754517.jpg
LM-82754520,recovered,bing,https://image.winudf.com/v2/image1/Y29tLm9ubGluZS5nYW1lczEwMDBfc2NyZWVuXzBfMTY5NzE1ODgwN18wODA/screen-0.jpg?fakeurl=1&type=.jpg,https://fity.club/lists/suggestions/crazy-games/,https://raw.githubusercontent.com/nuancedegreg-blip/Sumup-images/main/images_v6/LM-82754520.jpg
LM-82754527,recovered,bing,https://res.cloudinary.com/liaison-inc/image/upload/f_auto/q_auto/v1674234184/content/homeguide/homeguide-new-oven-stove-installed-in-a-home-kitchen.jpg,https://ar.inspiredpencil.com/pictures-2023/cooking-ovens-for-homes,https://raw.githubusercontent.com/nuancedegreg-blip/Sumup-images/main/images_v6/LM-82754527.jpg
LM-82754528,recovered,bing,https://yt3.googleusercontent.com/3s6evpqAiDU9tQR4sC2siJippbH2RWVPnwHgyl4V0th2iuQz0VDQZbUhQBGmsxLYo-mjG6TqZQ=s900-c-k-c0x00ffffff-no-rj,https://www.youtube.com/youtube,https://raw.githubusercontent.com/nuancedegreg-blip/Sumup-images/main/images_v6/LM-82754528.jpg
LM-82754533,recovered,bing,https://d2gfz7wkiigkmv.cloudfront.net/pickin/2/7/5/WkXeV_vNR2KeutI3ZgYxkw,https://www.wishbucket.io/items/3014678,https://raw.githubusercontent.com/nuancedegreg-blip/Sumup-images/main/images_v6/LM-82754533.jpg
LM-82799954,recovered,bing,https://media.istockphoto.com/id/157588926/id/foto/belalang-yang-indah-makan-daun.jpg?s=1024x1024&w=is&k=20&c=fwn8oj8EdN8QrSZ3zNaAZDHp6UzR0xK7eMZbo9Z81os=,https://www.istockphoto.com/id/foto/belalang-yang-indah-makan-daun-gm157588926-12586201,https://raw.githubusercontent.com/nuancedegreg-blip/Sumup-images/main/images_v6/LM-82799954.jpg
LM-82800004,recovered,bing,https://mcpedb.com/wp-content/uploads/2019/06/Fortnite-Heroes-SkinPack2-1024x574.jpg,https://mcpedb.com/fortnite-heroes-skinpack/,https://raw.githubusercontent.com/nuancedegreg-blip/Sumup-images/main/images_v6/LM-82800004.jpg
LM-82826264,recovered,bing,https://www.udep.edu.pe/hoy/wp-content/uploads/sites/49/2025/12/Lip-Zegarra.png,https://www.udep.edu.pe/hoy/2025/12/la-bicameralidad-permitira-menos-proyectos-aprobados-pero-mas-reflexivos/,https://raw.githubusercontent.com/nuancedegreg-blip/Sumup-images/main/images_v6/LM-82826264.jpg
LM-82857313,recovered,bing,https://www.vino.vi/cdn/shop/products/OTGfigs_2_7af84f8f-7eb4-4501-9ecd-7dc6e2e87106_850x.jpg?v=1585684160,https://www.vino.vi/products/oxy-iso-vein-finder-glasses-over-the-glasses-frames,https://raw.githubusercontent.com/nuancedegreg-blip/Sumup-images/main/images_v6/LM-82857313.jpg
LM-82857322,recovered,bing,https://cdn3.i-scmp.com/sites/default/files/images/methode/2019/01/19/18d40cfa-1a07-11e9-8ff8-c80f5203e5c9_image_hires_040038.jpg,https://www.scmp.com/magazines/style/news-trends/article/2182493/louis-vuittons-virgil-abloh-makes-suit-and-tie-stuff,https://raw.githubusercontent.com/nuancedegreg-blip/Sumup-images/main/images_v6/LM-82857322.jpg
LM-82857324,recovered,bing,https://i.gifer.com/origin/d4/d48a92ed949344534f1f7f81ed1068a5_w200.gif,https://gifer.com/en/gifs/mfm,https://raw.githubusercontent.com/nuancedegreg-blip/Sumup-images/main/images_v6/LM-82857324.jpg
LM-82857326,recovered,bing,https://viralizou.net/wp-content/uploads/2024/08/Quem-e-Lito-Sousa-influencer-de-aviacao-que-explica-acidentes-como-o-da-VoePass-1120x630.png,https://viralizou.net/internet/quem-e-lito-sousa/,https://raw.githubusercontent.com/nuancedegreg-blip/Sumup-images/main/images_v6/LM-82857326.jpg
LM-82893797,recovered,bing,https://www.lift-it.com/images/thumbs/0203252_crosby-jaw-jaw-turnbuckle-hg-228.jpeg,https://www.lift-it.com/crosby-jaw-jaw-turnbuckle-hg-228,https://raw.githubusercontent.com/nuancedegreg-blip/Sumup-images/main/images_v6/LM-82893797.jpg
LM-83151234,recovered,bing,https://i.pinimg.com/originals/a7/a4/fc/a7a4fcf82fe0d2773cafc4f48b022843.png,https://www.pinterest.com/pin/362680576261605982/,https://raw.githubusercontent.com/nuancedegreg-blip/Sumup-images/main/images_v6/LM-83151234.jpg
LM-83185611,recovered,bing,https://dzfast.com/storage/products/dzfastFRAME OPPO A74 4G 2021.webp,https://dzfast.com/category/oppo-a74-4g/cache-arrier-oppo-a74-4g,https://raw.githubusercontent.com/nuancedegreg-blip/Sumup-images/main/images_v6/LM-83185611.jpg
LM-83242416,recovered,bing,https://i.pinimg.com/736x/32/27/6f/32276fb3d7f8c3b524941d76d2ae1e74.jpg,https://es.pinterest.com/pin/floral-borders-and-frames--470907704810822493/,https://raw.githubusercontent.com/nuancedegreg-blip/Sumup-images/main/images_v6/LM-83242416.jpg
LM-83242418,recovered,bing,https://www.eccobandeiras.com.br/image/cache/catalog/antigas/natal-1111x740.jpg,https://www.eccobandeiras.com.br/bandeira-da-cidade-de-natal,https://raw.githubusercontent.com/nuancedegreg-blip/Sumup-images/main/images_v6/LM-83242418.jpg
LM-83242420,recovered,bing,https://static.jetfarma.com.br/media/catalog/product/cache/928a8c279c399d896117ba62b5912c8a/s/u/sulfato-de-neomicina-_-bacitracina-pomada-com-15g_3.jpg,https://www.princesadonorteonline.com.br/sulf-neomicina-bacitracina-zincica-5mg-20g.html,https://raw.githubusercontent.com/nuancedegreg-blip/Sumup-images/main/images_v6/LM-83242420.jpg
LM-83242421,recovered,bing,https://c8.alamy.com/comp/2M43C77/argentina-goalkeeper-emiliano-martinez-saves-a-penalty-kick-from-frances-kingsley-coman-in-the-penalty-shoot-out-after-extra-time-during-the-fifa-world-cup-final-at-lusail-stadium-qatar-picture-date-sunday-december-18-2022-2M43C77.jpg,https://www.alamy.com/argentina-goalkeeper-emiliano-martinez-saves-a-penalty-kick-from-frances-kingsley-coman-in-the-penalty-shoot-out-after-extra-time-during-the-fifa-world-cup-final-at-lusail-stadium-qatar-picture-date-sunday-december-18-2022-image501634763.html,https://raw.githubusercontent.com/nuancedegreg-blip/Sumup-images/main/images_v6/LM-83242421.jpg
LM-83242422,recovered,bing,https://portaltelemedicina.com.br/wp-content/uploads/2024/08/tabelta-codigos-cid-portal-telemedicina-1536x1371.png,https://portaltelemedicina.com.br/o-que-e-cid-classificacao-internacional-doencas,https://raw.githubusercontent.com/nuancedegreg-blip/Sumup-images/main/images_v6/LM-83242422.jpg
LM-83242423,recovered,bing,https://img.siterank.app/topic/catherine-o-hara-weight-loss.png,https://qaqooking.wiki/all/how-to/catherine-o'hara-elsevier,https://raw.githubusercontent.com/nuancedegreg-blip/Sumup-images/main/images_v6/LM-83242423.jpg
LM-83242424,recovered,bing,https://4.bp.blogspot.com/__cAwt_v-m98/S1jmQAY91tI/AAAAAAAABtc/ayhIdX4xRW0/s280/Christina4.jpg,https://ar.inspiredpencil.com/pictures-2023/christina-cole-casino-royale,https://raw.githubusercontent.com/nuancedegreg-blip/Sumup-images/main/images_v6/LM-83242424.jpg
LM-83325275,recovered,bing,https://static.lojadopapel.com.br/media/catalog/product/cache/1/image/9df78eab33525d08d6e5fb8d27136e95/s/c/scrapbooking-fmc007_1.jpg,https://lojadopapel.com.br/furador-art-montagem-chaveiro-flor-5-petalas-papel,https://raw.githubusercontent.com/nuancedegreg-blip/Sumup-images/main/images_v6/LM-83325275.jpg
LM-83513565,recovered,bing,https://www.bizcalcs.com/wp-content/uploads/2023/12/us-grade-system.jpg,https://www.bizcalcs.com/semester-grade-calculator/,https://raw.githubusercontent.com/nuancedegreg-blip/Sumup-images/main/images_v6/LM-83513565.jpg
LM-83513568,recovered,bing,https://thepihut.com/cdn/shop/products/massive-arcade-button-with-led-100mm-red-the-pi-hut-104457-40169999040707.jpg?v=1676541565,https://fity.club/lists/suggestions/big-red-button-and-light/,https://raw.githubusercontent.com/nuancedegreg-blip/Sumup-images/main/images_v6/LM-83513568.jpg
LM-83513571,recovered,bing,https://dtcralphlauren.scene7.com/is/image/PoloGSI/s7-AI290955047002_alternate10?$rl_4x5_pdp$,https://www.ralphlauren.co.uk/en/chilton-stretch-satin-evening-dress-100034094.html,https://raw.githubusercontent.com/nuancedegreg-blip/Sumup-images/main/images_v6/LM-83513571.jpg
LM-83513574,recovered,bing,https://www.fightersgeneration.com/characters2/kim-kick.gif,https://www.fightersgeneration.com/characters2/kim-a4.html,https://raw.githubusercontent.com/nuancedegreg-blip/Sumup-images/main/images_v6/LM-83513574.jpg
LM-83513576,recovered,bing,https://s.yimg.com/ny/api/res/1.2/0W3G3mAl5mrvJe_OUnJu5Q--/YXBwaWQ9aGlnaGxhbmRlcjt3PTk2MDtoPTY1NQ--/https://s.yimg.com/os/creatr-uploaded-images/2021-09/c9765ad0-212b-11ec-aab7-49d256a03b86,https://www.yahoo.com/entertainment/suzanne-somers-difference-step-by-step-the-brady-bunch-161936530.html,https://raw.githubusercontent.com/nuancedegreg-blip/Sumup-images/main/images_v6/LM-83513576.jpg
LM-83513578,recovered,bing,https://philschatz.com/anatomy-book/resources/1511_The_Limbic_Lobe.jpg,https://philschatz.com/anatomy-book/contents/m46581.html,https://raw.githubusercontent.com/nuancedegreg-blip/Sumup-images/main/images_v6/LM-83513578.jpg
LM-83626820,recovered,bing,https://i.pinimg.com/originals/90/49/3b/90493b3b44716ea615ea178af6dcb81a.jpg,https://ph.pinterest.com/pin/monkey-d-luffy-bounty-wanted-poster-one-piece--825566175443757378/,https://raw.githubusercontent.com/nuancedegreg-blip/Sumup-images/main/images_v6/LM-83626820.jpg
LM-83635147,recovered,bing,https://c8.alamy.com/comp/FYKHWC/rajasthan-governor-kalyan-singh-during-the-3rd-convocation-ceremony-FYKHWC.jpg,https://www.alamy.com/stock-photo/kalyan-singh.html,https://raw.githubusercontent.com/nuancedegreg-blip/Sumup-images/main/images_v6/LM-83635147.jpg
LM-83635213,recovered,bing,https://waterfrontparkseattle.org/wp-content/uploads/2025/07/Meet-Me-At-Waterfront-Park-5K-at-Waterfront-Park-Photo-by-Erik-Holsather-courtesy-Friends-of-Waterfront-Park-8.jpg,https://waterfrontparkseattle.org/blog/event/seattle-fleet-week-2026/,https://raw.githubusercontent.com/nuancedegreg-blip/Sumup-images/main/images_v6/LM-83635213.jpg
LM-83635282,recovered,bing,https://celebmafia.com/wp-content/uploads/2024/10/Jennifer-Lopez.jpg,https://fity.club/lists/j/jennifer-lopez-little-things/,https://raw.githubusercontent.com/nuancedegreg-blip/Sumup-images/main/images_v6/LM-83635282.jpg
LM-83635341,recovered,bing,https://static.vecteezy.com/system/resources/thumbnails/046/289/099/small_2x/cheerful-young-woman-enjoying-summer-day-in-sparkling-pool-photo.jpeg,https://www.vecteezy.com/free-photos/cute-girl-pool,https://raw.githubusercontent.com/nuancedegreg-blip/Sumup-images/main/images_v6/LM-83635341.jpg
LM-83831897,recovered,bing,https://us.brandymelville.com/cdn/shop/products/MW006V-58S07100V238EP_1_1500x.jpg?v=1648159188,https://ar.inspiredpencil.com/pictures-2023/brandy-melville-dresses,https://raw.githubusercontent.com/nuancedegreg-blip/Sumup-images/main/images_v6/LM-83831897.jpg
LM-83831901,recovered,bing,https://1.bp.blogspot.com/-m7wF7-vMr5g/UrVAIPqO-fI/AAAAAAAAC7A/Zqr8-Ln94ec/s1600/amaging+car+wallpaper.jpg,https://dulwlpaper.blogspot.com/2013/09/new-mind-blowing-car-wallpapers.html,https://raw.githubusercontent.com/nuancedegreg-blip/Sumup-images/main/images_v6/LM-83831901.jpg
LM-83831902,recovered,bing,https://www.actividadesdeinfantilyprimaria.com/wp-content/uploads/2022/07/lecturas-cortas-3.jpg,https://calendar.us.com/print/lecturas-cortas-para-descargar/,https://raw.githubusercontent.com/nuancedegreg-blip/Sumup-images/main/images_v6/LM-83831902.jpg
LM-83831903,recovered,bing,https://images.hdqwalls.com/wallpapers/fallout-4-anniversary-edition-av.jpg,https://hdqwalls.com/wallpaper/2560x1440/fallout-4-anniversary-edition,https://raw.githubusercontent.com/nuancedegreg-blip/Sumup-images/main/images_v6/LM-83831903.jpg
LM-83831905,recovered,bing,https://fastly-s3.allmusic.com/release/mr0001741444/front/400/P3AKKwuyNdUSh9DS3fy_fwSijaXJlYnq0St31qpAJWo=.jpg,https://www.allmusic.com/album/this-is-1967-mw0001445646,https://raw.githubusercontent.com/nuancedegreg-blip/Sumup-images/main/images_v6/LM-83831905.jpg
LM-83831908,recovered,bing,https://i.pinimg.com/474x/9b/ce/0a/9bce0a27585fa0c18c354e30083ec9a8.jpg?nii=t,https://es.pinterest.com/ideas/portadas-a-computadora-bonitas/959173357377/,https://raw.githubusercontent.com/nuancedegreg-blip/Sumup-images/main/images_v6/LM-83831908.jpg
LM-83831912,recovered,bing,https://s2-quem.glbimg.com/OJcXv7zVgVg5eq4OhFkQLS4AYQU=/0x0:1080x1858/984x0/smart/filters:strip_icc()/i.s3.glbimg.com/v1/AUTH_b0f0e84207c948ab8b8777be5a6a4395/internal_photos/bs/2026/i/u/EASQPCTReEKZAnliVJ7g/eb24f7cf-a4cd-47ef-a3db-aa9f861000e5.jpg,https://revistaquem.globo.com/noticias/noticia/2026/04/assumidos-wanessa-camargo-e-bruno-bevan-trocam-declaracoes-na-web.ghtml,https://raw.githubusercontent.com/nuancedegreg-blip/Sumup-images/main/images_v6/LM-83831912.jpg
LM-83831914,recovered,bing,https://media.gettyimages.com/id/2208745/photo/lesley-manyathela-of-the-pirates-celebrates.jpg?s=1024x1024&w=gi&k=20&c=f2I1ip5bcDrhV8hsWIJt0pawI5vQM80RXi7xyekuxec=,https://www.gettyimages.com/detail/news-photo/lesley-manyathela-of-the-orlando-pirates-celebrates-during-news-photo/2208745,https://raw.githubusercontent.com/nuancedegreg-blip/Sumup-images/main/images_v6/LM-83831914.jpg
LM-83831915,recovered,bing,https://i.pinimg.com/originals/9c/bb/59/9cbb59e4b24ed5ae4c257337957b2c66.jpg,https://utpaqp.edu.pe/search/etapas-del-ciclo-menstrual-esquema/,https://raw.githubusercontent.com/nuancedegreg-blip/Sumup-images/main/images_v6/LM-83831915.jpg
LM-83831927,recovered,bing,http://www.pngall.com/wp-content/uploads/8/Young-Man-PNG-Image.png,http://www.pngall.com/adult-man-png,https://raw.githubusercontent.com/nuancedegreg-blip/Sumup-images/main/images_v6/LM-83831927.jpg
LM-83972877,recovered,bing,https://media.licdn.com/dms/image/v2/D5610AQFNBR2ncsY3Tg/image-shrink_1280/image-shrink_1280/0/1737655202643?e=2147483647&v=beta&t=_PD9GBUiGVys6xQ0HYwkaVhN4r6FDoV8pRCwv_Xss0U,https://www.linkedin.com/posts/loginvsi_automatedtesting-loginenterprise-loginvsi-activity-7288254191406391298-wAZq,https://raw.githubusercontent.com/nuancedegreg-blip/Sumup-images/main/images_v6/LM-83972877.jpg
LM-83983092,recovered,bing,https://m.media-amazon.com/images/M/MV5BMjliYzVjNWUtZjljOC00MmU2LTkwNjYtNTkwODQzMDY4YTJiXkEyXkFqcGc@._V1_FMjpg_UX1000_.jpg,https://www.imdb.com/title/tt6317180,https://raw.githubusercontent.com/nuancedegreg-blip/Sumup-images/main/images_v6/LM-83983092.jpg
LM-83992442,recovered,bing,https://www.philippinerentacar.com/image/rent-to-own.jpg,https://finwise.edu.vn/cars-for-r-1693727399070497/,https://raw.githubusercontent.com/nuancedegreg-blip/Sumup-images/main/images_v6/LM-83992442.jpg
LM-83992443,recovered,bing,https://cdn.nunatsiaq.com/wp-content/uploads/2026/06/iqaluit-summer-bye-1024x683.jpg,https://nunatsiaq.com/region/iqaluit/,https://raw.githubusercontent.com/nuancedegreg-blip/Sumup-images/main/images_v6/LM-83992443.jpg
LM-83992444,recovered,bing,https://grist.org/wp-content/uploads/2023/04/Ryukyuans-UN.jpeg,https://storage.googleapis.com/dcjdclyrecprqe/satsuma-okinawa.html,https://raw.githubusercontent.com/nuancedegreg-blip/Sumup-images/main/images_v6/LM-83992444.jpg
LM-83992449,recovered,bing,https://statcdn.fandango.com/MPX/image/NBCU_Fandango/1003/719/StuartLittle_1999_ClassicTrailerMPX.jpg,https://ar.inspiredpencil.com/pictures-2023/stuart-little-movie-cast,https://raw.githubusercontent.com/nuancedegreg-blip/Sumup-images/main/images_v6/LM-83992449.jpg
LM-83992454,recovered,bing,https://imagecdnsa.zigwheels.ae/large/gallery/exterior/15/2444/hyundai-venue-2026-front-medium-view-217306.jpg,https://www.zigwheels.ae/new-cars/hyundai/venue-2026/std,https://raw.githubusercontent.com/nuancedegreg-blip/Sumup-images/main/images_v6/LM-83992454.jpg
LM-84127154,recovered,bing,https://www.cardioserv.net/wp-content/uploads/2017/11/MV-EA-Ratio.jpeg,https://www.cardioserv.net/mastering-diastology-part-2/,https://raw.githubusercontent.com/nuancedegreg-blip/Sumup-images/main/images_v6/LM-84127154.jpg
LM-84173415,recovered,bing,https://png.pngtree.com/png-clipart/20250117/original/pngtree-gelt-coins-everywherea-fun-and-festive-coloring-adventure-png-image_19745755.png,https://fity.club/lists/suggestions/plantilla-de-página-para-colorear-de-monedas/,https://raw.githubusercontent.com/nuancedegreg-blip/Sumup-images/main/images_v6/LM-84173415.jpg
LM-84173427,recovered,bing,https://decorexpro.com/images/article/orig/2018/09/osobennosti-ventilyacii-v-mnogokvartirnom-dome.jpg,https://en-n.decorexpro.com/ventilyaciya/v-mnogokvartirnom-dome/,https://raw.githubusercontent.com/nuancedegreg-blip/Sumup-images/main/images_v6/LM-84173427.jpg
LM-84355387,recovered,bing,https://images3.memedroid.com/images/UPLOADED531/6119da7e5f5eb.jpeg,https://storage.googleapis.com/dtorukizaxmybe/baby-flex-meme.html,https://raw.githubusercontent.com/nuancedegreg-blip/Sumup-images/main/images_v6/LM-84355387.jpg
LM-84360690,recovered,bing,https://img-s-msn-com.akamaized.net/tenant/amp/entityid/AA1MDrYY.img?w=2100&h=1400&m=4&q=79,https://www.msn.com/en-us/news/technology/no-microsoft-office-didnt-just-get-renamed-to-microsoft-365-copilot/ar-AA1TEMen,https://raw.githubusercontent.com/nuancedegreg-blip/Sumup-images/main/images_v6/LM-84360690.jpg
LM-84376620,recovered,bing,https://nbatitlechase.com/wp-content/uploads/2025/04/PHOTO-Karoline-Leavitt-Showing-Off-HUGE-Legs-While-Walking-With-Donald-Trump-Outside-White-House.jpg,https://nbatitlechase.com/2025/04/29/photo-karoline-leavitt-showing-off-huge-legs-while-walking-with-donald-trump-outside-white-house/,https://raw.githubusercontent.com/nuancedegreg-blip/Sumup-images/main/images_v6/LM-84376620.jpg
LM-84450544,recovered,bing,https://thumb-nss.xhcdn.com/a/_m34CFnR128_CzO1j2ZYIA/023/540/288/v2/2560x1440.213.webp,https://xhamster.com/videos/atlantic-city-virginia-slim-120-xh5KALeI,https://raw.githubusercontent.com/nuancedegreg-blip/Sumup-images/main/images_v6/LM-84450544.jpg
LM-84471164,recovered,bing,https://cdn-ami-drupal.heartyhosting.com/sites/muscleandfitness.com/files/styles/full_node_image_1090x614/public/media/man-running.jpg?itok=wXG9jTYT&timestamp=1408748335,https://www.muscleandfitness.com/workouts/workout-routines/strength-and-speed-workout,https://raw.githubusercontent.com/nuancedegreg-blip/Sumup-images/main/images_v6/LM-84471164.jpg
LM-84617498,recovered,bing,https://upload.wikimedia.org/wikipedia/en/8/8a/CentralIntelligencePoster.jpg,https://en.wikipedia.org/wiki/Central_Intelligence,https://raw.githubusercontent.com/nuancedegreg-blip/Sumup-images/main/images_v6/LM-84617498.jpg
LM-84710349,recovered,bing,https://gourmetbasket.com.au/_next/image/?url=https:%2F%2Fcart.gourmetbasket.com.au%2Fwp-content%2Fuploads%2F2022%2F10%2FSending_congratulations_baby_hamper_v2.png&w=2048&q=75,https://gourmetbasket.com.au/shop/hamper/sending-congratulations-baby-hamper/,https://raw.githubusercontent.com/nuancedegreg-blip/Sumup-images/main/images_v6/LM-84710349.jpg
LM-84732103,recovered,bing,https://www.boredpanda.com/blog/wp-content/uploads/2023/05/unique-cat-breeds-cover_800.jpg,https://www.boredpanda.com/unique-cat-breeds/,https://raw.githubusercontent.com/nuancedegreg-blip/Sumup-images/main/images_v6/LM-84732103.jpg
LM-84732114,recovered,bing,https://cdn.pixabay.com/photo/2022/05/16/03/45/tiktok-7199389_1280.jpg,https://pixabay.com/images/search/tiktok logo /,https://raw.githubusercontent.com/nuancedegreg-blip/Sumup-images/main/images_v6/LM-84732114.jpg
LM-84732268,recovered,bing,https://i.pinimg.com/originals/cc/2d/56/cc2d56a922b3a406dc798e26ce220d0b.jpg,https://www.pinterest.at/pin/573294227546528115/,https://raw.githubusercontent.com/nuancedegreg-blip/Sumup-images/main/images_v6/LM-84732268.jpg
LM-84732335,recovered,bing,https://static0.gamerantimages.com/wordpress/wp-content/uploads/2023/11/blue-lock.jpg,https://gamerant.com/blue-lock-aryu-jyubeis-style-and-how-it-reflects-his-game-performance/,https://raw.githubusercontent.com/nuancedegreg-blip/Sumup-images/main/images_v6/LM-84732335.jpg
LM-84732349,recovered,bing,https://image.slidesharecdn.com/mtodoscontracetivosprincipal1-111215134548-phpapp01/95/mtodos-contracetivos-14-728.jpg?cb=1323957990,https://leader.innovationslandkarte.de/tipos-de-muco-vaginal-e-o-que-sinalizam/,https://raw.githubusercontent.com/nuancedegreg-blip/Sumup-images/main/images_v6/LM-84732349.jpg
LM-84770247,recovered,bing,https://laventanaciudadana.cl/wp-content/uploads/2017/08/Cono-monetario-venezuela.jpg,https://laventanaciudadana.cl/revolucion-bolivariana-de-venezuela-un-acto-de-ilusionismo-vi/,https://raw.githubusercontent.com/nuancedegreg-blip/Sumup-images/main/images_v6/LM-84770247.jpg
LM-84770249,recovered,bing,https://imgmedia.elpopular.pe/640x374/elpopular/original/2022/06/21/62b1feb89a835259d0292581.webp,https://elpopular.pe/educacion/2022/06/21/jose-baquijano-carrillo-biografia-quien-es-aporto-independencia-peru-134889,https://raw.githubusercontent.com/nuancedegreg-blip/Sumup-images/main/images_v6/LM-84770249.jpg
LM-84770265,recovered,bing,https://thecleaneatingcouple.com/wp-content/uploads/2021/04/chicken-and-broccoli-stir-fry-1-739x1200.jpg,https://thecleaneatingcouple.com/category/chicken/page/9/,https://raw.githubusercontent.com/nuancedegreg-blip/Sumup-images/main/images_v6/LM-84770265.jpg
LM-84818576,recovered,bing,https://i.pinimg.com/originals/44/1c/99/441c991efa107da7c3fed43f7e146576.png,https://letstalksport.co.uk/news/2025/10/30/origami-fun-lets-fold-some-amazing-paper.html,https://raw.githubusercontent.com/nuancedegreg-blip/Sumup-images/main/images_v6/LM-84818576.jpg
LM-84850962,recovered,bing,https://download.logo.wine/logo/Monday.com/Monday.com-Logo.wine.png,https://www.logo.wine/logo/Monday.com,https://raw.githubusercontent.com/nuancedegreg-blip/Sumup-images/main/images_v6/LM-84850962.jpg
LM-84850963,recovered,bing,https://wallpapers-clan.com/wp-content/uploads/2022/12/funny-spongebob-gif-pfp-1.gif,https://utpaqp.edu.pe/explore/funny-tambourine-gifs,https://raw.githubusercontent.com/nuancedegreg-blip/Sumup-images/main/images_v6/LM-84850963.jpg
LM-84850964,recovered,bing,https://images.pexels.com/photos/1387577/pexels-photo-1387577.jpeg?cs=srgb&dl=celebration-festival-fireworks-1387577.jpg&fm=jpg,https://www.pexels.com/photo/photo-of-fireworks-1387577/,https://raw.githubusercontent.com/nuancedegreg-blip/Sumup-images/main/images_v6/LM-84850964.jpg
LM-84850965,recovered,bing,https://i.ytimg.com/vi/RIQDmnIJZv8/maxresdefault.jpg,https://livecounts.io/youtube-live-view-counter/RIQDmnIJZv8,https://raw.githubusercontent.com/nuancedegreg-blip/Sumup-images/main/images_v6/LM-84850965.jpg
LM-84850967,recovered,bing,https://thumb-p1.xhcdn.com/a/mERjRGftawwxxBbx2lt4Tg/000/513/959/681_1000.gif,https://es.xhamster.com/photos/gallery/amateur-milf-blowjob-15993422,https://raw.githubusercontent.com/nuancedegreg-blip/Sumup-images/main/images_v6/LM-84850967.jpg
LM-84850970,recovered,bing,https://thumbs.dreamstime.com/z/puppy-tibetan-mastiff-cute-outdoors-horizontal-picture-30981154.jpg,https://www.animalia-life.club/qa/pictures/tibetan-shepherd,https://raw.githubusercontent.com/nuancedegreg-blip/Sumup-images/main/images_v6/LM-84850970.jpg
LM-84850972,recovered,bing,https://i.pinimg.com/originals/e5/ad/e5/e5ade5f9cafe9606622c535e57f936de.png,https://www.artofit.org/image-gallery/danny-s-world-characters/,https://raw.githubusercontent.com/nuancedegreg-blip/Sumup-images/main/images_v6/LM-84850972.jpg
LM-84850980,recovered,bing,https://t1.pictoa.com/media/galleries/041/434/04143454b898d7a849d/100906454b898d7f009b.jpg,https://www.pictoa.com/collections/martine-brochard-50788.html,https://raw.githubusercontent.com/nuancedegreg-blip/Sumup-images/main/images_v6/LM-84850980.jpg
LM-84850982,recovered,bing,https://r.testifier.nl/Acbs8526SDKI/resizing_type:fit/watermark:Picture: Proshots/width:3840/height:2560/plain/https://s3-newsifier.ams3.digitaloceanspaces.com/tennisuptodate.com/images/2021-09/carlos-alcaraz-us-open-2021-6132a9678b93b.jpg@webp,https://tennisuptodate.com/tennis-news/us-open-mens-seeds-revealed-alcaraz-ahead-of-djokovic-eubanks-seeded-for-first-time,https://raw.githubusercontent.com/nuancedegreg-blip/Sumup-images/main/images_v6/LM-84850982.jpg
LM-84850986,recovered,bing,https://static0.gamerantimages.com/wordpress/wp-content/uploads/2024/12/mixcollage-06-dec-2024-03-09-pm-3912.jpg,https://gamerant.com/rocket-league-season-17-extension-s18-teaser-crossbar-ping/,https://raw.githubusercontent.com/nuancedegreg-blip/Sumup-images/main/images_v6/LM-84850986.jpg
LM-84850988,recovered,bing,https://i.ytimg.com/vi/uWUWt641Pl8/maxresdefault.jpg,https://www.youtube.com/watch?v=uWUWt641Pl8,https://raw.githubusercontent.com/nuancedegreg-blip/Sumup-images/main/images_v6/LM-84850988.jpg
LM-84850989,recovered,bing,https://preview.redd.it/help-sodastream-onetouch-v0-vb1wdt4am0ib1.jpg?width=2021&format=pjpg&auto=webp&s=88056c156ec9131bf396eff0f8254f46275fca57,https://www.reddit.com/r/SodaStream/comments/15qlxer/help_sodastream_onetouch/,https://raw.githubusercontent.com/nuancedegreg-blip/Sumup-images/main/images_v6/LM-84850989.jpg
LM-84850992,recovered,bing,"https://platform.theverge.com/wp-content/uploads/sites/2/chorus/uploads/chorus_asset/file/25357066/Disney__Logo_March_2024.png?quality=90&strip=all&crop=0,0,100,100",https://www.theverge.com/2024/3/27/24112994/disney-plus-logo-green-aurora-streaming-app,https://raw.githubusercontent.com/nuancedegreg-blip/Sumup-images/main/images_v6/LM-84850992.jpg
LM-84850993,recovered,bing,https://stories.hemmings.com/wp-content/uploads/2024/03/origin-23245.jpg,https://www.hemmings.com/stories/base-model-monster-2010-dodge-challenger/,https://raw.githubusercontent.com/nuancedegreg-blip/Sumup-images/main/images_v6/LM-84850993.jpg
LM-84850994,recovered,bing,https://www.realitytea.com/wp-content/uploads/sites/6/2026/08/Natalie-Harp.jpg,https://www.realitytea.com/2026/08/21/natalie-harp-move-melania-trump-return-public-rose-garden-event/,https://raw.githubusercontent.com/nuancedegreg-blip/Sumup-images/main/images_v6/LM-84850994.jpg
LM-84850996,recovered,bing,https://minio.scielo.br/documentstore/1678-4561/JNbf68rWssPFLyYkTZyPR4P/25c0b6a382b8374265d3b5cbfaec1049e594e24e.tif,https://www.scielo.br/j/csc/a/JNbf68rWssPFLyYkTZyPR4P/?format=html,https://raw.githubusercontent.com/nuancedegreg-blip/Sumup-images/main/images_v6/LM-84850996.jpg
LM-84851000,recovered,bing,https://static.vecteezy.com/system/resources/previews/076/622/870/large_2x/north-korea-s-passport-is-seen-on-a-flag-photo.JPG,https://www.vecteezy.com/photo/76622870-north-korea-s-passport-is-seen-on-a-flag,https://raw.githubusercontent.com/nuancedegreg-blip/Sumup-images/main/images_v6/LM-84851000.jpg
LM-84851012,recovered,bing,https://i.pinimg.com/originals/9d/c2/09/9dc2096f3697693b27402042df4ea8c8.jpg,https://www.artofit.org/image-gallery/1055599903992044/aerial-hoop-poses/,https://raw.githubusercontent.com/nuancedegreg-blip/Sumup-images/main/images_v6/LM-84851012.jpg
LM-84851047,recovered,bing,https://i.pinimg.com/originals/3c/76/75/3c7675adfebce2ad3d165146ae915bdc.jpg?nii=t,https://es.pinterest.com/ideas/decorar-cuaderno-de-matematicas/937383931133/,https://raw.githubusercontent.com/nuancedegreg-blip/Sumup-images/main/images_v6/LM-84851047.jpg
LM-84851048,recovered,bing,https://swedishwealthinstitute.com/wp-content/uploads/2024/06/26fa891aaedf2781b7537b12a722fd6f.png,https://swedishwealthinstitute.com/time-management/effective-time-management-tips-for-busy-entrepreneurs/,https://raw.githubusercontent.com/nuancedegreg-blip/Sumup-images/main/images_v6/LM-84851048.jpg
LM-84851051,no_downloadable_image,bing,https://static.guim.co.uk/sys-images/Guardian/Pix/pictures/2012/5/15/1337070433928/Statesmen-and-stature-001.jpg,https://wikifoto.ru/foto/5-11-фото/,
LM-84851052,no_downloadable_image,bing,https://media.defense.gov/2010/May/23/2000359967/2000/2000/0/100519-F-9429S-1019.JPG,https://www.amc.af.mil/News/Article-Display/Article/146451/photo-essay-c-21-crew-brings-airlifter-to-southwest-asia-base/,
LM-84851055,recovered,bing,https://www.pixelstalk.net/wp-content/uploads/image10/High-Quality-Halloween-Wallpaper-4K.jpg,https://www.pixelstalk.net/halloween-wallpaper-4k/,https://raw.githubusercontent.com/nuancedegreg-blip/Sumup-images/main/images_v6/LM-84851055.jpg
LM-84851056,recovered,bing,"https://images-wixmp-ed30a86b8c4ca887773594c2.wixmp.com/f/2a427172-2a89-459c-9fec-f4e5218aa909/dgocygf-c4b4a83c-dfe5-4aab-a9ce-8e675d5d9c29.jpg/v1/fill/w_1280,h_1657,q_75,strp/barney_s_sing_along_page_001_by_brandontu1998_dgocygf-fullview.jpg?token=eyJ0eXAiOiJKV1QiLCJhbGciOiJIUzI1NiJ9.eyJzdWIiOiJ1cm46YXBwOjdlMGQxODg5ODIyNjQzNzNhNWYwZDQxNWVhMGQyNmUwIiwiaXNzIjoidXJuOmFwcDo3ZTBkMTg4OTgyMjY0MzczYTVmMGQ0MTVlYTBkMjZlMCIsIm9iaiI6W1t7ImhlaWdodCI6Ijw9MTY1NyIsInBhdGgiOiJcL2ZcLzJhNDI3MTcyLTJhODktNDU5Yy05ZmVjLWY0ZTUyMThhYTkwOVwvZGdvY3lnZi1jNGI0YTgzYy1kZmU1LTRhYWItYTljZS04ZTY3NWQ1ZDljMjkuanBnIiwid2lkdGgiOiI8PTEyODAifV1dLCJhdWQiOlsidXJuOnNlcnZpY2U6aW1hZ2Uub3BlcmF0aW9ucyJdfQ.YEjA57bwYwHq3ONP0er32nciLLRRGZFZi458FbVdYF8",https://www.deviantart.com/brandontu1998/art/Barney-s-Sing-Along-Page-001-1008374127,https://raw.githubusercontent.com/nuancedegreg-blip/Sumup-images/main/images_v6/LM-84851056.jpg
LM-84851057,recovered,bing,https://i.pinimg.com/736x/46/90/44/469044790c77c0e4334ace3119cbc234.jpg,https://br.pinterest.com/pin/660199626610780468/,https://raw.githubusercontent.com/nuancedegreg-blip/Sumup-images/main/images_v6/LM-84851057.jpg
LM-84851058,recovered,bing,https://www.thelist.com/img/gallery/things-only-adults-notice-in-the-nanny/body-shaming-is-prevalent-in-the-nanny-1619014634.jpg,https://www.thelist.com/388763/things-only-adults-notice-in-the-nanny/,https://raw.githubusercontent.com/nuancedegreg-blip/Sumup-images/main/images_v6/LM-84851058.jpg
LM-84851060,recovered,bing,https://c8.alamy.com/comp/2C56TY0/jesus-christ-crucifixion-holy-god-jesus-sacrifice-on-cross-christianity-symbol-2C56TY0.jpg,https://fity.club/lists/suggestions/Jesus-On-Cross-God/,https://raw.githubusercontent.com/nuancedegreg-blip/Sumup-images/main/images_v6/LM-84851060.jpg
LM-84851061,recovered,bing,https://framerusercontent.com/images/hzvutGsWckoUClmAWoIPKVznHrk.png,https://deskin.io/tl/resource/blog/laptop-screen-extender,https://raw.githubusercontent.com/nuancedegreg-blip/Sumup-images/main/images_v6/LM-84851061.jpg
LM-84851077,recovered,bing,https://i0.wp.com/ruffinrebel.com/wp-content/uploads/2020/12/3_X5_100DSONSOFLIBERTYORIGINALTXFLAG720PCS_33PCS.png?resize=1200%2C703&ssl=1,https://ruffinrebel.com/product/3x5-100d-sons-of-liberty-original-flag/,https://raw.githubusercontent.com/nuancedegreg-blip/Sumup-images/main/images_v6/LM-84851077.jpg
LM-84851088,no_downloadable_image,bing,https://lookaside.fbsbx.com/lookaside/crawler/media/?media_id=850124623794802,https://www.facebook.com/urbanbowls.cr/,
LM-84851089,recovered,bing,https://i.ytimg.com/vi/9GBTHMMdpuE/maxresdefault.jpg,https://www.youtube.com/watch?v=9GBTHMMdpuE,https://raw.githubusercontent.com/nuancedegreg-blip/Sumup-images/main/images_v6/LM-84851089.jpg
LM-84851093,recovered,bing,https://media.istockphoto.com/id/972529482/de/foto/die-hand-eines-arbeitnehmers-in-einem-handschuh-schneidet-das-baumaterial-mit-einem-eckigen.jpg?s=612x612&w=0&k=20&c=slmp8uIEv9gRAJtU6yUV-s0aIhI_C4dbe9xV45bJl5Q=,https://www.istockphoto.com/de/fotos/winkelschleifer,https://raw.githubusercontent.com/nuancedegreg-blip/Sumup-images/main/images_v6/LM-84851093.jpg
LM-84851095,recovered,bing,https://www.altamed.org/sites/default/files/2023-01/water_bottle.jpg,https://chompchompmx.com/salud-y-bienestar/hidratacion-en-la-tercera-edad/,https://raw.githubusercontent.com/nuancedegreg-blip/Sumup-images/main/images_v6/LM-84851095.jpg
LM-84851096,recovered,bing,https://sciencenotes.org/wp-content/uploads/2020/04/PeriodicTableAtomicMassColor.png,https://sciencenotes.org/periodic-table-trends-quiz/,https://raw.githubusercontent.com/nuancedegreg-blip/Sumup-images/main/images_v6/LM-84851096.jpg
LM-84851098,recovered,bing,https://static-ca-cdn.eporner.com/photos/98962.gif,https://www.eporner.com/photo/TtoNH2AFdjI/Almost-there-/,https://raw.githubusercontent.com/nuancedegreg-blip/Sumup-images/main/images_v6/LM-84851098.jpg
LM-84851100,recovered,bing,"https://images.nrc.nl/6HMemCMIY4ec3ozMQUnlqT2ozDo=/x/filters:no_upscale():format(jpeg):fill(f8f8f8,true)/s3/nrchub/clippings/NH/20240907/420-advertisement-276060_1329124_schendelen01ra-472478h-ea9bc3.png",https://de.wikipedia.org/wiki/Nekrolog_September_2024,https://raw.githubusercontent.com/nuancedegreg-blip/Sumup-images/main/images_v6/LM-84851100.jpg
LM-84851102,recovered,bing,https://s2.pictoa.com/media/galleries/286/456/286456602f7c111ae1e/3930458602f7c14dab91.jpg,https://www.pictoa.com/s/beach-boobs-voyeur/,https://raw.githubusercontent.com/nuancedegreg-blip/Sumup-images/main/images_v6/LM-84851102.jpg
LM-84851104,recovered,bing,https://i.pinimg.com/originals/d4/aa/79/d4aa7979cfbfc05b799e1552d90f05ca.png,https://www.pinterest.ca/pin/symbolism-and-anatomy-of-lord-ganesha-divine-insights-lord-ganesha--571323902738344255/,https://raw.githubusercontent.com/nuancedegreg-blip/Sumup-images/main/images_v6/LM-84851104.jpg
LM-84851106,recovered,bing,https://uploads6.wikiart.org/images/john-lewis-krimmel/blind-man-s-bluff.jpg,https://www.wikiart.org/en/john-lewis-krimmel/blind-man-s-bluff,https://raw.githubusercontent.com/nuancedegreg-blip/Sumup-images/main/images_v6/LM-84851106.jpg
LM-84851110,recovered,bing,https://i.ytimg.com/vi/XxJU4phG4Xw/maxresdefault.jpg,https://www.youtube.com/watch?v=XxJU4phG4Xw,https://raw.githubusercontent.com/nuancedegreg-blip/Sumup-images/main/images_v6/LM-84851110.jpg
LM-84851119,recovered,bing,https://media.sproutsocial.com/uploads/2024/09/ltk-influencer-marketing-platform-homepage.png,https://amplitudemktg.com/social-media/top-16-influencer-marketing-platforms-for-your-2025-campaigns/,https://raw.githubusercontent.com/nuancedegreg-blip/Sumup-images/main/images_v6/LM-84851119.jpg
LM-84851120,recovered,bing,"https://imageproxy.ifunny.co/crop:x-20,resize:640x,quality:90x75/images/5b2644b8784ca4a50e170068cea9abb773e67e5cd49b51b184ffd9a91519a638_1.jpg",https://americasbestpics.com/picture/me-waiting-for-that-goth-girl-to-get-a-tan-q75ubv9YA,https://raw.githubusercontent.com/nuancedegreg-blip/Sumup-images/main/images_v6/LM-84851120.jpg
LM-84851123,recovered,bing,https://img.freepik.com/vector-premium/plantilla-concepto-diseno-camiseta-manga-larga-playa_565967-307.jpg?w=2000,https://www.freepik.es/vector-premium/plantilla-concepto-diseno-camiseta-manga-larga-playa_31176183.htm,https://raw.githubusercontent.com/nuancedegreg-blip/Sumup-images/main/images_v6/LM-84851123.jpg
LM-84851131,recovered,bing,https://static0.gamerantimages.com/wordpress/wp-content/uploads/2024/12/mixcollage-06-dec-2024-03-09-pm-3912.jpg,https://gamerant.com/rocket-league-season-17-extension-s18-teaser-crossbar-ping/,https://raw.githubusercontent.com/nuancedegreg-blip/Sumup-images/main/images_v6/LM-84851131.jpg
LM-84851142,recovered,bing,https://imagecdn.clips4sale.com/accounts99/3182/clip_images/a-pussy-041-c.gif,https://www.clips4sale.com/studio/3182/4293879/Lick+her+sweet+pink+pussy,https://raw.githubusercontent.com/nuancedegreg-blip/Sumup-images/main/images_v6/LM-84851142.jpg
LM-84862907,recovered,bing,https://valorantinsider.com/wp-content/uploads/2023/11/Best-Valorant-Trackers.png,https://valorantinsider.com/2023/11/06/best-valorant-trackers/,https://raw.githubusercontent.com/nuancedegreg-blip/Sumup-images/main/images_v6/LM-84862907.jpg
LM-85018293,recovered,bing,https://s02.video.glbimg.com/x216/13709109.jpg,https://globoplay.globo.com/v/13709109/,https://raw.githubusercontent.com/nuancedegreg-blip/Sumup-images/main/images_v6/LM-85018293.jpg
LM-85063440,recovered,bing,https://aegro.com.br/images/blog/geradas/agricultura-familiar-no-brasil-o-que-e-e-qual-sua-real-importancia.webp,https://aegro.com.br/blog/agricultura-familiar/,https://raw.githubusercontent.com/nuancedegreg-blip/Sumup-images/main/images_v6/LM-85063440.jpg
LM-85066273,recovered,bing,https://thumbnails.cbsig.net/CBS_Production_Entertainment_VMS/2022/11/02/2098201155595/NICKJR_PAWPATROL_701_HD_1745563_1920x1080.jpg,https://www.paramountplus.com/shows/video/4jxZRE_kRAKAQRHxm2AXwPJfrmeBw7b0/,https://raw.githubusercontent.com/nuancedegreg-blip/Sumup-images/main/images_v6/LM-85066273.jpg
LM-85066292,recovered,bing,https://media.licdn.com/dms/image/v2/D4D3DAQEwtQVuBcdpJw/image-scale_191_1128/B4DZdj_0n3GgAw-/0/1749729365079/amtrans_logistics_cover?e=2147483647&v=beta&t=_fz-t0k1CTftHk4Kk0bz8iyfwrzb9QkdFIvN_0TvbUU,https://www.linkedin.com/company/amtrans-logistics/,https://raw.githubusercontent.com/nuancedegreg-blip/Sumup-images/main/images_v6/LM-85066292.jpg
LM-85091111,recovered,bing,"https://images-wixmp-ed30a86b8c4ca887773594c2.wixmp.com/f/25530c1b-5c89-4c85-8b65-8602af58c383/dfqk9nw-64207177-7a1b-4a86-b251-65babc0c1b0d.png/v1/fill/w_1920,h_1124,q_80,strp/black_anime_dragon_wallpaper__3__by_punkerlazar_dfqk9nw-fullview.jpg?token=eyJ0eXAiOiJKV1QiLCJhbGciOiJIUzI1NiJ9.eyJzdWIiOiJ1cm46YXBwOjdlMGQxODg5ODIyNjQzNzNhNWYwZDQxNWVhMGQyNmUwIiwiaXNzIjoidXJuOmFwcDo3ZTBkMTg4OTgyMjY0MzczYTVmMGQ0MTVlYTBkMjZlMCIsIm9iaiI6W1t7InBhdGgiOiJcL2ZcLzI1NTMwYzFiLTVjODktNGM4NS04YjY1LTg2MDJhZjU4YzM4M1wvZGZxazludy02NDIwNzE3Ny03YTFiLTRhODYtYjI1MS02NWJhYmMwYzFiMGQucG5nIiwiaGVpZ2h0IjoiPD0xMTI0Iiwid2lkdGgiOiI8PTE5MjAifV1dLCJhdWQiOlsidXJuOnNlcnZpY2U6aW1hZ2Uud2F0ZXJtYXJrIl0sIndtayI6eyJwYXRoIjoiXC93bVwvMjU1MzBjMWItNWM4OS00Yzg1LThiNjUtODYwMmFmNThjMzgzXC9wdW5rZXJsYXphci00LnBuZyIsIm9wYWNpdHkiOjk1LCJwcm9wb3J0aW9ucyI6MC40NSwiZ3Jhdml0eSI6ImNlbnRlciJ9fQ.IGAZegaKA82pycODM4O41zpHKFHTk52IFVi0CGsXgeQ",https://www.deviantart.com/punkerlazar/art/Black-anime-dragon-wallpaper-3-951608300,https://raw.githubusercontent.com/nuancedegreg-blip/Sumup-images/main/images_v6/LM-85091111.jpg
LM-85091129,recovered,bing,https://content.api.news/v3/images/bin/b7caee8e5e9fa76037344442adb5c85f,https://www.foxsports.com.au/cricket/countries/india/icc-awards-virat-kohli-becomes-first-player-to-win-three-major-awards-in-one-year/news-story/19f9d0979b4d18fc44ee0f76f169e983,https://raw.githubusercontent.com/nuancedegreg-blip/Sumup-images/main/images_v6/LM-85091129.jpg
LM-85262798,recovered,bing,https://hemploration.com/wp-content/uploads/2022/09/banana-muffin-hemp-seed.jpg,https://hemploration.com/how-to-make-hemp-seed-vegan-banana-muffins/,https://raw.githubusercontent.com/nuancedegreg-blip/Sumup-images/main/images_v6/LM-85262798.jpg
LM-85262820,recovered,bing,https://cdn.sex.com/images/pinporn/2017/10/27/18568812.jpg?width=620&site=sex&user=shmarcellina,https://www.sex.com/pin/55249765-milf-babes-selfie/,https://raw.githubusercontent.com/nuancedegreg-blip/Sumup-images/main/images_v6/LM-85262820.jpg
LM-85262821,recovered,bing,https://blogger.googleusercontent.com/img/b/R29vZ2xl/AVvXsEj4RQtf2K3sRhxEJt0JfCnMmolu2dSOcTCJDNW0ckgWHEA74yzbK6DDm76l-IIjnT5qpAgYjoYXRcyftClmoiCPIJihl4nl998ST6KMXbYPUGbZ2FdurbDnamKzWZK1vNLOZ03V6GNZ729EckUu3_XYOD48XDTjW4Azb1Cf3vJwUcBYUbd1nl0ZllaW/s3264/20230116_093727.jpg,https://www.jobs7news.in/2023/01/100-fresher-job-vacancies-in-chennai.html,https://raw.githubusercontent.com/nuancedegreg-blip/Sumup-images/main/images_v6/LM-85262821.jpg
LM-85262827,recovered,bing,https://ble-t.org/wp-content/uploads/2023/08/BLET_160_CaseyJones_08-9-23_horizontal-scaled.jpg,https://ar.inspiredpencil.com/pictures-2023/casey-jones-engine-driver,https://raw.githubusercontent.com/nuancedegreg-blip/Sumup-images/main/images_v6/LM-85262827.jpg
LM-85262836,recovered,bing,https://cdn.awsli.com.br/2500x2500/294/294998/produto/375757906/made-with-insmind-ventilador-400mm-d4zadojzd8.jpg,https://www.arcomprimido.ind.br/ventilador-ventoinha-compressor-schulz-400mm-028.0325-0,https://raw.githubusercontent.com/nuancedegreg-blip/Sumup-images/main/images_v6/LM-85262836.jpg
LM-85262865,recovered,bing,https://www.banknotes.com/VE91.JPG,https://www.banknotes.com/ve91.htm,https://raw.githubusercontent.com/nuancedegreg-blip/Sumup-images/main/images_v6/LM-85262865.jpg
LM-85263169,recovered,bing,https://a57.foxnews.com/static.foxnews.com/foxnews.com/content/uploads/2025/01/1200/675/president-donald-trump.jpg?ve=1&tl=1,https://www.foxnews.com/media/president-trump-tells-atlantic-he-runs-country-and-world,https://raw.githubusercontent.com/nuancedegreg-blip/Sumup-images/main/images_v6/LM-85263169.jpg
LM-85263171,recovered,bing,https://images-na.ssl-images-amazon.com/images/I/71y9WZZvM2L.jpg,https://emilissims79.blogspot.com/2023/12/image-result-for-xpression-braid-color.html,https://raw.githubusercontent.com/nuancedegreg-blip/Sumup-images/main/images_v6/LM-85263171.jpg
LM-85263172,recovered,bing,https://i.pinimg.com/736x/b8/55/a9/b855a9d8268e2568a4eff1c94846f556.jpg,https://br.pinterest.com/pin/cuteadorable-animals--23432860561363467/,https://raw.githubusercontent.com/nuancedegreg-blip/Sumup-images/main/images_v6/LM-85263172.jpg
LM-85443784,recovered,bing,https://img.freepik.com/premium-photo/spotlit-boxing-ring-lights_1186551-309.jpg?w=2000,https://www.freepik.com/premium-ai-image/spotlit-boxing-ring-lights_160627268.htm,https://raw.githubusercontent.com/nuancedegreg-blip/Sumup-images/main/images_v6/LM-85443784.jpg
LM-85540626,recovered,bing,https://fdn.gsmarena.com/imgroot/news/23/02/samsung-galaxy-s23-ultra-apple-iphone-14-pro-max-speed-test/-952x498w6/gsmarena_001.jpg,https://www.gsmarena.com/samsung_galaxy_s23_ultra_apple_iphone_14_pro_max_speed_test-news-57696.php,https://raw.githubusercontent.com/nuancedegreg-blip/Sumup-images/main/images_v6/LM-85540626.jpg
LM-85540628,recovered,bing,https://plazanorte.pe/wp-content/uploads/2024/03/entel-1-1024x768.jpg,https://plazanorte.pe/producto/entel-modulo/,https://raw.githubusercontent.com/nuancedegreg-blip/Sumup-images/main/images_v6/LM-85540628.jpg
LM-85565476,recovered,bing,https://preview.redd.it/feet-of-facebook-v0-5kntdsbyfjyb1.jpg?width=800&format=pjpg&auto=webp&s=42f438a01eb9ba2b1caaab0a81be5109cd1233c5,https://www.reddit.com/r/Feet_of_all_types/comments/17ocwiu/feet_of_facebook/,https://raw.githubusercontent.com/nuancedegreg-blip/Sumup-images/main/images_v6/LM-85565476.jpg
LM-85565490,recovered,bing,https://i.pinimg.com/736x/6b/18/ed/6b18edcafb9ffb75ef3cf142bec0a1ba.jpg,https://www.pinterest.com/pin/new-miller-century-1150-rotator-for-zips-aw-direct-customer-in-illinois--451767406379129315/,https://raw.githubusercontent.com/nuancedegreg-blip/Sumup-images/main/images_v6/LM-85565490.jpg
LM-85565491,recovered,bing,https://rockeando.net/wp-content/uploads/2018/12/23722567_1487876577960982_6475149641658471835_n.jpg,https://rockeando.net/gera-mx-444/,https://raw.githubusercontent.com/nuancedegreg-blip/Sumup-images/main/images_v6/LM-85565491.jpg
LM-85565492,recovered,bing,http://pontodoconhecimento.com/wp-content/uploads/2023/10/1-3.png,https://pontodoconhecimento.com/numeros-romanos/,https://raw.githubusercontent.com/nuancedegreg-blip/Sumup-images/main/images_v6/LM-85565492.jpg
LM-85565495,recovered,bing,https://midias.correiobraziliense.com.br/_midias/jpg/2024/10/21/675x450/1_tania_rego_agencia_brasil-40869088.webp?20241021122231?20241021122231,https://www.correiobraziliense.com.br/politica/2024/10/6969342-depois-de-25-anos-manuela-davila-deixa-o-pcdob.html,https://raw.githubusercontent.com/nuancedegreg-blip/Sumup-images/main/images_v6/LM-85565495.jpg
LM-85565496,recovered,bing,https://club.shannons.com.au/image-library/news/E4AA7X80DKFT22T4_large/nathans-harley-davidson-bagger-the-ultimate-candy-apple-red.jpg,https://club.shannons.com.au/club/news/member-spotlight/nathans-harley-davidson-bagger-the-ultimate-candy-apple-red/,https://raw.githubusercontent.com/nuancedegreg-blip/Sumup-images/main/images_v6/LM-85565496.jpg
LM-85565499,recovered,bing,https://as2.ftcdn.net/v2/jpg/05/82/57/81/1000_F_582578161_74cvHUwMMHnVQGkxDwPKip5HCvmIi0dQ.jpg,https://ar.inspiredpencil.com/pictures-2023/television-drawing,https://raw.githubusercontent.com/nuancedegreg-blip/Sumup-images/main/images_v6/LM-85565499.jpg
LM-85565500,recovered,bing,https://cdn.thehollywoodgossip.com/uploads/2026/08/GettyImages-1423558432-1-1024x771.jpg,https://www.thehollywoodgossip.com/2026/08/hayden-panettieres-heartbreaking-final-interview-revealed-i-have-a-lot-more-life-left-to-live/,https://raw.githubusercontent.com/nuancedegreg-blip/Sumup-images/main/images_v6/LM-85565500.jpg
LM-85565501,recovered,bing,https://cdn.mwave.com.au/images/400/apple_iphone_17_pro_max_256gb_cosmic_orange_ac89347_67843.jpg,https://www.mwave.com.au/product/apple-iphone-17-pro-max-256gb-cosmic-orange-ac89347,https://raw.githubusercontent.com/nuancedegreg-blip/Sumup-images/main/images_v6/LM-85565501.jpg
LM-85565504,recovered,bing,https://mortgageproscan.ca/images/default-source/member-benefit-logos/thepersonal-logo.jpg?sfvrsn=c6367566_0,https://mortgageproscan.ca/membership/benefits/insurance-programs,https://raw.githubusercontent.com/nuancedegreg-blip/Sumup-images/main/images_v6/LM-85565504.jpg
LM-85565506,recovered,bing,https://ae01.alicdn.com/kf/Sfb68fa026f064380a59d3daf313c4ec65/Tactical-Helmet-Mask-Integrated-Airsoft-Paintball-Wargame-Full-Protect-Helmet-High-Quality-Outdoor-Motorcycle-Cycling-Equipment.jpg,https://ar.inspiredpencil.com/pictures-2023/cool-airsoft-masks,https://raw.githubusercontent.com/nuancedegreg-blip/Sumup-images/main/images_v6/LM-85565506.jpg
LM-85565507,recovered,bing,https://news.sportslogos.net/wp-content/uploads/2021/02/2021-low-a-minor-league-baseball-alignment-divisions-leagues-teams-logos-1.png,https://news.sportslogos.net/2021/02/15/a-breakdown-of-minor-league-baseballs-total-realignment-for-2021/baseball/,https://raw.githubusercontent.com/nuancedegreg-blip/Sumup-images/main/images_v6/LM-85565507.jpg
LM-85565508,recovered,bing,https://tn.com.ar/resizer/v2/los-mejores-memes-del-partido-entre-boca-y-atletico-de-tucuman-foto-x-JHHNMPJLKNBVDGMZDQB45DRMZ4.PNG?auth=ecd5b2c592de65e54c6c61f3794dcfcc5eec562a955b6e04cc0ac04bd87da292&width=767,https://tn.com.ar/deportes/futbol/2025/07/23/los-mejores-memes-del-partido-entre-boca-y-atletico-de-tucuman-por-la-copa-argentina/,https://raw.githubusercontent.com/nuancedegreg-blip/Sumup-images/main/images_v6/LM-85565508.jpg
LM-85565509,recovered,bing,http://wallpapercave.com/wp/r8dAq9A.jpg,http://wallpapercave.com/funny-spongebob-wallpaper,https://raw.githubusercontent.com/nuancedegreg-blip/Sumup-images/main/images_v6/LM-85565509.jpg
LM-85565510,recovered,bing,https://cdn1-www.bureauveritas.com.pe/sites/g/files/zypfnx1046/files/2025-12/take-water-samples-for-analysis-selective-focus-2024-12-19-20-38-02-utc.JPG,https://www.bureauveritas.com.pe/es/explore-nuestros-mercados-y-servicios/medio-ambiente/servicios-de-muestreo-ambiental,https://raw.githubusercontent.com/nuancedegreg-blip/Sumup-images/main/images_v6/LM-85565510.jpg
LM-85565511,recovered,bing,https://b3577058.smushcdn.com/3577058/wp-content/uploads/2024/05/Clubes-em-Brasilia-Iate-Clube-de-Brasilia-720x511.webp?lossy=1&strip=0&webp=1,https://www.quintoandar.com.br/guias/cidades/clubes-em-brasilia/,https://raw.githubusercontent.com/nuancedegreg-blip/Sumup-images/main/images_v6/LM-85565511.jpg
LM-85565512,recovered,bing,https://www.learningaboutelectronics.com/imagenes/Formula-de-relacion-albumina-globulina.png,https://www.learningaboutelectronics.com/Articulos/Calculadora-de-relacion-albumina-globulina.php,https://raw.githubusercontent.com/nuancedegreg-blip/Sumup-images/main/images_v6/LM-85565512.jpg
LM-85666975,recovered,bing,https://www.slideegg.com/image/catalog/478231-budget-presentation-template-ppt.png,https://www.slideegg.com/budget-presentation-template-ppt-1,https://raw.githubusercontent.com/nuancedegreg-blip/Sumup-images/main/images_v6/LM-85666975.jpg
LM-85848855,recovered,bing,https://m.media-amazon.com/images/I/81PZzJpNFwL._SL1425_.jpg,https://www.amazon.com/Complete-Israeli-Dancing-Music-Collection/dp/B01K0WJVMA,https://raw.githubusercontent.com/nuancedegreg-blip/Sumup-images/main/images_v6/LM-85848855.jpg
LM-85849100,recovered,bing,https://logos-world.net/wp-content/uploads/2021/05/Volkswagen-Logo-History.jpg,https://storage.googleapis.com/dnfspbkesvione/volkswagen-logo-evolution.html,https://raw.githubusercontent.com/nuancedegreg-blip/Sumup-images/main/images_v6/LM-85849100.jpg
LM-86273298,recovered,bing,https://d2gfz7wkiigkmv.cloudfront.net/pickin/2/7/5/WkXeV_vNR2KeutI3ZgYxkw,https://www.wishbucket.io/items/3014678,https://raw.githubusercontent.com/nuancedegreg-blip/Sumup-images/main/images_v6/LM-86273298.jpg
LM-86273301,recovered,bing,https://gifdb.com/images/high/friday-funny-364-x-498-gif-0l1k67wi4gm5prky.gif,https://gifdb.com/friday-funny,https://raw.githubusercontent.com/nuancedegreg-blip/Sumup-images/main/images_v6/LM-86273301.jpg
LM-86273304,recovered,bing,https://s3-ap-southeast-2.amazonaws.com/awm-media/collection/A03626/screen/4169526.JPG,https://www.awm.gov.au/collection/C1007527,https://raw.githubusercontent.com/nuancedegreg-blip/Sumup-images/main/images_v6/LM-86273304.jpg
LM-86273310,recovered,bing,https://blogger.googleusercontent.com/img/b/R29vZ2xl/AVvXsEiL-WFRGmUv4uPwVtkqJ-m6Wbf4wsTs2uXiR1a4xNVd0OKVka1MjMKvqUfnZdVG82g4QmoMABJpJ885HnBPDXcDh-B8erZxMhymgfFXfujAaX4uWuudCXXZI-6H_ctY2vy4YUTUZ6N8MQXAicxuKkXmonwhxPdPqs6ukSn1-wcOPrBQAtmAMmIYPJ7CO1Iy/s780/painting-ideas-for-kids.png,https://fity.club/lists/suggestions/painting-for-kids/,https://raw.githubusercontent.com/nuancedegreg-blip/Sumup-images/main/images_v6/LM-86273310.jpg
LM-86273378,recovered,bing,https://i.ytimg.com/vi/JToL90QdwvM/maxresdefault.jpg,https://www.youtube.com/watch?v=JToL90QdwvM,https://raw.githubusercontent.com/nuancedegreg-blip/Sumup-images/main/images_v6/LM-86273378.jpg
LM-86273382,recovered,bing,https://i.makeagif.com/media/4-03-2016/DvdHNT.gif,https://makeagif.com/gif/naomi-vs-cameron-raw-sept-15-2014-DvdHNT,https://raw.githubusercontent.com/nuancedegreg-blip/Sumup-images/main/images_v6/LM-86273382.jpg
LM-86281466,recovered,bing,http://acdn.mitiendanube.com/stores/001/413/168/products/camisa-japao-2022-2023-away-branca-adidas-copa-do-mundo-qatar-31-704fd20f01824f07fb16626891993211-640-0.jpg,https://www.lojaidc.com.br/camisas-de-time/selecoes/asia1/japao/,https://raw.githubusercontent.com/nuancedegreg-blip/Sumup-images/main/images_v6/LM-86281466.jpg
LM-86408380,recovered,bing,https://careliftservices.co.uk/wp-content/uploads/slider/cache/119091028187ec98dea624c5a3d3631d/terry-lifts.jpg,https://careliftservices.co.uk/wheelchair-platform-lifts/,https://raw.githubusercontent.com/nuancedegreg-blip/Sumup-images/main/images_v6/LM-86408380.jpg
LM-86408382,recovered,bing,https://c8.alamy.com/comp/HBW3F4/the-guns-of-fort-petticoat-peggy-maley-1957-HBW3F4.jpg,https://fity.club/lists/suggestions/Peggy-Maley/,https://raw.githubusercontent.com/nuancedegreg-blip/Sumup-images/main/images_v6/LM-86408382.jpg
LM-86408385,recovered,bing,https://static1.colliderimages.com/wordpress/wp-content/uploads/2023/11/elfcaancamel-cl-coat2.jpeg,https://collider.com/elf-james-caan/,https://raw.githubusercontent.com/nuancedegreg-blip/Sumup-images/main/images_v6/LM-86408385.jpg
LM-86523592,recovered,bing,https://royalenfield.cr/wp-content/uploads/2024/07/imagen_lateral_atributos_hntr_350.webp,https://royalenfield.cr/motos/hntr-350/,https://raw.githubusercontent.com/nuancedegreg-blip/Sumup-images/main/images_v6/LM-86523592.jpg
LM-86523595,recovered,bing,https://bludiode.com/63282-large_default/apple-iphone-17-pro-max-single-sim-esim-256-gb-naranja-cosmico-especificaciones-de-hong-kong-mfyn4za-a-activado.jpg,https://bludiode.com/es/telefonos-y-smartphones/apple-iphone-17-pro-max-single-sim-esim-256-gb-naranja-cosmico-especificaciones-de-hong-kong-mfyn4za-a-activado-29433/,https://raw.githubusercontent.com/nuancedegreg-blip/Sumup-images/main/images_v6/LM-86523595.jpg
LM-86523597,recovered,bing,"https://images-wixmp-ed30a86b8c4ca887773594c2.wixmp.com/f/fb019315-9dc3-44e4-a8a3-c06d379a7711/ddyl2wt-d6c8b54e-6eca-4c9d-8752-7ff81a6f2a37.jpg/v1/fill/w_800,h_1200,q_75,strp/pokemon_all_gen_8_mega_form_20x30_by_nadzsamsonart_by_rsam_ddyl2wt-fullview.jpg?token=eyJ0eXAiOiJKV1QiLCJhbGciOiJIUzI1NiJ9.eyJzdWIiOiJ1cm46YXBwOjdlMGQxODg5ODIyNjQzNzNhNWYwZDQxNWVhMGQyNmUwIiwiaXNzIjoidXJuOmFwcDo3ZTBkMTg4OTgyMjY0MzczYTVmMGQ0MTVlYTBkMjZlMCIsIm9iaiI6W1t7ImhlaWdodCI6Ijw9MTIwMCIsInBhdGgiOiJcL2ZcL2ZiMDE5MzE1LTlkYzMtNDRlNC1hOGEzLWMwNmQzNzlhNzcxMVwvZGR5bDJ3dC1kNmM4YjU0ZS02ZWNhLTRjOWQtODc1Mi03ZmY4MWE2ZjJhMzcuanBnIiwid2lkdGgiOiI8PTgwMCJ9XV0sImF1ZCI6WyJ1cm46c2VydmljZTppbWFnZS5vcGVyYXRpb25zIl19.yffQ2K6mFsReWWF87g-aK6wgi2cdmT-PgQziaC1ZalI",https://www.deviantart.com/rsam/art/POKEMON-ALL-GEN-8-MEGA-FORM-20x30-by-NADZSAMSONART-844150781,https://raw.githubusercontent.com/nuancedegreg-blip/Sumup-images/main/images_v6/LM-86523597.jpg
LM-86523615,recovered,bing,https://i.pinimg.com/736x/4a/86/8d/4a868de95e482b5839626f7b2343afaa.jpg,https://ataglance.randstad.com/viewer/doors-of-durin-tattoo.html,https://raw.githubusercontent.com/nuancedegreg-blip/Sumup-images/main/images_v6/LM-86523615.jpg
LM-86523619,recovered,bing,https://www.chm-montalivet.com/wp-content/uploads/sites/48/2023/12/famille-2.jpg,https://uploads.farben-kussauer.de/mit-der-familie-am-fkkstrand-fkk-urlaub-familie-tipps-fur-perfekten-familienurlaub-am-strand/,https://raw.githubusercontent.com/nuancedegreg-blip/Sumup-images/main/images_v6/LM-86523619.jpg
LM-86523622,recovered,bing,https://cdn.shopify.com/s/files/1/0044/3708/2200/files/Flowers_outlining_step_8_final.jpg?v=1658939938,http://fity.club/lists/suggestions/flowers-drawing/,https://raw.githubusercontent.com/nuancedegreg-blip/Sumup-images/main/images_v6/LM-86523622.jpg
LM-86523626,recovered,bing,http://upload.wikimedia.org/wikipedia/commons/8/80/English_Horn_picture.jpg,https://aprenantatgeinfantil.blogspot.com/2012/10/,https://raw.githubusercontent.com/nuancedegreg-blip/Sumup-images/main/images_v6/LM-86523626.jpg
LM-86523632,recovered,bing,https://img.assinaja.com/assets/tZ/099/img/676697_900x900.png,https://mundosinfinitos.com.br/geek/produto/Manga-O-cara-que-estou-a-fim-nao-e-um-cara-Volume-1-Sobrecapa-Variante-152416.aspx,https://raw.githubusercontent.com/nuancedegreg-blip/Sumup-images/main/images_v6/LM-86523632.jpg
LM-86523634,recovered,bing,https://wallup.net/wp-content/uploads/2016/01/186050-lion-animals.jpg,https://dmsprint2014.de/lion-lions-bilder-la-roja-lautet-neue-fussballara-ein/,https://raw.githubusercontent.com/nuancedegreg-blip/Sumup-images/main/images_v6/LM-86523634.jpg
LM-86523637,recovered,bing,https://fastly-s3.allmusic.com/release/mr0001741444/front/400/P3AKKwuyNdUSh9DS3fy_fwSijaXJlYnq0St31qpAJWo=.jpg,https://www.allmusic.com/album/this-is-1967-mw0001445646,https://raw.githubusercontent.com/nuancedegreg-blip/Sumup-images/main/images_v6/LM-86523637.jpg
LM-86523640,recovered,bing,http://clipart-library.com/newhp/social20studies.jpg,http://clipart-library.com/clipart/social-studies-clipart_4.htm,https://raw.githubusercontent.com/nuancedegreg-blip/Sumup-images/main/images_v6/LM-86523640.jpg
LM-86523645,recovered,bing,https://thumb-nss.xhcdn.com/a/b4PdUPdPECUef4JLI7UNtA/024/302/544/v2/2560x1440.225.webp,https://xhamster.desi/videos/playing-with-myself-while-i-watch-some-porn-videos-xhyP416,https://raw.githubusercontent.com/nuancedegreg-blip/Sumup-images/main/images_v6/LM-86523645.jpg
LM-86523647,recovered,bing,https://amocolorir.com.br/wp-content/uploads/2026/02/Desenho-dinossauro-para-colorir.jpeg,https://amocolorir.com.br/desenho-infantil-para-colorir-e-imprimir/,https://raw.githubusercontent.com/nuancedegreg-blip/Sumup-images/main/images_v6/LM-86523647.jpg
LM-86523648,recovered,bing,https://scienceshop.vascsc.org/wp-content/uploads/2018/06/Height-Scale-NT-Small.jpg,https://fity.club/lists/h/height-measuring-chart/,https://raw.githubusercontent.com/nuancedegreg-blip/Sumup-images/main/images_v6/LM-86523648.jpg
LM-86523650,recovered,bing,https://mypromo.my/wp-content/uploads/2022/09/iPhone-14-scaled.jpg,https://mypromo.my/apple-iphone-14-price-in-malaysia/,https://raw.githubusercontent.com/nuancedegreg-blip/Sumup-images/main/images_v6/LM-86523650.jpg
LM-86532229,recovered,bing,https://vtvnews.com.br/wp-content/uploads/2026/03/Tele-Sena-semanal-promete-mais-de-1-milhao-em-premios-veja-como-participar.-Foto-Gerada-por-IA.jpg,https://vtvnews.com.br/noticias/cotidiano/tele-sena-semanal-edicao-96-premios-bs/,https://raw.githubusercontent.com/nuancedegreg-blip/Sumup-images/main/images_v6/LM-86532229.jpg
LM-86677318,recovered,bing,https://www.geleiatotal.com.br/wp-content/uploads/2021/08/Cami-Rabelo-Reconectar-1.jpeg,https://www.geleiatotal.com.br/2021/08/02/camie-lanca-o-primeiro-single-do-album-reconectar/,https://raw.githubusercontent.com/nuancedegreg-blip/Sumup-images/main/images_v6/LM-86677318.jpg
LM-86904474,recovered,bing,https://suncatcherstudio.com/uploads/printables/word-search/spring-word-search/pdf-png/printable-spring-word-search-flowers-puzzle-3.png,https://ar.inspiredpencil.com/pictures-2023/word-search-puzzles-large-print,https://raw.githubusercontent.com/nuancedegreg-blip/Sumup-images/main/images_v6/LM-86904474.jpg
LM-86904476,recovered,bing,https://upload.wikimedia.org/wikipedia/commons/thumb/f/f4/USA_Louisiana_location_map.svg/500px-USA_Louisiana_location_map.svg.png,"https://en.wikipedia.org/wiki/Alfalfa,_Louisiana",https://raw.githubusercontent.com/nuancedegreg-blip/Sumup-images/main/images_v6/LM-86904476.jpg
LM-86904481,recovered,bing,https://i.ytimg.com/vi/wN4tE5Tn7iQ/hqdefault.jpg,https://www.youtube.com/watch?v=wN4tE5Tn7iQ,https://raw.githubusercontent.com/nuancedegreg-blip/Sumup-images/main/images_v6/LM-86904481.jpg
LM-87401296,recovered,bing,https://www.autobics.com/wp-content/uploads/2024/08/2024-Mahindra-Thar-Roxx-AX7L-White.jpg,https://www.autobics.com/2024/08/2024-mahindra-thar-roxx-price-colors-variants-features/,https://raw.githubusercontent.com/nuancedegreg-blip/Sumup-images/main/images_v6/LM-87401296.jpg
LM-87401300,recovered,bing,https://m.media-amazon.com/images/I/81+dZUaXrLL._AC_SL1500_.jpg,https://www.amazon.com.mx/Convenience-International-artículos-esenciales-características/dp/B09SQFQ4KK,https://raw.githubusercontent.com/nuancedegreg-blip/Sumup-images/main/images_v6/LM-87401300.jpg
LM-87401381,recovered,bing,https://assets.cadbull.com/product_img/original/2024/BuildingElevationSpecificationsCADDrawingInAutoCADDWGFileTueJan2024085347.jpg,https://fity.club/lists/2025/Building-Elevation-Autocad/,https://raw.githubusercontent.com/nuancedegreg-blip/Sumup-images/main/images_v6/LM-87401381.jpg
LM-87401788,recovered,bing,https://removeandreplace.com/wp-content/uploads/2015/09/The-Periodic-Table-Of-The-Elements.jpg,https://removeandreplace.com/2015/09/09/periodic-table-of-elements-with-names-and-symbols/,https://raw.githubusercontent.com/nuancedegreg-blip/Sumup-images/main/images_v6/LM-87401788.jpg
LM-87401790,recovered,bing,https://media2.dallasobserver.com/dal/imager/u/slideshow/12027244/luis-miguel-credit-ethan-miller-getty.jpg,https://vtaqpmves.blogspot.com/2022/09/luis-miguel.html,https://raw.githubusercontent.com/nuancedegreg-blip/Sumup-images/main/images_v6/LM-87401790.jpg
LM-87401793,recovered,bing,https://images.fineartamerica.com/images/artworkimages/mediumlarge/2/aurora-borealis-over-iceland-gnther-egger.jpg,https://pixels.com/featured/aurora-borealis-over-iceland-gnther-egger.html,https://raw.githubusercontent.com/nuancedegreg-blip/Sumup-images/main/images_v6/LM-87401793.jpg
LM-87401794,recovered,bing,https://i.etsystatic.com/12120919/r/il/f58452/1657330490/il_fullxfull.1657330490_2jdm.jpg,https://animalia-life.club/qa/pictures/baby-shower-cake-pops,https://raw.githubusercontent.com/nuancedegreg-blip/Sumup-images/main/images_v6/LM-87401794.jpg
LM-87401795,recovered,bing,https://i.pinimg.com/originals/49/8a/ff/498aff5c5a6a3b80c07b670ba41cd548.jpg,https://www.pinterest.com/pin/8514686789610302/,https://raw.githubusercontent.com/nuancedegreg-blip/Sumup-images/main/images_v6/LM-87401795.jpg
LM-87401796,recovered,bing,https://media.radaronline.com/brand-img/vGvh2PUAx/0x0/federal-prosecutors-call-nicki-minaj-husband-kenneth-petty-15-months-prison-2jpg-1656088954796.jpg,https://radaronline.com/p/federal-prosecutors-call-nicki-minaj-husband-kenneth-petty-15-months-prison/,https://raw.githubusercontent.com/nuancedegreg-blip/Sumup-images/main/images_v6/LM-87401796.jpg
LM-87401797,recovered,bing,https://blitzattackchile.cl/wp-content/uploads/2021/09/Plantilla-producto14-300x300.png,https://blitzattackchile.cl/producto/aspirador-plano-5/,https://raw.githubusercontent.com/nuancedegreg-blip/Sumup-images/main/images_v6/LM-87401797.jpg
LM-87422581,recovered,bing,"https://img1.wsimg.com/isteam/ip/e9802bf7-ab91-4ecd-a217-97dbefe1e098/0902201239f_HDR.jpg/:/cr=t:0%25,l:0%25,w:100%25,h:100%25/rs=w:400,cg:true",https://aeceng.net/athletic-facilities-1,https://raw.githubusercontent.com/nuancedegreg-blip/Sumup-images/main/images_v6/LM-87422581.jpg
LM-87422583,recovered,bing,https://i.pinimg.com/originals/09/71/a5/0971a54b8dec79ec52691c1a055ea18f.jpg,https://storage.googleapis.com/dpgwqgzklngpxe/list-of-laboratory-equipment-and-their-functions.html,https://raw.githubusercontent.com/nuancedegreg-blip/Sumup-images/main/images_v6/LM-87422583.jpg
LM-87425245,recovered,bing,https://static.vecteezy.com/system/resources/thumbnails/047/729/984/original/aerial-view-of-the-majestic-prambanan-temple-in-yogyakarta-indonesia-video.jpg,https://www.vecteezy.com/video/47729984-aerial-view-of-the-majestic-prambanan-temple-in-yogyakarta-indonesia,https://raw.githubusercontent.com/nuancedegreg-blip/Sumup-images/main/images_v6/LM-87425245.jpg
LM-87425246,recovered,bing,https://archives-nolalibrary.contentdm.oclc.org/digital/api/singleitem/image/p16880coll58/256/default.jpg,https://archives-nolalibrary.contentdm.oclc.org/digital/collection/p16880coll58/id/256/,https://raw.githubusercontent.com/nuancedegreg-blip/Sumup-images/main/images_v6/LM-87425246.jpg
LM-87425257,recovered,bing,https://noticias-ahora.com/wp-content/uploads/2022/01/Mandocas.jpg,https://noticias-ahora.com/receta-tierra-sol-amada-deliciosas-mandocas/,https://raw.githubusercontent.com/nuancedegreg-blip/Sumup-images/main/images_v6/LM-87425257.jpg
LM-87477242,recovered,bing,https://d323w7klwy72q3.cloudfront.net/i/a/2012/20120808midwest/D4261.JPG,https://www.purplewave.com/auction/120808/item/D4261/Snapper-Comet-Lawn_and_Garden-Lawn_and_Garden-Kansas,https://raw.githubusercontent.com/nuancedegreg-blip/Sumup-images/main/images_v6/LM-87477242.jpg
LM-87477251,recovered,bing,https://a.cdn-hotels.com/gdcs/production136/d124/34850933-4df8-4efb-96f5-bd30efb264c9.jpg,https://fity.club/lists/suggestions/lanzarote-spain-beaches/,https://raw.githubusercontent.com/nuancedegreg-blip/Sumup-images/main/images_v6/LM-87477251.jpg
LM-87477474,recovered,bing,https://i.ytimg.com/vi/Y6iZIoM28go/maxresdefault.jpg,https://www.youtube.com/watch?v=Y6iZIoM28go,https://raw.githubusercontent.com/nuancedegreg-blip/Sumup-images/main/images_v6/LM-87477474.jpg
LM-87477486,no_downloadable_image,bing,https://lookaside.fbsbx.com/lookaside/crawler/media/?media_id=874301789363447,https://lafraosses.blogspot.com/2021/10/hormonio-feminino-em-homens-efeitos.html,
LM-87477719,recovered,bing,https://cdn11.bigcommerce.com/s-n8jwhmma29/product_images/uploaded_images/ijt-printer-test-page.jpg,https://storage.googleapis.com/hantomervocok/test-printer-test-page.html,https://raw.githubusercontent.com/nuancedegreg-blip/Sumup-images/main/images_v6/LM-87477719.jpg
LM-87477722,recovered,bing,https://st1.latestly.com/wp-content/uploads/2023/07/Lionel-Messi-officially-signs-for-Inter-Miami-784x441.jpg,https://www.latestly.com/socially/sports/football/lionel-messi-officially-signs-contract-with-mls-club-inter-miami-pictures-and-videos-go-viral-5281664.html,https://raw.githubusercontent.com/nuancedegreg-blip/Sumup-images/main/images_v6/LM-87477722.jpg
LM-87477749,recovered,bing,https://www.wildernessshots.com/wp-content/uploads/2024/11/Big-Bull-Elk-in-fall-colors-field-RMNP-wildlife-photos.jpg,https://www.wildernessshots.com/portfolio/bull-elk-with-golden-autumn-colors/,https://raw.githubusercontent.com/nuancedegreg-blip/Sumup-images/main/images_v6/LM-87477749.jpg
LM-87657925,recovered,bing,https://foods.shopkruz.com/wp-content/uploads/2025/05/Finalntitled-1.jpg,https://foods.shopkruz.com/product/foods-shopkruz-pure-gond-katira-edible-gum-tragacanth-gum-badam-pisin-100-grams-imported-nigerin-talu-size/,https://raw.githubusercontent.com/nuancedegreg-blip/Sumup-images/main/images_v6/LM-87657925.jpg
LM-87796718,recovered,bing,https://i.ytimg.com/vi/CPOJvBJSz64/sddefault.jpg,https://fity.club/lists/n/nomyn-lightness-youtube/,https://raw.githubusercontent.com/nuancedegreg-blip/Sumup-images/main/images_v6/LM-87796718.jpg
LM-87796724,recovered,bing,https://i.redd.it/hkyftx1k4io91.png,https://ansvers.com/map-of-all-the-rivers-in-the-world/,https://raw.githubusercontent.com/nuancedegreg-blip/Sumup-images/main/images_v6/LM-87796724.jpg
LM-87919181,recovered,bing,https://b2c-contenthub.com/wp-content/uploads/2022/11/Apple-iPac-Pro-11_inch-M2-2022_review_18.jpg?quality=50&strip=all&w=1200,https://www.techadvisor.com/article/1372820/ipad-pro-12-9in-2022-review.html,https://raw.githubusercontent.com/nuancedegreg-blip/Sumup-images/main/images_v6/LM-87919181.jpg
LM-88042328,recovered,bing,https://static.vecteezy.com/system/resources/previews/007/717/904/original/hair-removal-methods-epilation-depilation-infographic-comparison-of-the-effect-of-sugaring-razor-photoepilator-laser-and-electroepilation-pink-icons-in-cartoon-style-for-a-beauty-salon-vector.jpg,https://www.vecteezy.com/vector-art/7717904-hair-removal-methods-epilation-depilation-vector-infographic-comparison-of-the-effect-of-sugaring-razor-photoepilator-laser-and-electroepilation-pink-icons-in-cartoon-style-for-a-beauty-salon,https://raw.githubusercontent.com/nuancedegreg-blip/Sumup-images/main/images_v6/LM-88042328.jpg
LM-88042405,recovered,bing,https://www.tclf.org/sites/default/files/styles/full_width/public/thumbnails/image/TN_Nashville_BelmontMansion_byWayneHsieh-Flickr_2007_002_sig_001.jpg?itok=uy6eE5gy,https://fity.club/lists/suggestions/Belmont-Mansion-Nashville-Tennessee/,https://raw.githubusercontent.com/nuancedegreg-blip/Sumup-images/main/images_v6/LM-88042405.jpg
LM-88120681,recovered,bing,https://m.media-amazon.com/images/I/71tpwBYOuLL.jpg,https://storage.googleapis.com/jyisundartaw/bathroom-wall-mount-tub-faucet.html,https://raw.githubusercontent.com/nuancedegreg-blip/Sumup-images/main/images_v6/LM-88120681.jpg
LM-88120682,recovered,bing,https://i.pinimg.com/originals/21/df/14/21df14cd7f9e580f4fe5bddff2038301.jpg,https://in.pinterest.com/pin/sukhdev--302304193759172086/,https://raw.githubusercontent.com/nuancedegreg-blip/Sumup-images/main/images_v6/LM-88120682.jpg
LM-88120686,recovered,bing,https://selecoes.ig.com.br/media/uploads/legacy/3/1/887a10c3bc880878d661e3a33a0234ab70eea593.jpg,https://narodnatribuna.info/lists/p/piadas-engracadas-de-professores/,https://raw.githubusercontent.com/nuancedegreg-blip/Sumup-images/main/images_v6/LM-88120686.jpg
LM-88120691,recovered,bing,https://media.licdn.com/dms/image/v2/D4D0BAQE8CEbvL4UNYA/company-logo_200_200/company-logo_200_200/0/1734013413956/grupoaccord_logo?e=2147483647&v=beta&t=RqE_MFdt4NCVDwHx0FnjozF2JoL90wtxNW9z4gwvuks,https://www.linkedin.com/company/grupoaccord,https://raw.githubusercontent.com/nuancedegreg-blip/Sumup-images/main/images_v6/LM-88120691.jpg
LM-88120696,recovered,bing,https://i.pinimg.com/736x/9b/23/a8/9b23a8a1a686e2031ddf36a42aeca2b6.jpg,https://www.pinterest.com/pin/370843350569037289/,https://raw.githubusercontent.com/nuancedegreg-blip/Sumup-images/main/images_v6/LM-88120696.jpg
LM-88120698,recovered,bing,https://ontheworldmap.com/canada/city/iqaluit/detailed-map-of-iqaluit.jpg,https://ontheworldmap.com/canada/city/iqaluit/,https://raw.githubusercontent.com/nuancedegreg-blip/Sumup-images/main/images_v6/LM-88120698.jpg
LM-88120702,recovered,bing,https://www.shutterstock.com/image-vector/happy-birthday-lettering-text-vector-260nw-2465652843.jpg,https://www.shutterstock.com/search/male-birthday-cards,https://raw.githubusercontent.com/nuancedegreg-blip/Sumup-images/main/images_v6/LM-88120702.jpg
LM-88120708,recovered,bing,https://static.wikia.nocookie.net/disney/images/3/3c/KingAugustus.jpg/revision/latest?cb=20160417174911,https://disney.fandom.com/wiki/King_Augustus,https://raw.githubusercontent.com/nuancedegreg-blip/Sumup-images/main/images_v6/LM-88120708.jpg
LM-88127360,recovered,bing,https://i.ytimg.com/vi/AvS2dYE42A4/maxresdefault.jpg?sqp=-oaymwEmCIAKENAF8quKqQMa8AEB-AH-CYAC0AWKAgwIABABGHIgSyhHMA8=&rs=AOn4CLBZaGHKUwG8cXqNRJo9hFiWoMOjpA,https://www.youtube.com/watch?v=AvS2dYE42A4,https://raw.githubusercontent.com/nuancedegreg-blip/Sumup-images/main/images_v6/LM-88127360.jpg
LM-88132900,recovered,bing,https://s1.pictoa.com/media/galleries/155/649/155649594487225486a/30841435944872259e6d.jpg,https://www.pictoa.com/albums/busty-milf-cougar-slut-zoey-tyler-doing-a-stiff-dick-3084143.html,https://raw.githubusercontent.com/nuancedegreg-blip/Sumup-images/main/images_v6/LM-88132900.jpg
LM-88132958,recovered,bing,https://sleeoffroad.com/wp-content/uploads/2021/01/smp20002-1.jpg,https://ar.inspiredpencil.com/pictures-2023/battery-cables-on-battery,https://raw.githubusercontent.com/nuancedegreg-blip/Sumup-images/main/images_v6/LM-88132958.jpg
LM-88132962,recovered,bing,https://vikis.kvk.lt/lib/exe/fetch.php?w=400&h=225&tok=af9bb9&media=https%3A%2F%2Fvikis.kvk.lt%2F%2Flib%2Fplugins%2Fckgedit%2Ffckeditor%2Fuserfiles%2Fimage%2Fkt_sis%2Fmicrosoft-teams-emblem-700x394.png,https://vikis.kvk.lt/doku.php?id=lt:kt_sis:teams,https://raw.githubusercontent.com/nuancedegreg-blip/Sumup-images/main/images_v6/LM-88132962.jpg
LM-88142316,recovered,bing,"https://static.wixstatic.com/media/11062b_ad1f8a85bab44e0fbc36819ea2e8eeb8~mv2.jpeg/v1/fill/w_4750,h_3167,al_c,q_90,enc_auto/11062b_ad1f8a85bab44e0fbc36819ea2e8eeb8~mv2.jpeg",https://scottkpawsitiveatt.wixsite.com/my-site-1/obediance-training,https://raw.githubusercontent.com/nuancedegreg-blip/Sumup-images/main/images_v6/LM-88142316.jpg
LM-88143176,recovered,bing,https://khodrofarsude.com/wp-content/uploads/2024/08/طرح-تعویض-تاکسی-فرسوده-2-2.webp,https://khodrofarsude.com/worn-out-taxi-replacement-plan/,https://raw.githubusercontent.com/nuancedegreg-blip/Sumup-images/main/images_v6/LM-88143176.jpg
LM-88147216,recovered,bing,https://http2.mlstatic.com/D_NQ_NP_678022-MLB83705416684_042025-O-kit-20-corrente-plastica-elo-grande-calha-chuva-isolamento.webp,https://produto.mercadolivre.com.br/MLB-5362253844-kit-20-corrente-plastica-elo-grande-calha-chuva-isolamento-_JM,https://raw.githubusercontent.com/nuancedegreg-blip/Sumup-images/main/images_v6/LM-88147216.jpg
LM-88158977,recovered,bing,https://yt3.googleusercontent.com/QwdCRw7PkAXwxLuMhd03ZWoIwO1gn6uD1plhc5LPSSK9uL2_0rwQcmpCrEkFbw-SzCN7yxLg=s900-c-k-c0x00ffffff-no-rj,https://www.youtube.com/channel/UCB1lnXfEjwtfLYwZSadksrA,https://raw.githubusercontent.com/nuancedegreg-blip/Sumup-images/main/images_v6/LM-88158977.jpg
LM-88279383,recovered,bing,https://www.bankingthings.com/wp-content/uploads/2026/04/Login-to-TMB-Net-Banking.jpg,https://www.bankingthings.com/state-bank-of-india-timings/,https://raw.githubusercontent.com/nuancedegreg-blip/Sumup-images/main/images_v6/LM-88279383.jpg
LM-88279387,recovered,bing,"https://img.etimg.com/thumb/width-300,height-225,imgsize-1776614,resizemode-75,msid-121844269/wealth/save/free-update-of-aadhaar-online-uidai-extends-deadline-for-free-document-upload-till-this-date/aadhaar-update-illus.jpg",https://economictimes.indiatimes.com/wealth/save/free-update-of-aadhaar-online-uidai-extends-deadline-for-free-document-upload-till-this-date/articleshow/121843771.cms,https://raw.githubusercontent.com/nuancedegreg-blip/Sumup-images/main/images_v6/LM-88279387.jpg
LM-88318257,recovered,bing,https://cdn.shopify.com/s/files/1/0326/3840/2604/files/FINAL_CORRECTED_VERSION_PERIODIC_TABLE_2025_4.7MB.jpg?v=1747923265,https://fity.club/lists/suggestions/chemistry-chart-periodic-table/,https://raw.githubusercontent.com/nuancedegreg-blip/Sumup-images/main/images_v6/LM-88318257.jpg
LM-88318283,recovered,bing,https://ei.rdtcdn.com/m=eaSaaTbWx/media/videos/201910/13/22995951/original/14.jpg,https://es.redtube.com/22995951,https://raw.githubusercontent.com/nuancedegreg-blip/Sumup-images/main/images_v6/LM-88318283.jpg
LM-88318290,recovered,bing,https://i.ytimg.com/vi/1ohccwbl2L4/maxresdefault.jpg,https://www.youtube.com/watch?v=1ohccwbl2L4,https://raw.githubusercontent.com/nuancedegreg-blip/Sumup-images/main/images_v6/LM-88318290.jpg
LM-88318300,recovered,bing,https://www.minecraftskins.com/uploads/preview-skins/2020/11/25/technoblade-15854344.png?v292,https://www.minecraftskins.com/search/skin/technoblade/1/,https://raw.githubusercontent.com/nuancedegreg-blip/Sumup-images/main/images_v6/LM-88318300.jpg
LM-88318305,recovered,bing,https://www.bygonely.com/wp-content/uploads/2020/08/Young_Cybill_Shepherd_39.jpg,https://www.bygonely.com/young-cybill-shepherd/,https://raw.githubusercontent.com/nuancedegreg-blip/Sumup-images/main/images_v6/LM-88318305.jpg
LM-88318318,recovered,bing,"https://platform.theverge.com/wp-content/uploads/sites/2/chorus/uploads/chorus_asset/file/25357066/Disney__Logo_March_2024.png?quality=90&strip=all&crop=0,0,100,100",https://www.theverge.com/2024/3/27/24112994/disney-plus-logo-green-aurora-streaming-app,https://raw.githubusercontent.com/nuancedegreg-blip/Sumup-images/main/images_v6/LM-88318318.jpg
LM-88318424,recovered,bing,https://www.eejournal.com/wp-content/uploads/2020/08/max-0046-03-single-event-upset-seu.png,https://www.eejournal.com/article/handling-radiation-in-sram-based-fpgas-part-1/,https://raw.githubusercontent.com/nuancedegreg-blip/Sumup-images/main/images_v6/LM-88318424.jpg
LM-88318425,recovered,bing,https://biztechweekly.com/wp-content/uploads/2025/06/snapseed-3.0-ios-update-redesigned-interface-new-faves-tab-vintage-filters-enhance-googles-photo-editing-app.webp,https://biztechweekly.com/snapseed-3-0-ios-update-redesigned-interface-new-faves-tab-vintage-filters-enhance-googles-photo-editing-app/,https://raw.githubusercontent.com/nuancedegreg-blip/Sumup-images/main/images_v6/LM-88318425.jpg
LM-88318426,recovered,bing,https://web.eventogyn.com.br/file/embed/123937916919898949976141676375530545850,https://eventosaben.org.br/75cben/palestrantes/,https://raw.githubusercontent.com/nuancedegreg-blip/Sumup-images/main/images_v6/LM-88318426.jpg
LM-88319690,recovered,bing,https://cdnph.upi.com/svc/sv/upi/5261759921723/2025/1/830462924f0428a9319721f34d7edc09/Gaza-peace-talks-Witkoff-Kushner-arrival-triggers-breakthrough-hopes.jpg,https://www.upi.com/Top_News/World-News/2025/10/08/Gaza-talks-Witkoff-Kushner-join-Gaza-talks/5261759921723/,https://raw.githubusercontent.com/nuancedegreg-blip/Sumup-images/main/images_v6/LM-88319690.jpg
LM-88596328,recovered,bing,http://www.langleyflyingschool.com/Images/Commercial Pilot Program/Slow flight steep turns (reverse).gif,http://www.langleyflyingschool.com/Pages/Commercial Pilot Program.html,https://raw.githubusercontent.com/nuancedegreg-blip/Sumup-images/main/images_v6/LM-88596328.jpg
LM-88596577,recovered,bing,https://media.geeksforgeeks.org/wp-content/uploads/20200629202800/8085-architecture.jpg,https://www.geeksforgeeks.org/architecture-of-8085-microprocessor/,https://raw.githubusercontent.com/nuancedegreg-blip/Sumup-images/main/images_v6/LM-88596577.jpg
LM-88713230,recovered,bing,https://ajuda.rmbinformatica.com.br/images/windows-temas-icones-desktop.png,https://ajuda.rmbinformatica.com.br/sistemas-operacionais/microsoft-windows/exibindo-o-icone-de-meu-computador-na-area-de-trabalho-do-windows-10,https://raw.githubusercontent.com/nuancedegreg-blip/Sumup-images/main/images_v6/LM-88713230.jpg
LM-88763881,recovered,bing,https://c8.alamy.com/comp/2Y7HTKH/actress-tracy-reed-at-london-airport-21-april-1964-2Y7HTKH.jpg,https://moonagedaydream.film/actress/black-actress-tracy-reed,https://raw.githubusercontent.com/nuancedegreg-blip/Sumup-images/main/images_v6/LM-88763881.jpg
LM-88763888,recovered,bing,https://www.step2.com/cdn/shop/files/4906KR-Woodland-Adventure-Playhouse-and-Slide-002.jpg?v=1707793047&width=1200,https://www.step2.com/products/woodland-adventure-playhouse-slide,https://raw.githubusercontent.com/nuancedegreg-blip/Sumup-images/main/images_v6/LM-88763888.jpg
LM-88792666,recovered,bing,https://www.tourmag.com/photo/art/grande/49823516-38634947.jpg?v=1600164837,https://fity.club/lists/r/rosa-martinez-instagram/,https://raw.githubusercontent.com/nuancedegreg-blip/Sumup-images/main/images_v6/LM-88792666.jpg
LM-88792669,recovered,bing,https://images.squarespace-cdn.com/content/v1/52f42e06e4b0ec7646cbe66e/1473869580703-YMW447ML8BDE3SYAGCDB/EvansvilleIndianaPhotographer,https://fity.club/lists/o/outdoor-boudoir-photography/,https://raw.githubusercontent.com/nuancedegreg-blip/Sumup-images/main/images_v6/LM-88792669.jpg
LM-88792670,recovered,bing,https://blogger.googleusercontent.com/img/b/R29vZ2xl/AVvXsEiwgYkwNvVRtcpZuEne_DeL5n0c-oMQb90Xg0cYlkN7nxLqdXAQgfiBA9o6ktXgvbj9I0Pz7lYe-GG7wwop9t7o7-e9DeL7QEogQ2RtRlsRvwb7zOQ0SGmXzaqccKRpHOdbNgQ3H_9GLTE/s1600/das-deutsche-alphabet.jpg,https://mehmetcanozbag.blogspot.com/2016/11/das-deutsche-alphabet-alman-alfabesi.html,https://raw.githubusercontent.com/nuancedegreg-blip/Sumup-images/main/images_v6/LM-88792670.jpg
LM-88792674,recovered,bing,https://www.calendariomexico.com/img/blog/MX/2025/6/dia-del-padre-mexico-2025-r4k.jpg,https://www.calendariomexico.com/fechas/dia-del-padre-en-mexico-cuando-es-y-como-se-celebra,https://raw.githubusercontent.com/nuancedegreg-blip/Sumup-images/main/images_v6/LM-88792674.jpg
LM-88802142,recovered,bing,https://http2.mlstatic.com/D_NQ_NP_750346-MLA87889322855_072025-O.webp,https://www.mercadolibre.com.mx/dolfort-de-ketoprofeno-paracetamol-100mg300mg-12-tabletas/p/MLM52360365,https://raw.githubusercontent.com/nuancedegreg-blip/Sumup-images/main/images_v6/LM-88802142.jpg
LM-88899407,recovered,bing,https://sm.ign.com/t/ign_ap/screenshot/default/iphone-11_s1fw.3840.jpg,https://sea.ign.com/iphone-11/153986/review/the-iphone-11-perfecting-the-apple-smartphone-formula,https://raw.githubusercontent.com/nuancedegreg-blip/Sumup-images/main/images_v6/LM-88899407.jpg
LM-88899414,recovered,bing,https://mrpersonalizados.com/wp-content/uploads/2021/08/Camiseta-cumpleanos-globos-nina-web-600x618.jpg,https://mrpersonalizados.com/producto/camiseta-cumpleanos-globos/,https://raw.githubusercontent.com/nuancedegreg-blip/Sumup-images/main/images_v6/LM-88899414.jpg
LM-88899415,recovered,bing,https://worksheets.clipart-library.com/images2/printable-united-states-map-color/printable-united-states-map-color-22.png,https://worksheets.clipart-library.com/worksheet/printable-united-states-map-color-22.html,https://raw.githubusercontent.com/nuancedegreg-blip/Sumup-images/main/images_v6/LM-88899415.jpg
LM-88899417,recovered,bing,https://digital-circus.net/wp-content/uploads/2023/11/Digital_Circus_Pomni-47-2048x1152.jpg,https://digital-circus.net/characters/pomni.html,https://raw.githubusercontent.com/nuancedegreg-blip/Sumup-images/main/images_v6/LM-88899417.jpg
LM-88899421,recovered,bing,https://www.backenmachtgluecklich.de/media/2024/09/Schoko-Nuss-Kuchen-Blech-730x1095.jpg,https://www.backenmachtgluecklich.de/rezepte/nusskuchen-vom-blech.html,https://raw.githubusercontent.com/nuancedegreg-blip/Sumup-images/main/images_v6/LM-88899421.jpg
LM-88899423,recovered,bing,https://i.pinimg.com/736x/4e/61/c2/4e61c2ab508597f97be8d235c29d9c34.jpg,https://www.pinterest.com/ssjb9925/coco-wyo-coloring/,https://raw.githubusercontent.com/nuancedegreg-blip/Sumup-images/main/images_v6/LM-88899423.jpg
LM-88899426,recovered,bing,https://i.pinimg.com/originals/06/cc/cf/06cccf38e326bc10faabdff65a164956.jpg,https://www.artofit.org/image-gallery/29484572554843079/150-beautiful-birthday-wishes-with-images-quotes/,https://raw.githubusercontent.com/nuancedegreg-blip/Sumup-images/main/images_v6/LM-88899426.jpg
LM-88942446,recovered,bing,https://www.slideteam.net/wp/wp-content/uploads/2025/10/Quality-Control-Flowchart-Templates_Spanish.png,https://www.slideteam.net/blog/las-7-mejores-plantillas-de-diagramas-de-flujo-de-control-de-calidad-con-ejemplos-y-muestras?lang=spanish,https://raw.githubusercontent.com/nuancedegreg-blip/Sumup-images/main/images_v6/LM-88942446.jpg
LM-88943745,recovered,bing,https://c8.alamy.com/comp/2PG8K6K/nonthaburi-thailand-21st-mar-2023-a-gmw-tank-500-car-seen-during-the-event-the-44th-bangkok-international-motor-show-was-held-at-impact-muang-thong-in-nonthaburi-where-more-than-40-leading-brands-of-automakers-attended-to-exhibit-their-automotive-products-and-technology-including-the-new-electric-vehicles-in-the-annual-automobile-showcase-credit-sopa-images-limitedalamy-live-news-2PG8K6K.jpg,https://www.alamy.com/stock-photo/gmw-tank-500.html,https://raw.githubusercontent.com/nuancedegreg-blip/Sumup-images/main/images_v6/LM-88943745.jpg
LM-88943746,recovered,bing,https://i5.walmartimages.com/asr/311f88cf-75d5-4145-8cd8-58cd57fb2608.8d16d4328740334099ba4a082413a424.jpeg,https://www.walmart.com/ip/OUTSHINE-Cherry-Tangerine-Grape-Frozen-Fruit-Bars-12-Ct-Box-Gluten-Free-Non-GMO/44456289,https://raw.githubusercontent.com/nuancedegreg-blip/Sumup-images/main/images_v6/LM-88943746.jpg
LM-89071380,no_downloadable_image,bing,https://img.welt.de/img/geschichte/mobile208119737/6827932217-coriginal-w1000/The-shooting-of-Admiral-Byng-on-board-the-Monarque-1757.jpg,https://www.welt.de/geschichte/article208119745/Royal-Navy-Wegen-Erfolglosigkeit-Admiral-wurde-erschossen.html,
LM-89076529,recovered,bing,https://logos-world.net/wp-content/uploads/2021/04/Ford-Logo-History.jpg,https://logos-world.net/ford-logo/,https://raw.githubusercontent.com/nuancedegreg-blip/Sumup-images/main/images_v6/LM-89076529.jpg
LM-89110075,recovered,bing,https://blog.diabetesforo.com/wp-content/uploads/2023/10/o6c0thos0wm8.jpg,https://blog.diabetesforo.com/metformina/,https://raw.githubusercontent.com/nuancedegreg-blip/Sumup-images/main/images_v6/LM-89110075.jpg
LM-89111042,recovered,bing,https://thumbs.dreamstime.com/b/cozy-cabin-window-fall-forest-view-autumn-colors-warm-atmosphere-interior-rustic-design-leaves-season-341713052.jpg,https://www.dreamstime.com/cozy-cabin-window-fall-forest-view-autumn-colors-warm-atmosphere-interior-rustic-design-leaves-season-image341713052,https://raw.githubusercontent.com/nuancedegreg-blip/Sumup-images/main/images_v6/LM-89111042.jpg
LM-89112734,recovered,bing,https://i.ytimg.com/vi/4onET8GLI7M/hqdefault.jpg,https://www.youtube.com/watch?v=4onET8GLI7M,https://raw.githubusercontent.com/nuancedegreg-blip/Sumup-images/main/images_v6/LM-89112734.jpg
LM-89125796,recovered,bing,https://thailand-construction.com/wp-content/uploads/2024/06/Vat-Phou-temple-complex-in-Laos-rivals-Cambodias-Angkor-Wat-—-without-the-crowds-scaled.jpg,https://thailand-construction.com/vat-phou-temple-complex-in-laos-rivals-cambodias-angkor-wat-without-the-crowds/,https://raw.githubusercontent.com/nuancedegreg-blip/Sumup-images/main/images_v6/LM-89125796.jpg
LM-89153214,recovered,bing,https://mondaymandala.com/wp-content/uploads/September-2026-Calendar-Printable-Corporate-2-Landscape.jpg,https://mondaymandala.com/september-calendar-v2/,https://raw.githubusercontent.com/nuancedegreg-blip/Sumup-images/main/images_v6/LM-89153214.jpg
LM-89328177,recovered,bing,https://kaira.readthedocs.io/en/dev/_images/sphx_glr_plot_awgn_channel_001.png,https://kaira.readthedocs.io/en/dev/auto_examples/channels/plot_awgn_channel.html,https://raw.githubusercontent.com/nuancedegreg-blip/Sumup-images/main/images_v6/LM-89328177.jpg
LM-89328179,recovered,bing,https://asset.kompas.com/crops/lFgJr6bjgPhh0Xs0dli1Z7ybLwg=/109x0:909x533/1200x800/data/photo/2024/07/25/66a1c8562d0ef.png,https://tekno.kompas.com/read/2024/07/25/11400067/chatbot-meta-ai-masih-terbatas-di-beberapa-negara-bos-facebook-ungkap,https://raw.githubusercontent.com/nuancedegreg-blip/Sumup-images/main/images_v6/LM-89328179.jpg
LM-89619799,no_downloadable_image,bing,https://i.stack.imgur.com/DHhy2.jpg,http://superuser.com/questions/552488/how-to-use-calendar-messaging-photos-and-other-such-icons-in-new-windows-8-men,
LM-89721244,recovered,bing,https://pbs.twimg.com/profile_images/929363518369009664/9WO3BM1h.jpg,https://twitter.com/KatrinOnline,https://raw.githubusercontent.com/nuancedegreg-blip/Sumup-images/main/images_v6/LM-89721244.jpg
LM-90110994,recovered,bing,https://cdn.shopify.com/s/files/1/0269/5551/3900/files/Single-Leg-Glute-Bridge_600x600.png?v=1655224356,https://www.simplyfitness.com/pages/single-leg-glute-bridge,https://raw.githubusercontent.com/nuancedegreg-blip/Sumup-images/main/images_v6/LM-90110994.jpg
LM-90110995,recovered,bing,https://app.accessnewswire.com/imagelibrary/13aa300d-4a9f-45c6-8d23-d25a0c0faad9/1115845/bitrix24-mobile-app-update.png,https://web3wire.org/press-release/aw/bitrix24-mobile-app-gets-a-makeover-work-faster-smarter-anywhere/,https://raw.githubusercontent.com/nuancedegreg-blip/Sumup-images/main/images_v6/LM-90110995.jpg
LM-90111012,recovered,bing,https://i.etsystatic.com/19750816/r/il/117c65/3296808108/il_fullxfull.3296808108_aqg9.jpg,https://www.animalia-life.club/qa/pictures/original-spiderman-costume,https://raw.githubusercontent.com/nuancedegreg-blip/Sumup-images/main/images_v6/LM-90111012.jpg
LM-90111016,recovered,bing,https://www.shutterstock.com/image-vector/conditional-statements-icon-collection-multiple-260nw-2633539933.jpg,https://www.shutterstock.com/search/logical-condition?image_type=vector,https://raw.githubusercontent.com/nuancedegreg-blip/Sumup-images/main/images_v6/LM-90111016.jpg
LM-90111029,recovered,bing,https://c8.alamy.com/comp/2XY50GW/halloween-spider-web-line-drawing-silhouette-of-curved-threads-hand-drawn-isolated-graphic-clipart-black-outline-art-in-doodle-style-liner-2XY50GW.jpg,https://narodnatribuna.info/lists/s/spider-web-clipart-black-and-white/,https://raw.githubusercontent.com/nuancedegreg-blip/Sumup-images/main/images_v6/LM-90111029.jpg
LM-90111033,recovered,bing,https://minervaimpacto.org.br/wp-content/uploads/2026/04/think-cell-logo.png,https://minervaimpacto.org.br/parceiro-infraestrutura/,https://raw.githubusercontent.com/nuancedegreg-blip/Sumup-images/main/images_v6/LM-90111033.jpg
LM-90111048,recovered,bing,https://interiordesign.net/wp-content/uploads/2023/08/Interior-Design-Cult-Gaia-Alexis-Brown-Anno-Millie-Hollywood-CultGaia_2023_010615-R1_AM-1024x768.jpg,https://interiordesign.net/projects/alexis-brown-anno-mille-cult-gaia-flagship/,https://raw.githubusercontent.com/nuancedegreg-blip/Sumup-images/main/images_v6/LM-90111048.jpg
LM-90111050,recovered,bing,https://cdn.awsli.com.br/2500x2500/2648/2648682/produto/333253364/16755_2-ehvcdkzsfn.jpg,https://loja.autopecaspingodouro.com.br/sensor-de-nivel-de-combustivel-tsa-t010218,https://raw.githubusercontent.com/nuancedegreg-blip/Sumup-images/main/images_v6/LM-90111050.jpg
LM-90111072,recovered,bing,https://i5.walmartimages.com/seo/Ratiio-Blue-White-Porcelain-Pattern-Pattern-Women-s-Sleeveless-Dress-Casual-Summer-Dress-Pockets-Knee-Length-Round-Neck-Ideal-Beach-Vacation-Work_1f7d270b-0ae1-407f-9e7f-08c9f03056fc.2ddf58c13995bd457ee1ba6a6a0eb7d1.jpeg,https://www.walmart.com/ip/Ratiio-Blue-White-Porcelain-Pattern-Pattern-Women-s-Sleeveless-Dress-Casual-Summer-Dress-Pockets-Knee-Length-Round-Neck-Ideal-Beach-Vacation-Work/16858069837,https://raw.githubusercontent.com/nuancedegreg-blip/Sumup-images/main/images_v6/LM-90111072.jpg
LM-90111088,recovered,bing,https://mountzionoffroad.com/wp-content/uploads/mount-zion-offroad-custom-1988-jeep-j20-blue-image3.jpg,https://mountzionoffroad.com/portfolio/1988-jeep-j20/,https://raw.githubusercontent.com/nuancedegreg-blip/Sumup-images/main/images_v6/LM-90111088.jpg
LM-90201943,recovered,bing,https://thecinemaholic.com/wp-content/uploads/2019/11/peanut-butter-falcon-e1709322900228.jpg,https://thecinemaholic.com/where-was-the-peanut-butter-falcon-filmed/,https://raw.githubusercontent.com/nuancedegreg-blip/Sumup-images/main/images_v6/LM-90201943.jpg
LM-90201957,recovered,bing,https://i.pinimg.com/originals/b6/48/b6/b648b60b20cb16ba0b0d4b70e706ec45.jpg,https://www.pinterest.com/pin/misato-katsurgai-icons--109071622220931196/,https://raw.githubusercontent.com/nuancedegreg-blip/Sumup-images/main/images_v6/LM-90201957.jpg
LM-90201964,recovered,bing,https://http2.mlstatic.com/D_NQ_NP_731270-MLB93138822552_092025-O.webp,https://www.mercadolivre.com.br/spoiler-traseiro-honda-civic-g11-vo6/up/MLBU2996892437,https://raw.githubusercontent.com/nuancedegreg-blip/Sumup-images/main/images_v6/LM-90201964.jpg
LM-90201966,recovered,bing,https://skdrdpindia.org/wp-content/uploads/Kisan-credit-Card.jpg,https://skdrdpindia.org/tag/csc/,https://raw.githubusercontent.com/nuancedegreg-blip/Sumup-images/main/images_v6/LM-90201966.jpg
LM-90201970,recovered,bing,https://theteacherscafe.com/wp-content/uploads/Team-Building-Activites-for-Elementary-Students.jpg,https://fity.club/lists/suggestions/Class-Group-Activities/,https://raw.githubusercontent.com/nuancedegreg-blip/Sumup-images/main/images_v6/LM-90201970.jpg
LM-90201987,recovered,bing,https://i.pinimg.com/736x/55/fe/fa/55fefaebbf9524445c2b78d393337a5a.jpg,https://mx.pinterest.com/pin/20125529560718296/,https://raw.githubusercontent.com/nuancedegreg-blip/Sumup-images/main/images_v6/LM-90201987.jpg
LM-90201997,recovered,bing,https://www.mommymadethat.com/wp-content/uploads/leaf-template-3.jpg,https://www.mommymadethat.com/leaf-template/,https://raw.githubusercontent.com/nuancedegreg-blip/Sumup-images/main/images_v6/LM-90201997.jpg
LM-90202000,recovered,bing,https://img.freepik.com/premium-vector/confidential-stamp-red-rubber-stamp-white-background-confidential-stamp-sign-confidential-stamp_1089581-2419.jpg?w=2000,https://www.freepik.com/premium-vector/confidential-stamp-red-rubber-stamp-white-background-confidential-stamp-sign-confidential-stamp_196802805.htm,https://raw.githubusercontent.com/nuancedegreg-blip/Sumup-images/main/images_v6/LM-90202000.jpg
LM-90202018,recovered,bing,https://static.vecteezy.com/system/resources/previews/075/539/194/non_2x/protein-structure-anatomy-diagram-detail-biology-educational-poster-labeled-amino-acid-alpha-helix-polypeptide-chains-protein-molecule-complex-tertiary-quaternary-secondary-primary-vector.jpg,https://www.vecteezy.com/vector-art/75539194-protein-structure-anatomy-diagram-detail-biology-educational-poster-labeled-amino-acid-alpha-helix-polypeptide-chains-protein-molecule-complex-tertiary-quaternary-secondary-primary,https://raw.githubusercontent.com/nuancedegreg-blip/Sumup-images/main/images_v6/LM-90202018.jpg
LM-90202023,recovered,bing,http://i.huffpost.com/gen/1429017/images/o-TITAN-LAKES-facebook.jpg,http://www.huffingtonpost.com/2013/10/27/lakes-saturn-moon-titan-photos_n_4167754.html,https://raw.githubusercontent.com/nuancedegreg-blip/Sumup-images/main/images_v6/LM-90202023.jpg
LM-90202030,recovered,bing,https://www.webbylynx.com/wp-content/uploads/godaddy-domain-dashboard1.png,https://www.webbylynx.com/how-to-change-godaddy-nameservers/,https://raw.githubusercontent.com/nuancedegreg-blip/Sumup-images/main/images_v6/LM-90202030.jpg
LM-90202033,recovered,bing,https://yt3.googleusercontent.com/YjPyC_bNdn_dSGMDKTqRvHAnFNHE6pBOFEniQvk97VMTJ7Eo13WNAKDEtEYI8V3F_cTG4X7Scw=s900-c-k-c0x00ffffff-no-rj,https://www.youtube.com/@IuriSenna007,https://raw.githubusercontent.com/nuancedegreg-blip/Sumup-images/main/images_v6/LM-90202033.jpg
LM-90304375,no_downloadable_image,bing,http://environmath.org/wp-content/uploads/2018/08/WECC_fossil_map-1024x551.jpg,http://environmath.org/2018/08/08/electricity-emissions-factors-by-region-part-1-background-and-the-western-region/,
LM-90318765,recovered,bing,https://thumbs.dreamstime.com/b/stunning-leaning-tower-pisa-sunset-low-angle-perspective-iconic-italian-landmark-witness-breathtaking-beauty-380902654.jpg?w=992,https://www.dreamstime.com/stunning-leaning-tower-pisa-sunset-low-angle-perspective-iconic-italian-landmark-witness-breathtaking-beauty-image380902654,https://raw.githubusercontent.com/nuancedegreg-blip/Sumup-images/main/images_v6/LM-90318765.jpg
LM-90685489,recovered,bing,https://www.ourmindfullife.com/wp-content/uploads/2023/08/Jacaranda-tree-tattoo-by-@lime_tattoo.jpg,https://fity.club/lists/j/jacaranda-flower-tattoos/,https://raw.githubusercontent.com/nuancedegreg-blip/Sumup-images/main/images_v6/LM-90685489.jpg
LM-90711215,recovered,bing,https://www.rosenberryrooms.com/wp-content/uploads/2026/03/Best-Smart-Garage-Door-Openers-with-Cameras-1024x559.jpeg,https://www.rosenberryrooms.com/best-smart-garage-door-openers-with-cameras/,https://raw.githubusercontent.com/nuancedegreg-blip/Sumup-images/main/images_v6/LM-90711215.jpg
LM-90760720,recovered,bing,https://1.bp.blogspot.com/-KXId3Pr1yEU/UhzttAht5FI/AAAAAAADAlo/eGR1Ch3_B3s/s1600/548908_651285298249637_119135360_n.jpg,https://ifitshipitshere.blogspot.com/2013/08/pool-porn-40-outstanding-pool-and-spa.html,https://raw.githubusercontent.com/nuancedegreg-blip/Sumup-images/main/images_v6/LM-90760720.jpg
LM-91007817,recovered,bing,https://i.pinimg.com/originals/8a/2a/0d/8a2a0d40de3d07c71fe40a79e74ff8b7.jpg,https://www.pinterest.com/pin/614248836683769461/,https://raw.githubusercontent.com/nuancedegreg-blip/Sumup-images/main/images_v6/LM-91007817.jpg
LM-91007832,recovered,bing,https://i.pinimg.com/736x/30/c9/20/30c92067b6a0cdcbbe876d33f1d613f4.jpg,https://cl.pinterest.com/pin/38491771809665547/,https://raw.githubusercontent.com/nuancedegreg-blip/Sumup-images/main/images_v6/LM-91007832.jpg
LM-91007906,recovered,bing,https://as2.ftcdn.net/v2/jpg/04/87/60/61/1000_F_487606140_jnXqqVYgfE3olVnkSooXRyx7v0WNsOTH.jpg,https://stock.adobe.com/images/durian-tree-use-treatment-for-root-rot-disease-fhytophthora-fungus-problem-of-agriculture-in-thailand/487606140,https://raw.githubusercontent.com/nuancedegreg-blip/Sumup-images/main/images_v6/LM-91007906.jpg
LM-91007915,recovered,bing,"https://images-wixmp-ed30a86b8c4ca887773594c2.wixmp.com/f/74673285-a0ed-4161-b6e0-7280bcb2c62e/dfj1bz7-582b92dc-9951-4ac2-85a1-a89cb5e55176.png/v1/fill/w_894,h_894,strp/i_love_the_powerpuff_girls_villains_by_cartoonsbestever_dfj1bz7-pre.png?token=eyJ0eXAiOiJKV1QiLCJhbGciOiJIUzI1NiJ9.eyJzdWIiOiJ1cm46YXBwOjdlMGQxODg5ODIyNjQzNzNhNWYwZDQxNWVhMGQyNmUwIiwiaXNzIjoidXJuOmFwcDo3ZTBkMTg4OTgyMjY0MzczYTVmMGQ0MTVlYTBkMjZlMCIsIm9iaiI6W1t7ImhlaWdodCI6Ijw9MTAyNCIsInBhdGgiOiJcL2ZcLzc0NjczMjg1LWEwZWQtNDE2MS1iNmUwLTcyODBiY2IyYzYyZVwvZGZqMWJ6Ny01ODJiOTJkYy05OTUxLTRhYzItODVhMS1hODljYjVlNTUxNzYucG5nIiwid2lkdGgiOiI8PTEwMjQifV1dLCJhdWQiOlsidXJuOnNlcnZpY2U6aW1hZ2Uub3BlcmF0aW9ucyJdfQ.8pN-FzdaVSTBuckl9zXlwDqnKWLVLuBZg-UnuQCGaa4",https://www.deviantart.com/cartoonsbestever/art/I-love-The-Powerpuff-Girls-Villains-938967523,https://raw.githubusercontent.com/nuancedegreg-blip/Sumup-images/main/images_v6/LM-91007915.jpg
LM-91007922,recovered,bing,https://images.squarespace-cdn.com/content/v1/6419311819225c61dc8a37ce/87bd4965-1db8-4d50-a301-e0cc31f1243c/IMG_9118.jpg,https://ar.inspiredpencil.com/pictures-2023/what-is-tracing-in-art,https://raw.githubusercontent.com/nuancedegreg-blip/Sumup-images/main/images_v6/LM-91007922.jpg
LM-91007925,recovered,bing,https://imgs.dvdempire.com/product/500/1880873b/lion-guard-life-in-the-pridelands-the-back-cover-art.jpg,https://www.dvdempire.com/1880873/lion-guard-life-in-the-pridelands-the-movie.html,https://raw.githubusercontent.com/nuancedegreg-blip/Sumup-images/main/images_v6/LM-91007925.jpg
LM-91008012,recovered,bing,https://lwtdress.com/cdn/shop/files/NavyBlueSweetheartNeckBeadedTulleLongPromDresses_NavyBlueSequinsFormalDresses_LongNavyBlueEveningDressesWT1361_1024x1024.jpg?v=1702291478,https://lwtdress.com/products/navy-blue-sweetheart-neck-beaded-tulle-long-prom-dresses-navy-blue-sequins-formal-dresses-long-navy-blue-evening-dresses-wt1361,https://raw.githubusercontent.com/nuancedegreg-blip/Sumup-images/main/images_v6/LM-91008012.jpg
LM-91182181,recovered,bing,https://image2.slideserve.com/3819653/supracondylar-humerus-fractures-complications-l.jpg,https://www.slideserve.com/kayo/fractures-and-dislocations-about-the-elbow-in-the-pediatric-patient,https://raw.githubusercontent.com/nuancedegreg-blip/Sumup-images/main/images_v6/LM-91182181.jpg
LM-91182186,recovered,bing,https://img.freepik.com/premium-photo/cute-purple-elephant-cartoon-illustration_1060494-16823.jpg?w=2000,https://www.freepik.com/premium-ai-image/cute-purple-elephant-cartoon-illustration_301993463.htm,https://raw.githubusercontent.com/nuancedegreg-blip/Sumup-images/main/images_v6/LM-91182186.jpg
LM-91182193,recovered,bing,https://santaluciadrogaria.vtexassets.com/arquivos/ids/155849/7896658008023.png?v=637637940268600000,https://www.santaluciadrogarias.com.br/digeplus-30-caps/p,https://raw.githubusercontent.com/nuancedegreg-blip/Sumup-images/main/images_v6/LM-91182193.jpg
LM-91182194,recovered,bing,https://usje-sesj.com/wp-content/uploads/2023/05/sq-iqaluit-02-1536x1536.jpg,https://usje-sesj.com/en/usje-visit-members-in-iqaluit-meet-with-member-of-parliament-lori-idlout/,https://raw.githubusercontent.com/nuancedegreg-blip/Sumup-images/main/images_v6/LM-91182194.jpg
LM-91182197,recovered,bing,https://www.usmagazine.com/wp-content/uploads/2019/01/Prince-Harry-and-Duchess-Meghans-Country-Retreat-3.jpg?w=1600&quality=40&strip=all,https://www.usmagazine.com/celebrity-news/pictures/see-prince-harry-duchess-meghans-country-home-in-the-cotswolds/,https://raw.githubusercontent.com/nuancedegreg-blip/Sumup-images/main/images_v6/LM-91182197.jpg
LM-91182205,recovered,bing,https://www.thesprucepets.com/thmb/1Q3ZQVxADUQ2Aam4mhSS8FzqKP4=/2164x0/filters:no_upscale():strip_icc()/GettyImages-904624038-8a3d9763601742258dd48df05e1ce69f.jpg,https://www.thesprucepets.com/persian-cat-breed-5220970,https://raw.githubusercontent.com/nuancedegreg-blip/Sumup-images/main/images_v6/LM-91182205.jpg
LM-91182206,recovered,bing,https://i.warbycdn.com/s/c/6561e7e5f622aec985a89de145414f896a40f2be.png?quality=80&width=2048,https://www.warbyparker.com/eyeglasses/latrell/marzipan-tortoise,https://raw.githubusercontent.com/nuancedegreg-blip/Sumup-images/main/images_v6/LM-91182206.jpg
LM-91182212,recovered,bing,https://cdn.lotterycoast.com/media/meta_images/michigan_lottery_results_e886543a.webp,https://lotterycoast.com/lottery-results/michigan/,https://raw.githubusercontent.com/nuancedegreg-blip/Sumup-images/main/images_v6/LM-91182212.jpg
LM-91182217,recovered,bing,https://i.redd.it/w8z9teqwf8e91.jpg,https://fity.club/lists/suggestions/twilight-sparkle-fan-art/,https://raw.githubusercontent.com/nuancedegreg-blip/Sumup-images/main/images_v6/LM-91182217.jpg
LM-91182226,recovered,bing,"https://platform.theverge.com/wp-content/uploads/sites/2/chorus/uploads/chorus_asset/file/25357066/Disney__Logo_March_2024.png?quality=90&strip=all&crop=0,0,100,100",https://www.theverge.com/2024/3/27/24112994/disney-plus-logo-green-aurora-streaming-app,https://raw.githubusercontent.com/nuancedegreg-blip/Sumup-images/main/images_v6/LM-91182226.jpg
LM-91182230,recovered,bing,https://i5.fapality.com/contents/albums/main/680x9999/0/17/275.jpg,https://fapality.com/photos/17/set-of-asian-girls-with-hairy-pussies-and-pretty-big-tits/image275/,https://raw.githubusercontent.com/nuancedegreg-blip/Sumup-images/main/images_v6/LM-91182230.jpg
LM-91182233,no_downloadable_image,bing,https://i0.hdslb.com/bfs/article/f738e0ac8f476022002a1942793fd0ed9931bf58.jpg,https://ecywang.com/pic/双人姿势参考/,
LM-91182243,recovered,bing,https://aprendeeconomia.info/wp-content/uploads/estratega-de-marketing-observa-consumidores-en-tienda-con-tableta.jpg,https://aprendeeconomia.info/cuales-son-los-tipos-de-consumidores/,https://raw.githubusercontent.com/nuancedegreg-blip/Sumup-images/main/images_v6/LM-91182243.jpg
LM-91182251,recovered,bing,http://www.vararespecies.org/image/butterfly-anatomy.jpg,https://fity.club/lists/suggestions/butterfly-wing-anatomy/,https://raw.githubusercontent.com/nuancedegreg-blip/Sumup-images/main/images_v6/LM-91182251.jpg
LM-91182259,recovered,bing,"https://res.cloudinary.com/dlunzsbyd/image/upload/w_768,f_auto/auto/app/uploads/2023/01/IMG_9024-scaled.jpg",https://vtrfeedersolutions.com/products/vibratory-bowl-feeders/,https://raw.githubusercontent.com/nuancedegreg-blip/Sumup-images/main/images_v6/LM-91182259.jpg
LM-91182260,recovered,bing,https://tigermedical.com/cdn/shop/files/EDA933862_bfc3e69c-f8bf-454b-9c34-b379e572669c_1200x682.jpg?v=1773685475,https://tigermedical.com/products/fetal-monitoring-belt-eda933862,https://raw.githubusercontent.com/nuancedegreg-blip/Sumup-images/main/images_v6/LM-91182260.jpg
LM-91182267,recovered,bing,https://www.thehandy.com/app/uploads/2022/08/Shop-Content-Strap-Pro_5.png,https://www.thehandy.com/automatic-and-interactive-stroker/,https://raw.githubusercontent.com/nuancedegreg-blip/Sumup-images/main/images_v6/LM-91182267.jpg
LM-91182269,recovered,bing,http://static6.businessinsider.com/image/5b491e26744a981a008b4b33-2400/how-lunar-eclipse-works-blood-moon-umbra-penumbra-earth-shadow-refraction-diagram-physics-nasa-shayanne-gal-business-insider-graphics.png,https://www.businessinsider.com/how-lunar-eclipses-work-earth-moon-red-shadow-2018-7/,https://raw.githubusercontent.com/nuancedegreg-blip/Sumup-images/main/images_v6/LM-91182269.jpg
LM-91182274,recovered,bing,https://img.freepik.com/vector-premium/personajes-ninos-lindos-senalando-cejas-cabeza_173653-554.jpg?w=1380,https://www.freepik.es/vector-premium/personajes-ninos-lindos-senalando-cejas-cabeza_13365768.htm,https://raw.githubusercontent.com/nuancedegreg-blip/Sumup-images/main/images_v6/LM-91182274.jpg
LM-91182291,recovered,bing,https://math3logic.com/wp-content/uploads/2022/03/Multiplicacion-de-fracciones-2-min-980x980.png,https://math3logic.com/multiplicacion-de-fracciones/,https://raw.githubusercontent.com/nuancedegreg-blip/Sumup-images/main/images_v6/LM-91182291.jpg
LM-91182306,recovered,bing,https://www.printerpix.com/images/admin/PPContent/bf91e793-d30c-4866-97b4-ed9f258ed2a0_finalsalepitch.webp,https://www.printerpix.com/canvas-prints/v1/,https://raw.githubusercontent.com/nuancedegreg-blip/Sumup-images/main/images_v6/LM-91182306.jpg
LM-91182307,recovered,bing,https://www.eccobandeiras.com.br/image/cache/catalog/antigas/natal-1111x740.jpg,https://www.eccobandeiras.com.br/bandeira-da-cidade-de-natal,https://raw.githubusercontent.com/nuancedegreg-blip/Sumup-images/main/images_v6/LM-91182307.jpg
LM-91182311,recovered,bing,https://i.ytimg.com/vi/UokYKiPkrIo/maxresdefault.jpg,https://nelodiamond.weebly.com/blog/anydesk-mobile-to-pc,https://raw.githubusercontent.com/nuancedegreg-blip/Sumup-images/main/images_v6/LM-91182311.jpg
LM-91223228,recovered,bing,https://thatgrapejuice.net/wp-content/uploads/2021/09/britney-spears-netflix-trailer-thatgrapejuice-2021-scaled.jpg,https://thatgrapejuice.net/entertainment/2021/09/official-trailer-netflixs-britney-spears-conservatorship-documentary-britney-spears/,https://raw.githubusercontent.com/nuancedegreg-blip/Sumup-images/main/images_v6/LM-91223228.jpg
LM-91664555,recovered,bing,https://upload.wikimedia.org/wikipedia/commons/thumb/9/97/Jon_Ossoff_Senate_Portrait_2021.jpg/960px-Jon_Ossoff_Senate_Portrait_2021.jpg,https://en.wikipedia.org/wiki/File:Jon_Ossoff_Senate_Portrait_2021.jpg,https://raw.githubusercontent.com/nuancedegreg-blip/Sumup-images/main/images_v6/LM-91664555.jpg
LM-91664557,recovered,bing,https://static.wikia.nocookie.net/pj-masks/images/2/22/Catboy_pfp_.jpg/revision/latest?cb=20210214205353,https://pj-masks.fandom.com/wiki/Catboy,https://raw.githubusercontent.com/nuancedegreg-blip/Sumup-images/main/images_v6/LM-91664557.jpg
LM-91664562,recovered,bing,https://images.twnmm.com/c55i45ef3o2a/64YAWooNfLPMccaWeWZj5V/49046e5b70ecb8717dd454c19e172f7f/Frank_Reardon_Iqaluit__Nunavut.jpg?fm=webp&q=80&w=2048,https://www.theweathernetwork.com/en/news/weather/forecasts/winter-is-coming-intense-12-hour-blizzard-seen-in-canadas-north-iqaluit-nunavut,https://raw.githubusercontent.com/nuancedegreg-blip/Sumup-images/main/images_v6/LM-91664562.jpg
LM-91779057,recovered,bing,"https://res.cloudinary.com/yourmechanic/image/upload/dpr_auto,f_auto,q_auto/v1/article_images/2_How_to_replace_an_AC_High_Pressure_Hose_Image_showing_the_high_and_low_side_AC_ports_with_labels_such_as_the_ones_seen",https://www.yourmechanic.com/article/how-to-replace-an-ac-line-by-spencer-clayton,https://raw.githubusercontent.com/nuancedegreg-blip/Sumup-images/main/images_v6/LM-91779057.jpg
LM-91850375,recovered,bing,https://i.ytimg.com/vi/jtBACN-yniI/maxresdefault.jpg,https://www.youtube.com/shorts/jtBACN-yniI,https://raw.githubusercontent.com/nuancedegreg-blip/Sumup-images/main/images_v6/LM-91850375.jpg
LM-91850376,recovered,bing,https://www.wineenthusiast.com/wp-content/uploads/2023/05/sparrow-chicago.jpg,https://www.wineenthusiast.com/culture/spirits/island-inspiration-5-bars-with-cuban-spirit/,https://raw.githubusercontent.com/nuancedegreg-blip/Sumup-images/main/images_v6/LM-91850376.jpg
LM-91850377,recovered,bing,https://resources.arctickingdom.com/hubfs/Imported_Blog_Media/IMG_0580-scaled-e1588347890874-1.jpg,https://resources.arctickingdom.com/top-10-places-in-iqaluit-to-visit,https://raw.githubusercontent.com/nuancedegreg-blip/Sumup-images/main/images_v6/LM-91850377.jpg
LM-91850378,recovered,bing,https://i0.wp.com/therebelwalk.com/wp-content/uploads/2022/09/IMG_6046-e1662414845114.jpg?resize=1000%2C592&ssl=1,https://therebelwalk.com/2022/09/watch-ole-miss-head-coach-lane-kiffins-monday-presser/,https://raw.githubusercontent.com/nuancedegreg-blip/Sumup-images/main/images_v6/LM-91850378.jpg
LM-91850379,recovered,bing,https://img.freepik.com/fotos-premium/dia-internacional-educacion-escenario-clase-global-estudiantes-diversos-origenes_950002-448663.jpg?w=2000,https://www.freepik.es/fotos-premium/dia-internacional-educacion-escenario-clase-global-estudiantes-diversos-origenes_126511291.htm,https://raw.githubusercontent.com/nuancedegreg-blip/Sumup-images/main/images_v6/LM-91850379.jpg
LM-91910417,recovered,bing,https://images.tcdn.com.br/img/img_prod/699276/isca_artificial_mirrolure_51mr_9_5cm_14_0gr_1789_5_8452af13c1f66600e6be95ff3a8c2e81.jpg,https://www.pescagerais.com.br/iscas-artificiais/isca-artificial-mirrolure-51mr-9-5cm-14-0gr,https://raw.githubusercontent.com/nuancedegreg-blip/Sumup-images/main/images_v6/LM-91910417.jpg
LM-91945540,recovered,bing,https://www.rd.com/wp-content/uploads/2023/04/Friday-Memes-36.jpg?fit=700%2C700,https://markochulev.com/friday-memes-for-work-friday-work-memes/,https://raw.githubusercontent.com/nuancedegreg-blip/Sumup-images/main/images_v6/LM-91945540.jpg
LM-91952398,recovered,bing,https://d2gfz7wkiigkmv.cloudfront.net/pickin/2/7/5/WkXeV_vNR2KeutI3ZgYxkw,https://www.wishbucket.io/items/3014678,https://raw.githubusercontent.com/nuancedegreg-blip/Sumup-images/main/images_v6/LM-91952398.jpg
LM-91952400,recovered,bing,https://israelnoticias.com/wp-content/uploads/2017/09/Por-qué-los-judíos.jpg,https://israelnoticias.com/antisemitismo/antisemitismo-por-que-los-judios/,https://raw.githubusercontent.com/nuancedegreg-blip/Sumup-images/main/images_v6/LM-91952400.jpg
LM-91952403,recovered,bing,https://thumbs.tvonenews.com/images/2025/12/16/69411df1e5b8f-antoine-semenyo.jpg,https://www.tvonenews.com/bola/liga-inggris/401071-antoine-semenyo-ditikung-rival-sekota-manchester-united-alihkan-fokus-ke-wonderkid-seharga-rp2-triliun-ini,https://raw.githubusercontent.com/nuancedegreg-blip/Sumup-images/main/images_v6/LM-91952403.jpg
LM-91952405,recovered,bing,https://cdn.theouterhaven.net/wp-content/uploads/2026/08/Mortal-Shell-II-Where-to-find-the-Justicar-Stone-3.jpg?ver=1786916731,https://www.theouterhaven.net/mortal-shell-ii-where-to-find-justiciars-stone/,https://raw.githubusercontent.com/nuancedegreg-blip/Sumup-images/main/images_v6/LM-91952405.jpg
LM-91952406,recovered,bing,https://journal.unita.ac.id/public/journals/2/article_541_cover_en_US.jpg,https://journal.unita.ac.id/index.php/agribisnis/article/view/541,https://raw.githubusercontent.com/nuancedegreg-blip/Sumup-images/main/images_v6/LM-91952406.jpg
LM-91952407,recovered,bing,https://imagecdn.clips4sale.com/accounts99/212875/clip_images/generated_27662307.gif,https://www.clips4sale.com/studio/212875/27662307/he-asked-for-a-massage-but-i-just-wanted-to-suck-his-cock-made-him-cum-twice,https://raw.githubusercontent.com/nuancedegreg-blip/Sumup-images/main/images_v6/LM-91952407.jpg
LM-91952408,recovered,bing,https://apreciart.pe/articulos/wp-content/uploads/2025/09/Como-los-cuadros-contemporaneos-reflejan-los-problemas-actuales-de-la.png,https://apreciart.pe/articulos/como-los-cuadros-contemporaneos-reflejan-los-problemas-actuales-de-la-sociedad/,https://raw.githubusercontent.com/nuancedegreg-blip/Sumup-images/main/images_v6/LM-91952408.jpg
LM-91952412,recovered,bing,https://img.magnific.com/vector-gratis/dibujado-mano-ilustracion-corazones-conversacion_23-2149241195.jpg,https://www.magnific.com/es/fotos-vectores-gratis/fondos-pantallas-kiut,https://raw.githubusercontent.com/nuancedegreg-blip/Sumup-images/main/images_v6/LM-91952412.jpg
LM-91952413,recovered,bing,"https://www.gurkerl.at/cdn-cgi/image/f=auto,w=500,h=500,q=75/https://cdn.gurkerl.at/images/grocery/products/23806/23806-1642508469214.jpg",https://www.gurkerl.at/23806-rana-pasta-kit-tagliatelle-bolonew-vegan,https://raw.githubusercontent.com/nuancedegreg-blip/Sumup-images/main/images_v6/LM-91952413.jpg
LM-91952437,recovered,bing,https://images.squarespace-cdn.com/content/v1/5a31470a8c56a8052a0201b2/1539360779057-4T5DKLQCTPHWMEU11UY0/Website+Live+Oak.JPG?format=1000w,https://www.mariangardens.com/products,https://raw.githubusercontent.com/nuancedegreg-blip/Sumup-images/main/images_v6/LM-91952437.jpg
LM-91988857,recovered,bing,"https://ecdn.teacherspayteachers.com/cdn-cgi/image/format=avif,quality=70,onerror=redirect/thumbitem/Labor-Day-Activities-for-Kindergarten-Community-Helpers-Worksheets-Crafts-17371272-1786646547/750f-17371272-2.jpg",https://www.teacherspayteachers.com/Product/Labor-Day-Activities-for-Kindergarten-Community-Helpers-Worksheets-Crafts-17371272,https://raw.githubusercontent.com/nuancedegreg-blip/Sumup-images/main/images_v6/LM-91988857.jpg
LM-92016341,recovered,bing,https://liquidcalciumchloride.com/wp-content/uploads/2016/06/Fotolia_84925916_Subscription_Monthly_M.jpg,https://fity.club/lists/suggestions/Concrete-Block-Texture/,https://raw.githubusercontent.com/nuancedegreg-blip/Sumup-images/main/images_v6/LM-92016341.jpg
LM-92291265,recovered,bing,https://images.squarespace-cdn.com/content/v1/6680169dabf217192a8019ca/ce93b488-327f-4178-b61e-c022fbc37fe1/Copilot_20260617_130611.jpg,https://www.nopointleftbehind.net/cruises/princess-cruise-packages-standard-plus-premier-2026,https://raw.githubusercontent.com/nuancedegreg-blip/Sumup-images/main/images_v6/LM-92291265.jpg
LM-92525183,recovered,bing,https://media.licdn.com/dms/image/v2/D5612AQE_2tJ3ESM3Zg/article-cover_image-shrink_720_1280/B56Zk9JsEjKIAI-/0/1757667586528?e=2147483647&v=beta&t=ijoAmQagPFeCswAxgESln8k9gId9lGxZRTr8aDEhxzE,https://www.linkedin.com/pulse/what-perfect-secrecy-guide-claude-shannons-theory-encryption-qhvkc,https://raw.githubusercontent.com/nuancedegreg-blip/Sumup-images/main/images_v6/LM-92525183.jpg
LM-93181687,recovered,bing,https://contosdetodososcantos.com.br/wp-content/uploads/2023/12/A-Lenda-do-Saci-Perere-Folclore-Brasileiro.jpg,https://fity.club/lists/l/lenda-do-saci-perere/,https://raw.githubusercontent.com/nuancedegreg-blip/Sumup-images/main/images_v6/LM-93181687.jpg
LM-93181688,recovered,bing,https://www.rd.com/wp-content/uploads/2020/07/13_When-you-plan-to-sleep-FINAL.jpg?w=1414,https://www.rd.com/list/funny-animal-memes/,https://raw.githubusercontent.com/nuancedegreg-blip/Sumup-images/main/images_v6/LM-93181688.jpg
LM-93181694,recovered,bing,https://media.13wmaz.com/assets/WMAZ/images/387f58bf-595d-40e0-9f66-34ad10ca3101/387f58bf-595d-40e0-9f66-34ad10ca3101_1920x1080.jpg,https://www.13wmaz.com/article/news/health/student-athletes-urged-to-prioritize-nutrition-for-sports/93-f46e6efd-417b-4757-8fef-0ba750a1bc0b,https://raw.githubusercontent.com/nuancedegreg-blip/Sumup-images/main/images_v6/LM-93181694.jpg
LM-93181695,recovered,bing,https://i.ytimg.com/vi/c-WJmX1dimY/maxresdefault.jpg,https://www.youtube.com/watch?v=c-WJmX1dimY,https://raw.githubusercontent.com/nuancedegreg-blip/Sumup-images/main/images_v6/LM-93181695.jpg
LM-93181696,recovered,bing,https://assets.sport.ro/assets/procinema/2025/03/25/image_galleries/36783/disney-si-pixar-anunta-productia-filmului-zcoco-2_1.jpg,https://procinema.protv.ro/stiri/disney-si-pixar-anunta-productia-filmului-zcoco-2.html,https://raw.githubusercontent.com/nuancedegreg-blip/Sumup-images/main/images_v6/LM-93181696.jpg
LM-93833368,recovered,bing,http://www.alani.com.ar/site/www/wp-content/uploads/2017/05/00140.jpg,http://www.alani.com.ar/site/toalla/,https://raw.githubusercontent.com/nuancedegreg-blip/Sumup-images/main/images_v6/LM-93833368.jpg
LM-93833369,recovered,bing,https://img.freepik.com/premium-photo/productive-remote-work-images-showcasing-home-office-setups_1199394-110920.jpg,https://www.freepik.com/premium-ai-image/productive-remote-work-images-showcasing-home-office-setups_300406517.htm,https://raw.githubusercontent.com/nuancedegreg-blip/Sumup-images/main/images_v6/LM-93833369.jpg
LM-93833391,recovered,bing,https://cdn.shopify.com/s/files/1/0704/5013/products/magnetic-building-sets-magna-tiles-house-28-piece-set-1.jpg?v=1583787212,https://www.anglodutchpoolsandtoys.com/products/magna-tiles-house-28-piece-set,https://raw.githubusercontent.com/nuancedegreg-blip/Sumup-images/main/images_v6/LM-93833391.jpg
LM-93904289,recovered,bing,https://i.pinimg.com/736x/63/50/89/635089e123ab37757962cc1a7514ea2c.jpg?nii=t,https://www.pinterest.com/pin/281897257903731349/,https://raw.githubusercontent.com/nuancedegreg-blip/Sumup-images/main/images_v6/LM-93904289.jpg
LM-93904298,recovered,bing,https://farmaciaindiana.vtexassets.com/arquivos/ids/283024/Fandangos-Queijo-115g.jpg?v=638267796322300000,https://www.farmaciaindiana.com.br/fandangos-queijo-115g/p,https://raw.githubusercontent.com/nuancedegreg-blip/Sumup-images/main/images_v6/LM-93904298.jpg
LM-93904300,recovered,bing,https://as1.ftcdn.net/v2/jpg/05/79/50/14/1000_F_579501433_4Km484Z9uwZOT0ftXRkXxbhri3Go3m6g.jpg,https://stock.adobe.com/images/young-beautiful-woman-in-pink-crop-top-and-bottomless-girl-with-bouquet-peonies/579501433,https://raw.githubusercontent.com/nuancedegreg-blip/Sumup-images/main/images_v6/LM-93904300.jpg
LM-94058080,recovered,bing,https://alchetron.com/cdn/paleocene-4e4feb9d-4ba5-4d6e-933a-7c4a1619bb8-resize-750.jpeg,https://alchetron.com/Paleocene,https://raw.githubusercontent.com/nuancedegreg-blip/Sumup-images/main/images_v6/LM-94058080.jpg
LM-94230847,recovered,bing,https://beechershandmadecheese.com/wp-content/uploads/PDP-WB-2.jpg,https://www.beechershandmadecheese.com/,https://raw.githubusercontent.com/nuancedegreg-blip/Sumup-images/main/images_v6/LM-94230847.jpg
LM-94612186,recovered,bing,https://gamulo.com/wp-content/uploads/2026/01/Free-online-games-no-download.png,https://gamulo.com/free-online-games-no-download/,https://raw.githubusercontent.com/nuancedegreg-blip/Sumup-images/main/images_v6/LM-94612186.jpg
LM-94760747,recovered,bing,https://www.cuded.com/wp-content/uploads/2023/04/linework-with-arrow-through-infinity.jpg,https://www.cuded.com/infinity-tattoo-ideas/,https://raw.githubusercontent.com/nuancedegreg-blip/Sumup-images/main/images_v6/LM-94760747.jpg
LM-94872547,recovered,bing,https://www.brides.com/thmb/6-fB7R_gogr2xXRaXzafd2CVCKs=/1500x0/filters:no_upscale():max_bytes(200000):strip_icc()/WeddingChecklist_Graphic-a92273020a79483685a26bb379aad768.jpg,https://honestweddingadvice.com/entertainment/bride-guide-to-wedding-planning,https://raw.githubusercontent.com/nuancedegreg-blip/Sumup-images/main/images_v6/LM-94872547.jpg
LM-94885742,recovered,bing,https://s1.milffox.com/p/1/13/24122/pic10.jpg,https://www.milffox.com/milf-photos/Veronica-Avluv-Got-Fucked-In-The-Hospital/,https://raw.githubusercontent.com/nuancedegreg-blip/Sumup-images/main/images_v6/LM-94885742.jpg
LM-94885743,no_downloadable_image,bing,https://thumbs.worthpoint.com/zoom/images1/1/0411/11/vintage-pewter-pennsylvania-license_1_b1352e71118f30965a2d8cf5235595af.jpg,https://www.worthpoint.com/worthopedia/vintage-pewter-pennsylvania-license-21042034,
LM-94885756,recovered,bing,https://i5.walmartimages.com/seo/Nature-Made-Magnesium-Glycinate-200-mg-60-Capsules_34a86d6c-6aa1-4129-aaa1-c1e7362a3221.7b0d12e394d3ac9176089f4612836df6.jpeg,https://business.walmart.com/ip/Nature-Made-Magnesium-Glycinate-200-mg-60-Capsules/1850221310,https://raw.githubusercontent.com/nuancedegreg-blip/Sumup-images/main/images_v6/LM-94885756.jpg
LM-94885770,recovered,bing,https://wallpapers.com/images/file/fuji-kirschbluten-japan-4k-rc4a6z6n1kj33wmp.jpg,https://de.wallpapers.com/wallpapers/fuji-kirschbluten-japan-4k-rc4a6z6n1kj33wmp.html,https://raw.githubusercontent.com/nuancedegreg-blip/Sumup-images/main/images_v6/LM-94885770.jpg
LM-94885776,recovered,bing,https://wimg.rule34.xxx/images/2499/4407d96b8eb1de0d1b9ad57f12a7a0d9.jpeg?14257260,https://rule34.xxx/index.php?page=post&s=view&id=14257260&tags=nancy,https://raw.githubusercontent.com/nuancedegreg-blip/Sumup-images/main/images_v6/LM-94885776.jpg
LM-94885782,recovered,bing,https://img.freepik.com/premium-photo/casino-dealer-who-is-happy-very-attractive-female-with-red-dress_975361-18.jpg,https://www.freepik.com/premium-ai-image/casino-dealer-who-is-happy-very-attractive-female-with-red-dress_66466496.htm,https://raw.githubusercontent.com/nuancedegreg-blip/Sumup-images/main/images_v6/LM-94885782.jpg
LM-94885814,recovered,bing,https://static.vecteezy.com/system/resources/previews/054/439/947/large_2x/aerial-view-of-the-kaaba-in-mecca-saudi-arabia-photo.jpg,https://www.vecteezy.com/photo/54439947-aerial-view-of-the-kaaba-in-mecca-saudi-arabia,https://raw.githubusercontent.com/nuancedegreg-blip/Sumup-images/main/images_v6/LM-94885814.jpg
LM-94885826,recovered,bing,https://www.shutterstock.com/image-vector/seamless-pattern-cartoon-cute-avocado-260nw-2174862429.jpg,https://www.shutterstock.com/zh-Hant/image-vector/hand-drawing-cartoon-cute-kawaii-sticker-2369521047,https://raw.githubusercontent.com/nuancedegreg-blip/Sumup-images/main/images_v6/LM-94885826.jpg
LM-94885855,recovered,bing,https://fbi.cults3d.com/uploaders/24444230/illustration-file/1e62c649-bc86-480d-9fb9-0d2549dce1b1/Trofeo_CopaFemenina3.png,https://cults3d.com/en/3d-model/various/trofeo-de-la-copa-del-mundo-femenina-fifa-women-s-world-cup-trophy,https://raw.githubusercontent.com/nuancedegreg-blip/Sumup-images/main/images_v6/LM-94885855.jpg
LM-95505440,recovered,bing,https://www.saleshandy.com/blog/wp-content/uploads/2018/03/facebook-ads-manager1.png,https://www.saleshandy.com/blog/facebook-ad-manager-tools/,https://raw.githubusercontent.com/nuancedegreg-blip/Sumup-images/main/images_v6/LM-95505440.jpg
LM-95653209,recovered,bing,https://cdn11.bigcommerce.com/s-bnr350xzri/images/stencil/1280x1280/products/6749/7011/SLPTSHDW1255__28631.1552526622.jpg?c=2&amp;imbypass=on,https://animalia-life.club/qa/pictures/michael-jackson-earth-song-lyrics,https://raw.githubusercontent.com/nuancedegreg-blip/Sumup-images/main/images_v6/LM-95653209.jpg
LM-96149079,recovered,bing,https://cdn.checkle.com/menuPhotos/Pg4ErajQO33WmBY7QUqs/a39eda3b-31ca-4e8b-884e-3bde256f7766_1500x1500,https://www.checkle.com/biz/bobo-kamol-halal-uzbektajik-food-dallas/menu,https://raw.githubusercontent.com/nuancedegreg-blip/Sumup-images/main/images_v6/LM-96149079.jpg
LM-96149080,recovered,bing,https://static.toiimg.com/photo/106069132/temple.jpg?width=748&resize=4,https://timesofindia.indiatimes.com/travel/destinations/the-temple-where-lord-krishnas-heart-still-beats/articleshow/106069131.cms,https://raw.githubusercontent.com/nuancedegreg-blip/Sumup-images/main/images_v6/LM-96149080.jpg
LM-96392952,recovered,bing,https://i.pinimg.com/originals/05/8f/db/058fdbd1b6c3c930b04308b7d14046dd.jpg,https://educationsurvey.steelcase.com/zodiac/armaduras-de-los-caballeros-del-zodiaco.html,https://raw.githubusercontent.com/nuancedegreg-blip/Sumup-images/main/images_v6/LM-96392952.jpg
LM-96548381,recovered,bing,https://lh3.googleusercontent.com/-4sBH9ifau4E/X4ZA2fyYuvI/AAAAAAACESs/PZR9jTtEj_0MaMf40-zDJk_tEdzfHFK9ACLcBGAsYHQ/s1600/1602633937745332-0.png,https://fdp.aau.edu.et/ipa/enigmas-para-resolver-com-resposta.html,https://raw.githubusercontent.com/nuancedegreg-blip/Sumup-images/main/images_v6/LM-96548381.jpg
LM-96553115,recovered,bing,https://media.springernature.com/original/springer-static/image/chp%3A10.1007%2F978-3-319-18624-5_6/MediaObjects/321656_1_En_6_Fig11_HTML.jpg,https://link.springer.com/chapter/10.1007/978-3-319-18624-5_6,https://raw.githubusercontent.com/nuancedegreg-blip/Sumup-images/main/images_v6/LM-96553115.jpg
LM-96553120,recovered,bing,https://assets.maxklug.de/de_maxklug/learning_resource/7000/6494/e91623c9f4a6edcd7219beff.png,https://deutsch-sprache.maxklug.de/zusatzmaterialien/wortarten/pronomen/was-sind-anredepronomen,https://raw.githubusercontent.com/nuancedegreg-blip/Sumup-images/main/images_v6/LM-96553120.jpg
LM-96928833,recovered,bing,https://tecache.cl/wp-content/uploads/2023/09/monica-godoy.jpg,https://tecache.cl/476514/actriz-monica-godoy-deleita-con-nuevas-fotos-a-sus-47-anos/,https://raw.githubusercontent.com/nuancedegreg-blip/Sumup-images/main/images_v6/LM-96928833.jpg
LM-96958372,recovered,bing,https://s3.amazonaws.com/a-us.storyblok.com/f/1005231/f1c7d36b71/image_58.jpg,https://qaqooking.wiki/all/how-to/caribbean-island-beaches,https://raw.githubusercontent.com/nuancedegreg-blip/Sumup-images/main/images_v6/LM-96958372.jpg
LM-96958373,recovered,bing,https://i.ytimg.com/vi/LLpNUqHVam8/maxresdefault.jpg?v=6931e6d1,https://www.youtube.com/@sbt/live,https://raw.githubusercontent.com/nuancedegreg-blip/Sumup-images/main/images_v6/LM-96958373.jpg
LM-96958412,recovered,bing,https://i.pinimg.com/originals/4c/0d/61/4c0d610b1f37c3062dccf7740d4285e7.jpg,https://mx.pinterest.com/pin/unique-industries-curious-george-birthday-party-bags-8-count-walmartcom--839288080558678405/,https://raw.githubusercontent.com/nuancedegreg-blip/Sumup-images/main/images_v6/LM-96958412.jpg
LM-96958413,recovered,bing,https://www.familyhandyman.com/wp-content/uploads/2017/06/6-7.jpg,https://storage.googleapis.com/dnmynqribmhfse/how-to-mud-corner-joints.html,https://raw.githubusercontent.com/nuancedegreg-blip/Sumup-images/main/images_v6/LM-96958413.jpg
LM-96958414,recovered,bing,https://dingo.com.br/wp-content/uploads/2022/04/operacao-icms-normal-sem-substituicao-tributaria-768x378.jpg,https://dingo.com.br/blog/icms-st-o-que-e-como-calcular/,https://raw.githubusercontent.com/nuancedegreg-blip/Sumup-images/main/images_v6/LM-96958414.jpg
LM-96958415,recovered,bing,http://pontodoconhecimento.com/wp-content/uploads/2023/10/1-3.png,https://pontodoconhecimento.com/numeros-romanos/,https://raw.githubusercontent.com/nuancedegreg-blip/Sumup-images/main/images_v6/LM-96958415.jpg
LM-96958426,recovered,bing,https://s.yimg.com/lo/mysterio/api/19cd527da3304880c2a5fc29709e4ccda271140713f89b3332fcd2882e86952a/lightyear_networkapi/resizefill_w960%3Bquality_80%3Bformat_webp/https://media.zenfs.com/en/cbc.ca/c3aeb494414fe91b28af9064b989bde3,https://ca.news.yahoo.com/ndp-leads-first-results-reported-032351959.html,https://raw.githubusercontent.com/nuancedegreg-blip/Sumup-images/main/images_v6/LM-96958426.jpg
LM-97276304,recovered,bing,https://thumbs.dreamstime.com/b/colorful-infographic-showcasing-healthy-habits-such-as-meditation-nutritious-eating-exercise-sleep-promotes-balanced-364514507.jpg,https://www.dreamstime.com/colorful-infographic-showcasing-healthy-habits-such-as-meditation-nutritious-eating-exercise-sleep-promotes-balanced-image364514507,https://raw.githubusercontent.com/nuancedegreg-blip/Sumup-images/main/images_v6/LM-97276304.jpg
LM-97667945,recovered,bing,https://i.ytimg.com/vi/nO59joRbzOY/maxresdefault.jpg,https://www.youtube.com/watch?v=nO59joRbzOY,https://raw.githubusercontent.com/nuancedegreg-blip/Sumup-images/main/images_v6/LM-97667945.jpg
LM-98220538,recovered,bing,https://nypost.com/wp-content/uploads/sites/2/2025/06/Ilia-Topuria.jpg?quality=75&strip=all,https://nypost.com/2026/05/11/sports/ilia-topuria-living-american-dream-as-ufc-white-house-headliner/,https://raw.githubusercontent.com/nuancedegreg-blip/Sumup-images/main/images_v6/LM-98220538.jpg
LM-99394707,recovered,bing,https://es.web.img3.acsta.net/img/39/78/39783f89caf615bab1b7d569daf1aa1d.jpg,https://www.sensacine.com/peliculas/pelicula-276608/,https://raw.githubusercontent.com/nuancedegreg-blip/Sumup-images/main/images_v6/LM-99394707.jpg
